2025-08-10 07:59:09,449 - INFO - Starting collection from pages 1 to 111
2025-08-10 07:59:09,449 - INFO - Processing page 1
2025-08-10 07:59:10,645 - INFO - Found 21 shows on page 1
2025-08-10 07:59:10,645 - INFO - Collecting details for show 1/21: Big Nig's House (12/4/1965)
2025-08-10 07:59:12,124 - INFO - Collecting details for show 2/21: Fillmore Auditorium (12/10/1965)
2025-08-10 07:59:14,085 - INFO - Collecting details for show 3/21: The Big Beat (12/11/1965)
2025-08-10 07:59:16,158 - INFO - Collecting details for show 4/21: Muir Beach Lodge (12/18/1965)
2025-08-10 07:59:18,153 - INFO - Collecting details for show 5/21: The Matrix (1/7/1966)
2025-08-10 07:59:20,187 - INFO - Progress: 5/21 shows processed. Rate: 0.5/min
2025-08-10 07:59:20,188 - INFO - Collecting details for show 6/21: Fillmore Auditorium (1/8/1966)
2025-08-10 07:59:22,061 - INFO - Collecting details for show 7/21: The Matrix (1/13/1966)
2025-08-10 07:59:24,075 - INFO - Collecting details for show 8/21: Fillmore Auditorium (1/14/1966)
2025-08-10 07:59:26,280 - INFO - Collecting details for show 9/21: The Matrix (1/15/1966)
2025-08-10 07:59:28,169 - INFO - Collecting details for show 10/21: The Matrix (1/16/1966)
2025-08-10 07:59:30,142 - INFO - Progress: 10/21 shows processed. Rate: 0.5/min
2025-08-10 07:59:30,142 - INFO - Collecting details for show 11/21: Longshoreman's Hall (1/22/1966)
2025-08-10 07:59:32,180 - INFO - Collecting details for show 12/21: Longshoreman's Hall (1/23/1966)
2025-08-10 07:59:34,124 - INFO - Collecting details for show 13/21: The Matrix (1/28/1966)
2025-08-10 07:59:36,144 - INFO - Collecting details for show 14/21: The Matrix (1/29/1966)
2025-08-10 07:59:38,092 - INFO - Collecting details for show 15/21: Sound City Acid Test (1/29/1966)
2025-08-10 07:59:40,109 - INFO - Progress: 15/21 shows processed. Rate: 0.5/min
2025-08-10 07:59:40,110 - INFO - Collecting details for show 16/21: Northridge Unitarian Church (2/6/1966)
2025-08-10 07:59:42,140 - INFO - Collecting details for show 17/21: Youth Opportunities Center (2/12/1966)
2025-08-10 07:59:44,056 - INFO - Collecting details for show 18/21: Ivar Theater (2/25/1966)
2025-08-10 07:59:46,116 - INFO - Collecting details for show 19/21: Cinema Theatre (2/25/1966)
2025-08-10 07:59:48,156 - INFO - Collecting details for show 20/21: A.I.A.A. Hall (3/3/1966)
2025-08-10 07:59:50,220 - INFO - Progress: 20/21 shows processed. Rate: 0.5/min
2025-08-10 07:59:50,221 - INFO - Collecting details for show 21/21: Danish Center (3/12/1966)
2025-08-10 07:59:52,250 - INFO - Page 1 complete: 21 shows collected
2025-08-10 07:59:52,250 - INFO - Processing page 2
2025-08-10 07:59:54,337 - INFO - Found 21 shows on page 2
2025-08-10 07:59:54,338 - INFO - Collecting details for show 1/21: Carthay Studios (3/19/1966)
2025-08-10 07:59:56,008 - INFO - Collecting details for show 2/21: Trouper's Club (3/25/1966)
2025-08-10 07:59:58,109 - INFO - Collecting details for show 3/21: Longshoreman's Hall (4/22/1966)
2025-08-10 08:00:00,144 - INFO - Collecting details for show 4/21: Longshoreman's Hall (4/23/1966)
2025-08-10 08:00:03,138 - INFO - Collecting details for show 5/21: Longshoreman's Hall (4/24/1966)
2025-08-10 08:00:04,530 - INFO - Progress: 5/21 shows processed. Rate: 0.5/min
2025-08-10 08:00:04,530 - INFO - Collecting details for show 6/21: Harmon Gym, U. of California (5/7/1966)
2025-08-10 08:00:05,651 - INFO - Collecting details for show 7/21: Veterans Memorial Hall (5/14/1966)
2025-08-10 08:00:08,072 - INFO - Collecting details for show 8/21: Avalon Ballroom (5/19/1966)
2025-08-10 08:00:10,204 - INFO - Collecting details for show 9/21: Rancho Olompali (5/22/1966)
2025-08-10 08:00:12,234 - INFO - Collecting details for show 10/21: Avalon Ballroom (5/27/1966)
2025-08-10 08:00:14,072 - INFO - Progress: 10/21 shows processed. Rate: 0.5/min
2025-08-10 08:00:14,072 - INFO - Collecting details for show 11/21: Avalon Ballroom (5/28/1966)
2025-08-10 08:00:16,182 - INFO - Collecting details for show 12/21: California Hall (5/29/1966)
2025-08-10 08:00:18,140 - INFO - Collecting details for show 13/21: Fillmore Auditorium (6/3/1966)
2025-08-10 08:00:20,105 - INFO - Collecting details for show 14/21: Fillmore Auditorium (6/4/1966)
2025-08-10 08:00:22,378 - INFO - Collecting details for show 15/21: Avalon Ballroom (6/10/1966)
2025-08-10 08:00:24,253 - INFO - Progress: 15/21 shows processed. Rate: 0.5/min
2025-08-10 08:00:24,254 - INFO - Collecting details for show 16/21: Avalon Ballroom (6/11/1966)
2025-08-10 08:00:25,685 - INFO - Collecting details for show 17/21: Veterans Memorial Hall (6/17/1966)
2025-08-10 08:00:28,132 - INFO - Collecting details for show 18/21: Veterans Memorial Hall (6/18/1966)
2025-08-10 08:00:30,134 - INFO - Collecting details for show 19/21: Fillmore Auditorium (7/3/1966)
2025-08-10 08:00:32,091 - INFO - Collecting details for show 20/21: Santa Venetia Armory (7/8/1966)
2025-08-10 08:00:34,108 - INFO - Progress: 20/21 shows processed. Rate: 0.5/min
2025-08-10 08:00:34,109 - INFO - Collecting details for show 21/21: Santa Venetia Armory (7/9/1966)
2025-08-10 08:00:36,104 - INFO - Page 2 complete: 21 shows collected
2025-08-10 08:00:36,104 - INFO - Processing page 3
2025-08-10 08:00:38,449 - INFO - Found 21 shows on page 3
2025-08-10 08:00:38,449 - INFO - Collecting details for show 1/21: Fillmore Auditorium (7/14/1966)
2025-08-10 08:00:40,136 - INFO - Collecting details for show 2/21: Fillmore Auditorium (7/15/1966)
2025-08-10 08:00:42,549 - INFO - Collecting details for show 3/21: Fillmore Auditorium (7/16/1966)
2025-08-10 08:00:44,479 - INFO - Collecting details for show 4/21: Fillmore Auditorium (7/17/1966)
2025-08-10 08:00:46,383 - INFO - Collecting details for show 5/21: P.N.E. Garden Auditorium (7/29/1966)
2025-08-10 08:00:48,127 - INFO - Progress: 5/21 shows processed. Rate: 0.5/min
2025-08-10 08:00:48,127 - INFO - Collecting details for show 6/21: P.N.E. Garden Auditorium (7/30/1966)
2025-08-10 08:00:49,706 - INFO - Collecting details for show 7/21: P.N.E. Garden Auditorium (7/31/1966)
2025-08-10 08:00:52,125 - INFO - Collecting details for show 8/21: Stanley Park (8/5/1966)
2025-08-10 08:00:53,709 - INFO - Collecting details for show 9/21: Pender Auditorium (8/5/1966)
2025-08-10 08:00:56,200 - INFO - Collecting details for show 10/21: Fillmore Auditorium (8/12/1966)
2025-08-10 08:00:58,205 - INFO - Progress: 10/21 shows processed. Rate: 0.5/min
2025-08-10 08:00:58,205 - INFO - Collecting details for show 11/21: Fillmore Auditorium (8/13/1966)
2025-08-10 08:01:00,125 - INFO - Collecting details for show 12/21: Avalon Ballroom (8/19/1966)
2025-08-10 08:01:02,371 - INFO - Collecting details for show 13/21: Avalon Ballroom (8/20/1966)
2025-08-10 08:01:04,103 - INFO - Collecting details for show 14/21: I.D.B.S. Hall (8/26/1966)
2025-08-10 08:01:06,338 - INFO - Collecting details for show 15/21: I.D.B.S. Hall (8/27/1966)
2025-08-10 08:01:08,130 - INFO - Progress: 15/21 shows processed. Rate: 0.5/min
2025-08-10 08:01:08,131 - INFO - Collecting details for show 16/21: I.D.B.S. Hall (8/28/1966)
2025-08-10 08:01:10,190 - INFO - Collecting details for show 17/21: La Dolphine (9/2/1966)
2025-08-10 08:01:12,202 - INFO - Collecting details for show 18/21: Fillmore Auditorium (9/4/1966)
2025-08-10 08:01:14,190 - INFO - Collecting details for show 19/21: Rancho Olompali (9/5/1966)
2025-08-10 08:01:16,151 - INFO - Collecting details for show 20/21: Fillmore Auditorium (9/11/1966)
2025-08-10 08:01:18,041 - INFO - Progress: 20/21 shows processed. Rate: 0.5/min
2025-08-10 08:01:18,041 - INFO - Collecting details for show 21/21: Avalon Ballroom (9/16/1966)
2025-08-10 08:01:20,178 - INFO - Page 3 complete: 21 shows collected
2025-08-10 08:01:20,179 - INFO - Processing page 4
2025-08-10 08:01:22,506 - INFO - Found 21 shows on page 4
2025-08-10 08:01:22,506 - INFO - Collecting details for show 1/21: Avalon Ballroom (9/17/1966)
2025-08-10 08:01:24,108 - INFO - Collecting details for show 2/21: Pioneer Ballroom (9/23/1966)
2025-08-10 08:01:26,187 - INFO - Collecting details for show 3/21: Pioneer Ballroom (9/24/1966)
2025-08-10 08:01:28,417 - INFO - Collecting details for show 4/21: Commons, S.F. State College (10/2/1966)
2025-08-10 08:01:29,692 - INFO - Collecting details for show 5/21: Golden Gate Park (10/6/1966)
2025-08-10 08:01:32,102 - INFO - Progress: 5/21 shows processed. Rate: 0.5/min
2025-08-10 08:01:32,102 - INFO - Collecting details for show 6/21: Fillmore Auditorium (10/7/1966)
2025-08-10 08:01:34,205 - INFO - Collecting details for show 7/21: Mt. Tamalpais Amphitheatre (10/8/1966)
2025-08-10 08:01:36,345 - INFO - Collecting details for show 8/21: Fillmore Auditorium (10/8/1966)
2025-08-10 08:01:38,156 - INFO - Collecting details for show 9/21: Fillmore Auditorium (10/9/1966)
2025-08-10 08:01:40,097 - INFO - Collecting details for show 10/21: El Camino Park (10/14/1966)
2025-08-10 08:01:42,167 - INFO - Progress: 10/21 shows processed. Rate: 0.5/min
2025-08-10 08:01:42,167 - INFO - Collecting details for show 11/21: The Heliport (10/15/1966)
2025-08-10 08:01:44,044 - INFO - Collecting details for show 12/21: Golden Gate Park (10/16/1966)
2025-08-10 08:01:46,166 - INFO - Collecting details for show 13/21: Fillmore Auditorium (10/21/1966)
2025-08-10 08:01:48,153 - INFO - Collecting details for show 14/21: Fillmore Auditorium (10/22/1966)
2025-08-10 08:01:50,149 - INFO - Collecting details for show 15/21: Las Lomas High School (10/23/1966)
2025-08-10 08:01:52,164 - INFO - Progress: 15/21 shows processed. Rate: 0.5/min
2025-08-10 08:01:52,165 - INFO - Collecting details for show 16/21: The North Face Ski Shop (10/26/1966)
2025-08-10 08:01:54,161 - INFO - Collecting details for show 17/21: California Hall (10/31/1966)
2025-08-10 08:01:55,697 - INFO - Collecting details for show 18/21: Avalon Ballroom (11/4/1966)
2025-08-10 08:01:58,102 - INFO - Collecting details for show 19/21: Avalon Ballroom (11/5/1966)
2025-08-10 08:01:59,652 - INFO - Collecting details for show 20/21: Fillmore Auditorium (11/9/1966)
2025-08-10 08:02:02,598 - INFO - Progress: 20/21 shows processed. Rate: 0.5/min
2025-08-10 08:02:02,599 - INFO - Collecting details for show 21/21: The Old Cheese Factory (11/12/1966)
2025-08-10 08:02:04,331 - INFO - Page 4 complete: 21 shows collected
2025-08-10 08:02:04,331 - INFO - Processing page 5
2025-08-10 08:02:06,411 - INFO - Found 21 shows on page 5
2025-08-10 08:02:06,411 - INFO - Collecting details for show 1/21: Avalon Ballroom (11/13/1966)
2025-08-10 08:02:08,294 - INFO - Collecting details for show 2/21: Fillmore Auditorium (11/18/1966)
2025-08-10 08:02:10,175 - INFO - Collecting details for show 3/21: Fillmore Auditorium (11/19/1966)
2025-08-10 08:02:12,137 - INFO - Collecting details for show 4/21: Fillmore Auditorium (11/20/1966)
2025-08-10 08:02:14,096 - INFO - Collecting details for show 5/21: Fillmore Auditorium (11/27/1966)
2025-08-10 08:02:16,081 - INFO - Progress: 5/21 shows processed. Rate: 0.5/min
2025-08-10 08:02:16,081 - INFO - Collecting details for show 6/21: The Matrix (11/28/1966)
2025-08-10 08:02:18,184 - INFO - Collecting details for show 7/21: The Matrix (11/29/1966)
2025-08-10 08:02:20,200 - INFO - Collecting details for show 8/21: The Matrix (11/30/1966)
2025-08-10 08:02:22,525 - INFO - Collecting details for show 9/21: The Matrix (12/1/1966)
2025-08-10 08:02:24,143 - INFO - Collecting details for show 10/21: Pauley Ballroom, U. of California (12/2/1966)
2025-08-10 08:02:26,218 - INFO - Progress: 10/21 shows processed. Rate: 0.5/min
2025-08-10 08:02:26,219 - INFO - Collecting details for show 11/21: Fillmore Auditorium (12/9/1966)
2025-08-10 08:02:28,246 - INFO - Collecting details for show 12/21: Fillmore Auditorium (12/10/1966)
2025-08-10 08:02:30,239 - INFO - Collecting details for show 13/21: Fillmore Auditorium (12/11/1966)
2025-08-10 08:02:32,342 - INFO - Collecting details for show 14/21: Fillmore Auditorium (12/20/1966)
2025-08-10 08:02:34,225 - INFO - Collecting details for show 15/21: Continental Ballroom (12/21/1966)
2025-08-10 08:02:36,240 - INFO - Progress: 15/21 shows processed. Rate: 0.5/min
2025-08-10 08:02:36,240 - INFO - Collecting details for show 16/21: Avalon Ballroom (12/23/1966)
2025-08-10 08:02:38,034 - INFO - Collecting details for show 17/21: Avalon Ballroom (12/24/1966)
2025-08-10 08:02:40,057 - INFO - Collecting details for show 18/21: Governor's Hall (12/28/1966)
2025-08-10 08:02:42,135 - INFO - Collecting details for show 19/21: Santa Venetia Armory (12/29/1966)
2025-08-10 08:02:44,239 - INFO - Collecting details for show 20/21: Fillmore Auditorium (12/30/1966)
2025-08-10 08:02:46,222 - INFO - Progress: 20/21 shows processed. Rate: 0.5/min
2025-08-10 08:02:46,223 - INFO - Collecting details for show 21/21: Fillmore Auditorium (12/31/1966)
2025-08-10 08:02:48,107 - INFO - Page 5 complete: 21 shows collected
2025-08-10 08:02:48,107 - INFO - Processing page 6
2025-08-10 08:02:50,441 - INFO - Found 21 shows on page 6
2025-08-10 08:02:50,442 - INFO - Collecting details for show 1/21: Panhandle, Golden Gate Park (1/1/1967)
2025-08-10 08:02:52,153 - INFO - Collecting details for show 2/21: Freeborn Hall, U. of California (1/6/1967)
2025-08-10 08:02:54,087 - INFO - Collecting details for show 3/21: Berkeley Community Theater (1/13/1967)
2025-08-10 08:02:56,156 - INFO - Collecting details for show 4/21: Fillmore Auditorium (1/13/1967)
2025-08-10 08:02:58,202 - INFO - Collecting details for show 5/21: Polo Field, Golden Gate Park (1/14/1967)
2025-08-10 08:03:00,093 - INFO - Progress: 5/21 shows processed. Rate: 0.5/min
2025-08-10 08:03:00,094 - INFO - Collecting details for show 6/21: Fillmore Auditorium (1/14/1967)
2025-08-10 08:03:02,294 - INFO - Collecting details for show 7/21: Fillmore Auditorium (1/15/1967)
2025-08-10 08:03:04,242 - INFO - Collecting details for show 8/21: Santa Monica Civic Auditorium (1/20/1967)
2025-08-10 08:03:06,228 - INFO - Collecting details for show 9/21: Avalon Ballroom (1/27/1967)
2025-08-10 08:03:08,235 - INFO - Collecting details for show 10/21: Avalon Ballroom (1/28/1967)
2025-08-10 08:03:10,174 - INFO - Progress: 10/21 shows processed. Rate: 0.5/min
2025-08-10 08:03:10,175 - INFO - Collecting details for show 11/21: Avalon Ballroom (1/29/1967)
2025-08-10 08:03:12,322 - INFO - Collecting details for show 12/21: Santa Venetia Armory (2/10/1967)
2025-08-10 08:03:13,688 - INFO - Collecting details for show 13/21: Fillmore Auditorium (2/12/1967)
2025-08-10 08:03:16,194 - INFO - Collecting details for show 14/21: Fillmore Auditorium (2/24/1967)
2025-08-10 08:03:18,101 - INFO - Collecting details for show 15/21: Fillmore Auditorium (2/25/1967)
2025-08-10 08:03:20,162 - INFO - Progress: 15/21 shows processed. Rate: 0.5/min
2025-08-10 08:03:20,162 - INFO - Collecting details for show 16/21: Fillmore Auditorium (2/26/1967)
2025-08-10 08:03:22,271 - INFO - Collecting details for show 17/21: Winterland Arena (3/3/1967)
2025-08-10 08:03:24,160 - INFO - Collecting details for show 18/21: Avalon Ballroom (3/5/1967)
2025-08-10 08:03:26,090 - INFO - Collecting details for show 19/21: Whiskey-A-Go-Go (3/10/1967)
2025-08-10 08:03:28,167 - INFO - Collecting details for show 20/21: Whiskey-A-Go-Go (3/11/1967)
2025-08-10 08:03:30,081 - INFO - Progress: 20/21 shows processed. Rate: 0.5/min
2025-08-10 08:03:30,081 - INFO - Collecting details for show 21/21: Whiskey-A-Go-Go (3/12/1967)
2025-08-10 08:03:32,216 - INFO - Page 6 complete: 21 shows collected
2025-08-10 08:03:32,216 - INFO - Processing page 7
2025-08-10 08:03:34,486 - INFO - Found 21 shows on page 7
2025-08-10 08:03:34,486 - INFO - Collecting details for show 1/21: Whiskey-A-Go-Go (3/14/1967)
2025-08-10 08:03:36,089 - INFO - Collecting details for show 2/21: Whiskey-A-Go-Go (3/15/1967)
2025-08-10 08:03:38,059 - INFO - Collecting details for show 3/21: Winterland Arena (3/17/1967)
2025-08-10 08:03:40,161 - INFO - Collecting details for show 4/21: Winterland Arena (3/18/1967)
2025-08-10 08:03:42,151 - INFO - Collecting details for show 5/21: Fillmore Auditorium (3/19/1967)
2025-08-10 08:03:44,033 - INFO - Progress: 5/21 shows processed. Rate: 0.5/min
2025-08-10 08:03:44,033 - INFO - Collecting details for show 6/21: Fugazi Hall (3/20/1967)
2025-08-10 08:03:46,205 - INFO - Collecting details for show 7/21: Avalon Ballroom (3/24/1967)
2025-08-10 08:03:48,314 - INFO - Collecting details for show 8/21: Avalon Ballroom (3/25/1967)
2025-08-10 08:03:50,152 - INFO - Collecting details for show 9/21: Avalon Ballroom (3/26/1967)
2025-08-10 08:03:52,273 - INFO - Collecting details for show 10/21: The Rock Garden (3/28/1967)
2025-08-10 08:03:54,121 - INFO - Progress: 10/21 shows processed. Rate: 0.5/min
2025-08-10 08:03:54,122 - INFO - Collecting details for show 11/21: The Rock Garden (3/29/1967)
2025-08-10 08:03:56,224 - INFO - Collecting details for show 12/21: The Rock Garden (3/30/1967)
2025-08-10 08:03:58,109 - INFO - Collecting details for show 13/21: The Rock Garden (3/31/1967)
2025-08-10 08:04:00,077 - INFO - Collecting details for show 14/21: The Rock Garden (4/1/1967)
2025-08-10 08:04:02,276 - INFO - Collecting details for show 15/21: The Rock Garden (4/2/1967)
2025-08-10 08:04:04,123 - INFO - Progress: 15/21 shows processed. Rate: 0.5/min
2025-08-10 08:04:04,123 - INFO - Collecting details for show 16/21: Panhandle, Golden Gate Park (4/9/1967)
2025-08-10 08:04:06,476 - INFO - Collecting details for show 17/21: Longshoreman's Hall (4/9/1967)
2025-08-10 08:04:08,720 - INFO - Collecting details for show 18/21: Fillmore Auditorium (4/12/1967)
2025-08-10 08:04:10,098 - INFO - Collecting details for show 19/21: Kaleidoscope (4/14/1967)
2025-08-10 08:04:12,104 - INFO - Collecting details for show 20/21: Kaleidoscope (4/15/1967)
2025-08-10 08:04:14,394 - INFO - Progress: 20/21 shows processed. Rate: 0.5/min
2025-08-10 08:04:14,395 - INFO - Collecting details for show 21/21: Kaleidoscope (4/16/1967)
2025-08-10 08:04:16,107 - INFO - Page 7 complete: 21 shows collected
2025-08-10 08:04:16,107 - INFO - Processing page 8
2025-08-10 08:04:18,470 - INFO - Found 21 shows on page 8
2025-08-10 08:04:18,471 - INFO - Collecting details for show 1/21: Banana Grove Ambassador Hotel (4/17/1967)
2025-08-10 08:04:20,272 - INFO - Collecting details for show 2/21: Stockton Ballroom (4/28/1967)
2025-08-10 08:04:21,697 - INFO - Collecting details for show 3/21: Earl Warren Showgrounds (4/29/1967)
2025-08-10 08:04:24,124 - INFO - Collecting details for show 4/21: The Cheetah (4/30/1967  								  									 | Early Show)
2025-08-10 08:04:26,170 - INFO - Collecting details for show 5/21: The Cheetah (4/30/1967  								  									 | Late Show)
2025-08-10 08:04:28,110 - INFO - Progress: 5/21 shows processed. Rate: 0.5/min
2025-08-10 08:04:28,111 - INFO - Collecting details for show 6/21: Fillmore Auditorium (5/5/1967)
2025-08-10 08:04:30,156 - INFO - Collecting details for show 7/21: Fillmore Auditorium (5/6/1967)
2025-08-10 08:04:32,512 - INFO - Collecting details for show 8/21: Marigold Ballroom (5/12/1967)
2025-08-10 08:04:34,240 - INFO - Collecting details for show 9/21: Awalt High School (5/18/1967)
2025-08-10 08:04:36,213 - INFO - Collecting details for show 10/21: Continental Ballroom (5/20/1967)
2025-08-10 08:04:38,142 - INFO - Progress: 10/21 shows processed. Rate: 0.5/min
2025-08-10 08:04:38,142 - INFO - Collecting details for show 11/21: Napa County Fairgrounds (5/29/1967)
2025-08-10 08:04:40,121 - INFO - Collecting details for show 12/21: Winterland Arena (5/30/1967)
2025-08-10 08:04:42,209 - INFO - Collecting details for show 13/21: Tompkins Square Park (6/1/1967)
2025-08-10 08:04:43,693 - INFO - Collecting details for show 14/21: Cafe au Go-Go (6/1/1967)
2025-08-10 08:04:46,153 - INFO - Collecting details for show 15/21: Cafe au Go-Go (6/2/1967)
2025-08-10 08:04:47,733 - INFO - Progress: 15/21 shows processed. Rate: 0.5/min
2025-08-10 08:04:47,734 - INFO - Collecting details for show 16/21: Pritchard Gym, S.U.N.Y. (6/3/1967)
2025-08-10 08:04:50,145 - INFO - Collecting details for show 17/21: Cafe au Go-Go (6/3/1967)
2025-08-10 08:04:52,241 - INFO - Collecting details for show 18/21: Cafe au Go-Go (6/4/1967)
2025-08-10 08:04:54,036 - INFO - Collecting details for show 19/21: Cafe au Go-Go (6/5/1967)
2025-08-10 08:04:56,129 - INFO - Collecting details for show 20/21: Cafe au Go-Go (6/6/1967)
2025-08-10 08:04:58,112 - INFO - Progress: 20/21 shows processed. Rate: 0.5/min
2025-08-10 08:04:58,112 - INFO - Collecting details for show 21/21: Cafe au Go-Go (6/7/1967)
2025-08-10 08:05:00,130 - INFO - Page 8 complete: 21 shows collected
2025-08-10 08:05:00,130 - INFO - Processing page 9
2025-08-10 08:05:03,219 - INFO - Found 21 shows on page 9
2025-08-10 08:05:03,219 - INFO - Collecting details for show 1/21: The Great Lawn, Central Park (6/8/1967)
2025-08-10 08:05:04,488 - INFO - Collecting details for show 2/21: Cafe au Go-Go (6/8/1967)
2025-08-10 08:05:06,309 - INFO - Collecting details for show 3/21: Cafe au Go-Go (6/9/1967)
2025-08-10 08:05:08,047 - INFO - Collecting details for show 4/21: Cafe au Go-Go (6/10/1967)
2025-08-10 08:05:10,112 - INFO - Collecting details for show 5/21: Cafe au Go-Go (6/11/1967)
2025-08-10 08:05:12,114 - INFO - Progress: 5/21 shows processed. Rate: 0.5/min
2025-08-10 08:05:12,115 - INFO - Collecting details for show 6/21: The Cheetah (6/12/1967)
2025-08-10 08:05:14,073 - INFO - Collecting details for show 7/21: Straight Theater (6/15/1967)
2025-08-10 08:05:16,118 - INFO - Collecting details for show 8/21: The Hullabaloo (6/16/1967  								  									 | Early Show)
2025-08-10 08:05:18,299 - INFO - Collecting details for show 9/21: The Hullabaloo (6/16/1967  								  									 | Late Show)
2025-08-10 08:05:20,181 - INFO - Collecting details for show 10/21: Monterey Fairgrounds (6/18/1967)
2025-08-10 08:05:22,139 - INFO - Progress: 10/21 shows processed. Rate: 0.5/min
2025-08-10 08:05:22,139 - INFO - Collecting details for show 11/21: Polo Field, Golden Gate Park (6/21/1967)
2025-08-10 08:05:24,188 - INFO - Collecting details for show 12/21: Oakland Auditorium Arena (6/28/1967)
2025-08-10 08:05:26,130 - INFO - Collecting details for show 13/21: El Camino Park (7/2/1967)
2025-08-10 08:05:28,134 - INFO - Collecting details for show 14/21: P.N.E. Agradome (7/13/1967)
2025-08-10 08:05:30,135 - INFO - Collecting details for show 15/21: Golden Gardens Beach (7/16/1967)
2025-08-10 08:05:32,216 - INFO - Progress: 15/21 shows processed. Rate: 0.5/min
2025-08-10 08:05:32,217 - INFO - Collecting details for show 16/21: Eagle's Auditorium (7/16/1967)
2025-08-10 08:05:34,509 - INFO - Collecting details for show 17/21: Masonic Temple (7/18/1967)
2025-08-10 08:05:36,161 - INFO - Collecting details for show 18/21: Continental Ballroom (7/21/1967)
2025-08-10 08:05:38,579 - INFO - Collecting details for show 19/21: Continental Ballroom (7/22/1967)
2025-08-10 08:05:40,279 - INFO - Collecting details for show 20/21: Straight Theater (7/23/1967)
2025-08-10 08:05:42,075 - INFO - Progress: 20/21 shows processed. Rate: 0.5/min
2025-08-10 08:05:42,075 - INFO - Collecting details for show 21/21: O'Keefe Center (7/31/1967)
2025-08-10 08:05:44,323 - INFO - Page 9 complete: 21 shows collected
2025-08-10 08:05:44,323 - INFO - Processing page 10
2025-08-10 08:05:46,413 - INFO - Found 21 shows on page 10
2025-08-10 08:05:46,413 - INFO - Collecting details for show 1/21: O'Keefe Center (8/1/1967)
2025-08-10 08:05:48,275 - INFO - Collecting details for show 2/21: O'Keefe Center (8/2/1967  								  									 | Early Show)
2025-08-10 08:05:50,449 - INFO - Collecting details for show 3/21: O'Keefe Center (8/2/1967  								  									 | Late Show)
2025-08-10 08:05:52,121 - INFO - Collecting details for show 4/21: O'Keefe Center (8/3/1967)
2025-08-10 08:05:54,102 - INFO - Collecting details for show 5/21: O'Keefe Center (8/4/1967)
2025-08-10 08:05:56,122 - INFO - Progress: 5/21 shows processed. Rate: 0.5/min
2025-08-10 08:05:56,123 - INFO - Collecting details for show 6/21: O'Keefe Center (8/5/1967  								  									 | Early Show)
2025-08-10 08:05:58,221 - INFO - Collecting details for show 7/21: O'Keefe Center (8/5/1967  								  									 | Late Show)
2025-08-10 08:06:00,135 - INFO - Collecting details for show 8/21: Place Ville Marie (8/6/1967)
2025-08-10 08:06:02,264 - INFO - Collecting details for show 9/21: Youth Pavillion, Expo '67 (8/6/1967)
2025-08-10 08:06:04,178 - INFO - Collecting details for show 10/21: Chelsea Hotel Roof (8/10/1967)
2025-08-10 08:06:05,714 - INFO - Progress: 10/21 shows processed. Rate: 0.5/min
2025-08-10 08:06:05,715 - INFO - Collecting details for show 11/21: Grande Ballroom (8/11/1967)
2025-08-10 08:06:08,113 - INFO - Collecting details for show 12/21: Grande Ballroom (8/12/1967)
2025-08-10 08:06:10,132 - INFO - Collecting details for show 13/21: West Park (8/13/1967)
2025-08-10 08:06:12,119 - INFO - Collecting details for show 14/21: American Legion Hall, South Shore (8/19/1967)
2025-08-10 08:06:14,193 - INFO - Collecting details for show 15/21: King's Beach Bowl (8/25/1967)
2025-08-10 08:06:16,120 - INFO - Progress: 15/21 shows processed. Rate: 0.5/min
2025-08-10 08:06:16,121 - INFO - Collecting details for show 16/21: King's Beach Bowl (8/26/1967)
2025-08-10 08:06:18,156 - INFO - Collecting details for show 17/21: Lindley Meadows, Golden Gate Park (8/28/1967)
2025-08-10 08:06:20,212 - INFO - Collecting details for show 18/21: Dance Hall (9/3/1967)
2025-08-10 08:06:22,160 - INFO - Collecting details for show 19/21: Dance Hall (9/4/1967)
2025-08-10 08:06:23,686 - INFO - Collecting details for show 20/21: Eagle's Auditorium (9/8/1967)
2025-08-10 08:06:26,099 - INFO - Progress: 20/21 shows processed. Rate: 0.5/min
2025-08-10 08:06:26,099 - INFO - Collecting details for show 21/21: Volunteer Park (9/9/1967)
2025-08-10 08:06:28,140 - INFO - Page 10 complete: 21 shows collected
2025-08-10 08:06:28,141 - INFO - Processing page 11
2025-08-10 08:06:30,762 - INFO - Found 21 shows on page 11
2025-08-10 08:06:30,762 - INFO - Collecting details for show 1/21: Eagle's Auditorium (9/9/1967)
2025-08-10 08:06:32,353 - INFO - Collecting details for show 2/21: Hollywood Bowl (9/15/1967)
2025-08-10 08:06:34,219 - INFO - Collecting details for show 3/21: Family Dog (9/22/1967)
2025-08-10 08:06:36,155 - INFO - Collecting details for show 4/21: Family Dog (9/23/1967)
2025-08-10 08:06:38,184 - INFO - Collecting details for show 5/21: City Park (9/24/1967)
2025-08-10 08:06:40,292 - INFO - Progress: 5/21 shows processed. Rate: 0.5/min
2025-08-10 08:06:40,293 - INFO - Collecting details for show 6/21: Straight Theater (9/29/1967)
2025-08-10 08:06:42,240 - INFO - Collecting details for show 7/21: Straight Theater (9/30/1967)
2025-08-10 08:06:44,133 - INFO - Collecting details for show 8/21: Greek Theatre (10/1/1967)
2025-08-10 08:06:46,174 - INFO - Collecting details for show 9/21: Continental Ballroom (10/14/1967)
2025-08-10 08:06:48,251 - INFO - Collecting details for show 10/21: Winterland Arena (10/22/1967)
2025-08-10 08:06:50,126 - INFO - Progress: 10/21 shows processed. Rate: 0.5/min
2025-08-10 08:06:50,127 - INFO - Collecting details for show 11/21: Winterland Arena (10/31/1967)
2025-08-10 08:06:52,166 - INFO - Collecting details for show 12/21: Shrine Exposition Hall (11/10/1967)
2025-08-10 08:06:54,122 - INFO - Collecting details for show 13/21: Shrine Exposition Hall (11/11/1967)
2025-08-10 08:06:56,078 - INFO - Collecting details for show 14/21: Winterland Arena (11/12/1967)
2025-08-10 08:06:58,149 - INFO - Collecting details for show 15/21: Psychedelic Supermarket (12/8/1967)
2025-08-10 08:07:00,148 - INFO - Progress: 15/21 shows processed. Rate: 0.5/min
2025-08-10 08:07:00,148 - INFO - Collecting details for show 16/21: Psychedelic Supermarket (12/9/1967)
2025-08-10 08:07:02,158 - INFO - Collecting details for show 17/21: Palm Gardens (12/22/1967)
2025-08-10 08:07:04,153 - INFO - Collecting details for show 18/21: Palm Gardens (12/23/1967)
2025-08-10 08:07:05,739 - INFO - Collecting details for show 19/21: Palm Gardens (12/24/1967)
2025-08-10 08:07:08,136 - INFO - Collecting details for show 20/21: Village Theater (12/26/1967)
2025-08-10 08:07:10,127 - INFO - Progress: 20/21 shows processed. Rate: 0.5/min
2025-08-10 08:07:10,128 - INFO - Collecting details for show 21/21: Village Theater (12/27/1967)
2025-08-10 08:07:12,227 - INFO - Page 11 complete: 21 shows collected
2025-08-10 08:07:12,227 - INFO - Processing page 12
2025-08-10 08:07:14,448 - INFO - Found 21 shows on page 12
2025-08-10 08:07:14,448 - INFO - Collecting details for show 1/21: Psychedelic Supermarket (12/29/1967)
2025-08-10 08:07:16,100 - INFO - Collecting details for show 2/21: Psychedelic Supermarket (12/30/1967)
2025-08-10 08:07:18,095 - INFO - Collecting details for show 3/21: Carousel Ballroom (1/17/1968)
2025-08-10 08:07:20,140 - INFO - Collecting details for show 4/21: Eureka Municipal Auditorium (1/20/1968)
2025-08-10 08:07:22,091 - INFO - Collecting details for show 5/21: Eagle's Auditorium (1/26/1968)
2025-08-10 08:07:24,117 - INFO - Progress: 5/21 shows processed. Rate: 0.5/min
2025-08-10 08:07:24,118 - INFO - Collecting details for show 6/21: Eagle's Auditorium (1/27/1968)
2025-08-10 08:07:26,134 - INFO - Collecting details for show 7/21: Portland State College (1/29/1968)
2025-08-10 08:07:28,173 - INFO - Collecting details for show 8/21: EMU Ballroom, U. of Oregon (1/30/1968)
2025-08-10 08:07:30,121 - INFO - Collecting details for show 9/21: Crystal Ballroom (2/2/1968)
2025-08-10 08:07:32,207 - INFO - Collecting details for show 10/21: Crystal Ballroom (2/3/1968)
2025-08-10 08:07:34,132 - INFO - Progress: 10/21 shows processed. Rate: 0.5/min
2025-08-10 08:07:34,132 - INFO - Collecting details for show 11/21: Gym, South Oregon College (2/4/1968)
2025-08-10 08:07:36,118 - INFO - Collecting details for show 12/21: Carousel Ballroom (2/14/1968)
2025-08-10 08:07:37,681 - INFO - Collecting details for show 13/21: Selland Arena (2/17/1968)
2025-08-10 08:07:40,289 - INFO - Collecting details for show 14/21: King's Beach Bowl (2/22/1968)
2025-08-10 08:07:42,252 - INFO - Collecting details for show 15/21: King's Beach Bowl (2/23/1968)
2025-08-10 08:07:44,189 - INFO - Progress: 15/21 shows processed. Rate: 0.5/min
2025-08-10 08:07:44,190 - INFO - Collecting details for show 16/21: King's Beach Bowl (2/24/1968)
2025-08-10 08:07:45,725 - INFO - Collecting details for show 17/21: Haight Street (3/3/1968)
2025-08-10 08:07:48,124 - INFO - Collecting details for show 18/21: MelodyLand Theater (3/8/1968)
2025-08-10 08:07:49,720 - INFO - Collecting details for show 19/21: MelodyLand Theater (3/9/1968  								  									 | Early Show)
2025-08-10 08:07:52,200 - INFO - Collecting details for show 20/21: MelodyLand Theater (3/9/1968  								  									 | Late Show)
2025-08-10 08:07:54,109 - INFO - Progress: 20/21 shows processed. Rate: 0.5/min
2025-08-10 08:07:54,109 - INFO - Collecting details for show 21/21: Sacramento Memorial Auditorium (3/11/1968)
2025-08-10 08:07:56,133 - INFO - Page 12 complete: 21 shows collected
2025-08-10 08:07:56,133 - INFO - Processing page 13
2025-08-10 08:07:58,294 - INFO - Found 21 shows on page 13
2025-08-10 08:07:58,294 - INFO - Collecting details for show 1/21: Carousel Ballroom (3/15/1968)
2025-08-10 08:08:00,107 - INFO - Collecting details for show 2/21: Carousel Ballroom (3/16/1968)
2025-08-10 08:08:01,733 - INFO - Collecting details for show 3/21: Carousel Ballroom (3/17/1968)
2025-08-10 08:08:04,142 - WARNING - Got 500 but response contains HTML, attempting to parse: https://jerrygarcia.com/show/1968-03-17-carousel-ballroom-san-francisco-ca-usa/
2025-08-10 08:08:04,189 - INFO - ✅ Successfully parsed show data despite 500 error: https://jerrygarcia.com/show/1968-03-17-carousel-ballroom-san-francisco-ca-usa/
2025-08-10 08:08:04,194 - INFO - Collecting details for show 4/21: Avalon Ballroom (3/20/1968)
2025-08-10 08:08:06,151 - INFO - Collecting details for show 5/21: State Fair Coliseum (3/22/1968)
2025-08-10 08:08:08,162 - INFO - Progress: 5/21 shows processed. Rate: 0.5/min
2025-08-10 08:08:08,163 - INFO - Collecting details for show 6/21: Carousel Ballroom (3/29/1968)
2025-08-10 08:08:10,157 - INFO - Collecting details for show 7/21: Carousel Ballroom (3/30/1968)
2025-08-10 08:08:12,108 - INFO - Collecting details for show 8/21: Carousel Ballroom (3/31/1968)
2025-08-10 08:08:14,158 - INFO - Collecting details for show 9/21: Winterland Arena (4/3/1968)
2025-08-10 08:08:16,133 - INFO - Collecting details for show 10/21: Thee Image Club (4/12/1968)
2025-08-10 08:08:18,173 - INFO - Progress: 10/21 shows processed. Rate: 0.5/min
2025-08-10 08:08:18,173 - INFO - Collecting details for show 11/21: Thee Image Club (4/13/1968)
2025-08-10 08:08:20,147 - INFO - Collecting details for show 12/21: Thee Image Club (4/14/1968)
2025-08-10 08:08:22,153 - INFO - Collecting details for show 13/21: Greynolds Park (4/14/1968)
2025-08-10 08:08:24,224 - INFO - Collecting details for show 14/21: Thee Image Club (4/19/1968)
2025-08-10 08:08:26,063 - INFO - Collecting details for show 15/21: Thee Image Club (4/20/1968)
2025-08-10 08:08:28,209 - INFO - Progress: 15/21 shows processed. Rate: 0.5/min
2025-08-10 08:08:28,209 - INFO - Collecting details for show 16/21: Thee Image Club (4/21/1968)
2025-08-10 08:08:30,120 - INFO - Collecting details for show 17/21: Electric Factory (4/26/1968)
2025-08-10 08:08:32,139 - INFO - Collecting details for show 18/21: Electric Factory (4/27/1968)
2025-08-10 08:08:34,123 - INFO - Collecting details for show 19/21: Electric Factory (4/28/1968)
2025-08-10 08:08:36,113 - INFO - Collecting details for show 20/21: Low Library Plaza, Columbia University (5/3/1968)
2025-08-10 08:08:38,068 - INFO - Progress: 20/21 shows processed. Rate: 0.5/min
2025-08-10 08:08:38,068 - INFO - Collecting details for show 21/21: Pritchard Gym, S.U.N.Y. (5/4/1968)
2025-08-10 08:08:40,046 - INFO - Page 13 complete: 21 shows collected
2025-08-10 08:08:40,046 - INFO - Processing page 14
2025-08-10 08:08:42,395 - INFO - Found 21 shows on page 14
2025-08-10 08:08:42,396 - INFO - Collecting details for show 1/21: The Great Lawn, Central Park (5/5/1968)
2025-08-10 08:08:44,175 - INFO - Collecting details for show 2/21: Electric Circus (5/7/1968  								  									 | Early Show)
2025-08-10 08:08:46,217 - INFO - Collecting details for show 3/21: Electric Circus (5/7/1968  								  									 | Late Show)
2025-08-10 08:08:47,703 - INFO - Collecting details for show 4/21: Electric Circus (5/8/1968  								  									 | Early Show)
2025-08-10 08:08:49,721 - INFO - Collecting details for show 5/21: Electric Circus (5/8/1968  								  									 | Late Show)
2025-08-10 08:08:52,078 - INFO - Progress: 5/21 shows processed. Rate: 0.5/min
2025-08-10 08:08:52,078 - INFO - Collecting details for show 6/21: Electric Circus (5/9/1968  								  									 | Early Show)
2025-08-10 08:08:54,317 - INFO - Collecting details for show 7/21: Electric Circus (5/9/1968  								  									 | Late Show)
2025-08-10 08:08:56,180 - INFO - Collecting details for show 8/21: Virginia Beach Civic Center (5/12/1968  								  									 | Early Show)
2025-08-10 08:08:57,913 - INFO - Collecting details for show 9/21: Virginia Beach Civic Center (5/12/1968  								  									 | Late Show)
2025-08-10 08:08:59,861 - INFO - Collecting details for show 10/21: Shrine Exposition Hall (5/17/1968)
2025-08-10 08:09:02,021 - INFO - Progress: 10/21 shows processed. Rate: 0.5/min
2025-08-10 08:09:02,022 - INFO - Collecting details for show 11/21: Santa Clara County Fairgrounds (5/18/1968)
2025-08-10 08:09:04,012 - INFO - Collecting details for show 12/21: Shrine Exposition Hall (5/18/1968)
2025-08-10 08:09:06,402 - INFO - Collecting details for show 13/21: National Guard Armory (5/24/1968)
2025-08-10 08:09:08,342 - INFO - Collecting details for show 14/21: National Guard Armory (5/25/1968)
2025-08-10 08:09:10,187 - INFO - Collecting details for show 15/21: Carousel Ballroom (5/30/1968)
2025-08-10 08:09:12,159 - INFO - Progress: 15/21 shows processed. Rate: 0.5/min
2025-08-10 08:09:12,159 - INFO - Collecting details for show 16/21: Carousel Ballroom (5/31/1968)
2025-08-10 08:09:14,069 - INFO - Collecting details for show 17/21: Panhandle, Golden Gate Park (6/1/1968)
2025-08-10 08:09:15,962 - INFO - Collecting details for show 18/21: Carousel Ballroom (6/1/1968)
2025-08-10 08:09:18,241 - INFO - Collecting details for show 19/21: Carousel Ballroom (6/7/1968)
2025-08-10 08:09:20,190 - INFO - Collecting details for show 20/21: Carousel Ballroom (6/8/1968)
2025-08-10 08:09:22,371 - INFO - Progress: 20/21 shows processed. Rate: 0.5/min
2025-08-10 08:09:22,371 - INFO - Collecting details for show 21/21: Carousel Ballroom (6/9/1968)
2025-08-10 08:09:24,320 - INFO - Page 14 complete: 21 shows collected
2025-08-10 08:09:24,321 - INFO - Processing page 15
2025-08-10 08:09:26,349 - INFO - Found 21 shows on page 15
2025-08-10 08:09:26,349 - INFO - Collecting details for show 1/21: Fillmore East (6/14/1968  								  									 | Early Show)
2025-08-10 08:09:28,203 - INFO - Collecting details for show 2/21: Fillmore East (6/14/1968  								  									 | Late Show)
2025-08-10 08:09:30,239 - INFO - Collecting details for show 3/21: Fillmore East (6/15/1968  								  									 | Early Show)
2025-08-10 08:09:32,197 - INFO - Collecting details for show 4/21: Fillmore East (6/15/1968  								  									 | Late Show)
2025-08-10 08:09:34,552 - INFO - Collecting details for show 5/21: Daytop Village (6/17/1968)
2025-08-10 08:09:36,222 - INFO - Progress: 5/21 shows processed. Rate: 0.5/min
2025-08-10 08:09:36,222 - INFO - Collecting details for show 6/21: Carousel Ballroom (6/19/1968)
2025-08-10 08:09:38,185 - INFO - Collecting details for show 7/21: Phoenix Travelodge Theater (6/22/1968)
2025-08-10 08:09:40,177 - INFO - Collecting details for show 8/21: Shrine Exposition Hall (7/11/1968)
2025-08-10 08:09:41,724 - INFO - Collecting details for show 9/21: King's Beach Bowl (7/12/1968)
2025-08-10 08:09:44,319 - INFO - Collecting details for show 10/21: King's Beach Bowl (7/13/1968)
2025-08-10 08:09:45,758 - INFO - Progress: 10/21 shows processed. Rate: 0.5/min
2025-08-10 08:09:45,758 - INFO - Collecting details for show 11/21: St. Francis Yacht Club (7/14/1968)
2025-08-10 08:09:48,086 - INFO - Collecting details for show 12/21: The Hippodrome (8/2/1968)
2025-08-10 08:09:50,169 - INFO - Collecting details for show 13/21: The Hippodrome (8/3/1968)
2025-08-10 08:09:52,183 - INFO - Collecting details for show 14/21: Orange County Fairgrounds (8/4/1968)
2025-08-10 08:09:53,753 - INFO - Collecting details for show 15/21: Fillmore West (8/20/1968)
2025-08-10 08:09:56,125 - INFO - Progress: 15/21 shows processed. Rate: 0.5/min
2025-08-10 08:09:56,125 - INFO - Collecting details for show 16/21: Fillmore West (8/21/1968)
2025-08-10 08:09:58,143 - INFO - Collecting details for show 17/21: Fillmore West (8/22/1968)
2025-08-10 08:10:00,143 - INFO - Collecting details for show 18/21: Shrine Exposition Hall (8/23/1968)
2025-08-10 08:10:03,102 - INFO - Collecting details for show 19/21: Shrine Exposition Hall (8/24/1968)
2025-08-10 08:10:03,741 - INFO - Collecting details for show 20/21: Avalon Ballroom (8/28/1968)
2025-08-10 08:10:06,152 - INFO - Progress: 20/21 shows processed. Rate: 0.5/min
2025-08-10 08:10:06,152 - INFO - Collecting details for show 21/21: Fillmore West (8/30/1968)
2025-08-10 08:10:08,085 - INFO - Page 15 complete: 21 shows collected
2025-08-10 08:10:08,085 - INFO - Processing page 16
2025-08-10 08:10:10,389 - INFO - Found 21 shows on page 16
2025-08-10 08:10:10,389 - INFO - Collecting details for show 1/21: Fillmore West (8/31/1968)
2025-08-10 08:10:12,165 - INFO - Collecting details for show 2/21: Palace of Fine Arts Theatre (9/1/1968)
2025-08-10 08:10:14,212 - INFO - Collecting details for show 3/21: Fillmore West (9/1/1968)
2025-08-10 08:10:16,166 - INFO - Collecting details for show 4/21: Betty Nelson's Organic Raspberry Farm (9/2/1968)
2025-08-10 08:10:18,114 - INFO - Collecting details for show 5/21: Berkeley Community Theater (9/20/1968)
2025-08-10 08:10:20,157 - INFO - Progress: 5/21 shows processed. Rate: 0.5/min
2025-08-10 08:10:20,158 - INFO - Collecting details for show 6/21: Del Mar Fairgrounds (9/22/1968)
2025-08-10 08:10:22,138 - INFO - Collecting details for show 7/21: Sacramento Memorial Auditorium (10/5/1968)
2025-08-10 08:10:24,125 - INFO - Collecting details for show 8/21: Avalon Ballroom (10/11/1968)
2025-08-10 08:10:26,221 - INFO - Collecting details for show 9/21: Avalon Ballroom (10/12/1968)
2025-08-10 08:10:28,146 - INFO - Collecting details for show 10/21: Avalon Ballroom (10/13/1968)
2025-08-10 08:10:30,269 - INFO - Progress: 10/21 shows processed. Rate: 0.5/min
2025-08-10 08:10:30,270 - INFO - Collecting details for show 11/21: The Bank (10/18/1968)
2025-08-10 08:10:32,237 - INFO - Collecting details for show 12/21: Greek Theatre (10/20/1968)
2025-08-10 08:10:34,152 - INFO - Collecting details for show 13/21: Silver Dollar Fairgrounds (11/1/1968)
2025-08-10 08:10:36,123 - INFO - Collecting details for show 14/21: Longshoreman's Hall (11/4/1968)
2025-08-10 08:10:38,165 - INFO - Collecting details for show 15/21: Fillmore West (11/7/1968)
2025-08-10 08:10:40,109 - INFO - Progress: 15/21 shows processed. Rate: 0.5/min
2025-08-10 08:10:40,109 - INFO - Collecting details for show 16/21: Fillmore West (11/8/1968)
2025-08-10 08:10:42,147 - INFO - Collecting details for show 17/21: Fillmore West (11/9/1968)
2025-08-10 08:10:44,228 - INFO - Collecting details for show 18/21: Fillmore West (11/10/1968)
2025-08-10 08:10:45,723 - INFO - Collecting details for show 19/21: Oregon State U. (11/15/1968)
2025-08-10 08:10:48,115 - INFO - Collecting details for show 20/21: Eagle's Auditorium (11/17/1968  								  									 | Early Show)
2025-08-10 08:10:50,159 - INFO - Progress: 20/21 shows processed. Rate: 0.5/min
2025-08-10 08:10:50,159 - INFO - Collecting details for show 21/21: Eagle's Auditorium (11/17/1968  								  									 | Late Show)
2025-08-10 08:10:52,298 - INFO - Page 16 complete: 21 shows collected
2025-08-10 08:10:52,298 - INFO - Processing page 17
2025-08-10 08:10:54,647 - INFO - Found 21 shows on page 17
2025-08-10 08:10:54,647 - INFO - Collecting details for show 1/21: Columbus Veterans Hall (11/22/1968)
2025-08-10 08:10:56,215 - INFO - Collecting details for show 2/21: Memorial Auditorium, Ohio U. (11/23/1968)
2025-08-10 08:10:58,204 - INFO - Collecting details for show 3/21: Hyde Park Teen Center (11/24/1968)
2025-08-10 08:11:00,217 - INFO - Collecting details for show 4/21: The Kinetic Playground (11/27/1968)
2025-08-10 08:11:02,225 - INFO - Collecting details for show 5/21: The Kinetic Playground (11/28/1968)
2025-08-10 08:11:04,172 - INFO - Progress: 5/21 shows processed. Rate: 0.5/min
2025-08-10 08:11:04,172 - INFO - Collecting details for show 6/21: Grande Ballroom (12/1/1968)
2025-08-10 08:11:06,120 - INFO - Collecting details for show 7/21: The Spectrum (12/6/1968)
2025-08-10 08:11:08,105 - INFO - Collecting details for show 8/21: Bellarmine College (12/7/1968)
2025-08-10 08:11:10,088 - INFO - Collecting details for show 9/21: The Bank (12/13/1968)
2025-08-10 08:11:12,293 - INFO - Collecting details for show 10/21: The Bank (12/14/1968)
2025-08-10 08:11:14,434 - INFO - Progress: 10/21 shows processed. Rate: 0.5/min
2025-08-10 08:11:14,434 - INFO - Collecting details for show 11/21: Shrine Exposition Hall (12/20/1968)
2025-08-10 08:11:16,136 - INFO - Collecting details for show 12/21: Shrine Exposition Hall (12/21/1968)
2025-08-10 08:11:18,168 - INFO - Collecting details for show 13/21: The Catacombs (12/28/1968)
2025-08-10 08:11:20,118 - INFO - Collecting details for show 14/21: Gulfstream Park Racetrack (12/29/1968)
2025-08-10 08:11:22,217 - INFO - Collecting details for show 15/21: Winterland Arena (12/31/1968)
2025-08-10 08:11:24,177 - INFO - Progress: 15/21 shows processed. Rate: 0.5/min
2025-08-10 08:11:24,177 - INFO - Collecting details for show 16/21: Fillmore West (1/2/1969)
2025-08-10 08:11:26,117 - INFO - Collecting details for show 17/21: Fillmore West (1/3/1969)
2025-08-10 08:11:28,718 - INFO - Collecting details for show 18/21: Fillmore West (1/4/1969)
2025-08-10 08:11:30,417 - INFO - Collecting details for show 19/21: Fillmore West (1/5/1969)
2025-08-10 08:11:32,150 - INFO - Collecting details for show 20/21: Civic Auditorium (1/17/1969)
2025-08-10 08:11:34,140 - INFO - Progress: 20/21 shows processed. Rate: 0.5/min
2025-08-10 08:11:34,140 - INFO - Collecting details for show 21/21: Playboy Club (1/18/1969)
2025-08-10 08:11:35,749 - INFO - Page 17 complete: 21 shows collected
2025-08-10 08:11:35,749 - INFO - Processing page 18
2025-08-10 08:11:38,431 - INFO - Found 21 shows on page 18
2025-08-10 08:11:38,431 - INFO - Collecting details for show 1/21: Avalon Ballroom (1/24/1969)
2025-08-10 08:11:40,191 - INFO - Collecting details for show 2/21: Avalon Ballroom (1/25/1969)
2025-08-10 08:11:41,736 - INFO - Collecting details for show 3/21: Avalon Ballroom (1/26/1969)
2025-08-10 08:11:44,143 - INFO - Collecting details for show 4/21: The Kinetic Playground (1/31/1969)
2025-08-10 08:11:46,131 - INFO - Collecting details for show 5/21: The Kinetic Playground (2/1/1969)
2025-08-10 08:11:48,136 - INFO - Progress: 5/21 shows processed. Rate: 0.5/min
2025-08-10 08:11:48,137 - INFO - Collecting details for show 6/21: Labor Temple (2/2/1969)
2025-08-10 08:11:50,119 - INFO - Collecting details for show 7/21: The Music Box (2/4/1969)
2025-08-10 08:11:52,191 - INFO - Collecting details for show 8/21: Soldiers' and Sailors' Memorial Hall (2/5/1969)
2025-08-10 08:11:54,135 - INFO - Collecting details for show 9/21: Kiel Auditorium (2/6/1969)
2025-08-10 08:11:56,123 - INFO - Collecting details for show 10/21: Stanley Theatre (2/7/1969  								  									 | Early Show)
2025-08-10 08:11:58,044 - INFO - Progress: 10/21 shows processed. Rate: 0.5/min
2025-08-10 08:11:58,044 - INFO - Collecting details for show 11/21: Stanley Theatre (2/7/1969  								  									 | Late Show)
2025-08-10 08:11:59,747 - INFO - Collecting details for show 12/21: The Lyric Theater (2/9/1969  								  									 | Early Show)
2025-08-10 08:12:02,318 - INFO - Collecting details for show 13/21: The Lyric Theater (2/9/1969  								  									 | Late Show)
2025-08-10 08:12:04,303 - INFO - Collecting details for show 14/21: Fillmore East (2/11/1969  								  									 | Early Show)
2025-08-10 08:12:06,222 - INFO - Collecting details for show 15/21: Fillmore East (2/11/1969  								  									 | Late Show)
2025-08-10 08:12:08,142 - INFO - Progress: 15/21 shows processed. Rate: 0.5/min
2025-08-10 08:12:08,143 - INFO - Collecting details for show 16/21: Fillmore East (2/12/1969  								  									 | Early Show)
2025-08-10 08:12:10,149 - INFO - Collecting details for show 17/21: Fillmore East (2/12/1969  								  									 | Late Show)
2025-08-10 08:12:12,190 - INFO - Collecting details for show 18/21: Electric Factory (2/14/1969)
2025-08-10 08:12:14,323 - INFO - Collecting details for show 19/21: Electric Factory (2/15/1969)
2025-08-10 08:12:16,170 - INFO - Collecting details for show 20/21: Fillmore West (2/19/1969)
2025-08-10 08:12:18,098 - INFO - Progress: 20/21 shows processed. Rate: 0.5/min
2025-08-10 08:12:18,098 - INFO - Collecting details for show 21/21: Dream Bowl (2/21/1969)
2025-08-10 08:12:20,171 - INFO - Page 18 complete: 21 shows collected
2025-08-10 08:12:20,172 - INFO - Processing page 19
2025-08-10 08:12:22,404 - INFO - Found 21 shows on page 19
2025-08-10 08:12:22,404 - INFO - Collecting details for show 1/21: Dream Bowl (2/22/1969)
2025-08-10 08:12:24,187 - INFO - Collecting details for show 2/21: The Matrix (2/24/1969)
2025-08-10 08:12:26,133 - INFO - Collecting details for show 3/21: The Matrix (2/26/1969)
2025-08-10 08:12:28,140 - INFO - Collecting details for show 4/21: Fillmore West (2/27/1969)
2025-08-10 08:12:29,760 - INFO - Collecting details for show 5/21: Fillmore West (2/28/1969)
2025-08-10 08:12:32,179 - INFO - Progress: 5/21 shows processed. Rate: 0.5/min
2025-08-10 08:12:32,180 - INFO - Collecting details for show 6/21: Fillmore West (3/1/1969)
2025-08-10 08:12:34,404 - INFO - Collecting details for show 7/21: Fillmore West (3/2/1969)
2025-08-10 08:12:35,772 - INFO - Collecting details for show 8/21: Fillmore West (3/12/1969)
2025-08-10 08:12:38,161 - INFO - Collecting details for show 9/21: Hilton Hotel Ballroom (3/15/1969)
2025-08-10 08:12:39,757 - INFO - Collecting details for show 10/21: Winterland Arena (3/17/1969)
2025-08-10 08:12:42,150 - INFO - Progress: 10/21 shows processed. Rate: 0.5/min
2025-08-10 08:12:42,150 - INFO - Collecting details for show 11/21: Rose Palace (3/21/1969)
2025-08-10 08:12:43,748 - INFO - Collecting details for show 12/21: Rose Palace (3/22/1969)
2025-08-10 08:12:46,171 - INFO - Collecting details for show 13/21: Student Center, Modesto Jr. College (3/28/1969)
2025-08-10 08:12:48,138 - INFO - Collecting details for show 14/21: Ice Palace (3/29/1969)
2025-08-10 08:12:50,092 - INFO - Collecting details for show 15/21: Avalon Ballroom (4/4/1969)
2025-08-10 08:12:52,182 - INFO - Progress: 15/21 shows processed. Rate: 0.5/min
2025-08-10 08:12:52,183 - INFO - Collecting details for show 16/21: Avalon Ballroom (4/5/1969)
2025-08-10 08:12:54,216 - INFO - Collecting details for show 17/21: Avalon Ballroom (4/6/1969)
2025-08-10 08:12:56,162 - INFO - Collecting details for show 18/21: University Auditorium, U. Of Arizona (4/11/1969)
2025-08-10 08:12:58,199 - INFO - Collecting details for show 19/21: Student Union Ballroom, U. of Utah (4/12/1969  								  									 | Early Show)
2025-08-10 08:13:00,174 - INFO - Collecting details for show 20/21: Student Union Ballroom, U. of Utah (4/12/1969  								  									 | Late Show)
2025-08-10 08:13:02,326 - INFO - Progress: 20/21 shows processed. Rate: 0.5/min
2025-08-10 08:13:02,326 - INFO - Collecting details for show 21/21: Ballroom, U. of Colorado (4/13/1969)
2025-08-10 08:13:04,867 - INFO - Page 19 complete: 21 shows collected
2025-08-10 08:13:04,867 - INFO - Processing page 20
2025-08-10 08:13:06,399 - INFO - Found 21 shows on page 20
2025-08-10 08:13:06,399 - INFO - Collecting details for show 1/21: The Music Box (4/15/1969)
2025-08-10 08:13:08,162 - INFO - Collecting details for show 2/21: The Quadrangle, Washington U. (4/17/1969)
2025-08-10 08:13:10,285 - INFO - Collecting details for show 3/21: Memorial Union Ballroom, Purdue U. (4/18/1969)
2025-08-10 08:13:12,136 - INFO - Collecting details for show 4/21: Atwood Hall, Clark U. (4/20/1969)
2025-08-10 08:13:14,133 - INFO - Collecting details for show 5/21: The Ark (4/21/1969)
2025-08-10 08:13:16,149 - INFO - Progress: 5/21 shows processed. Rate: 0.5/min
2025-08-10 08:13:16,149 - INFO - Collecting details for show 6/21: The Ark (4/22/1969)
2025-08-10 08:13:17,750 - INFO - Collecting details for show 7/21: The Ark (4/23/1969)
2025-08-10 08:13:20,138 - INFO - Collecting details for show 8/21: Electric Theater (4/25/1969)
2025-08-10 08:13:22,098 - INFO - Collecting details for show 9/21: Electric Theater (4/26/1969)
2025-08-10 08:13:24,143 - INFO - Collecting details for show 10/21: Labor Temple (4/27/1969)
2025-08-10 08:13:25,695 - INFO - Progress: 10/21 shows processed. Rate: 0.5/min
2025-08-10 08:13:25,696 - INFO - Collecting details for show 11/21: Winterland Arena (5/2/1969)
2025-08-10 08:13:28,276 - INFO - Collecting details for show 12/21: Sierra College (5/3/1969)
2025-08-10 08:13:30,125 - INFO - Collecting details for show 13/21: Winterland Arena (5/3/1969)
2025-08-10 08:13:32,226 - INFO - Collecting details for show 14/21: Polo Field, Golden Gate Park (5/7/1969)
2025-08-10 08:13:34,313 - INFO - Collecting details for show 15/21: Hall Of Flowers, County Fairgrounds (5/9/1969)
2025-08-10 08:13:36,315 - INFO - Progress: 15/21 shows processed. Rate: 0.5/min
2025-08-10 08:13:36,316 - INFO - Collecting details for show 16/21: Rose Palace (5/10/1969)
2025-08-10 08:13:38,330 - INFO - Collecting details for show 17/21: Aztec Bowl, San Diego State College (5/11/1969)
2025-08-10 08:13:40,213 - INFO - Collecting details for show 18/21: Campolindo High School (5/16/1969)
2025-08-10 08:13:42,171 - INFO - Collecting details for show 19/21: Seminole Indian Reservation (5/23/1969)
2025-08-10 08:13:44,159 - INFO - Collecting details for show 20/21: Seminole Indian Reservation (5/24/1969)
2025-08-10 08:13:46,279 - INFO - Progress: 20/21 shows processed. Rate: 0.5/min
2025-08-10 08:13:46,280 - INFO - Collecting details for show 21/21: Winterland Arena (5/28/1969)
2025-08-10 08:13:48,311 - INFO - Page 20 complete: 21 shows collected
2025-08-10 08:13:48,311 - INFO - Processing page 21
2025-08-10 08:13:50,413 - INFO - Found 21 shows on page 21
2025-08-10 08:13:50,414 - INFO - Collecting details for show 1/21: Robertson Gym, U.C.S.B. (5/29/1969)
2025-08-10 08:13:52,402 - INFO - Collecting details for show 2/21: Springer's Inn (5/30/1969)
2025-08-10 08:13:54,225 - INFO - Collecting details for show 3/21: McArthur Court, U. of Oregon (5/31/1969)
2025-08-10 08:13:56,100 - INFO - Collecting details for show 4/21: Fillmore West (6/5/1969)
2025-08-10 08:13:58,110 - INFO - Collecting details for show 5/21: Fillmore West (6/6/1969)
2025-08-10 08:14:00,095 - INFO - Progress: 5/21 shows processed. Rate: 0.5/min
2025-08-10 08:14:00,095 - INFO - Collecting details for show 6/21: Fillmore West (6/7/1969)
2025-08-10 08:14:02,210 - INFO - Collecting details for show 7/21: Fillmore West (6/8/1969)
2025-08-10 08:14:04,141 - INFO - Collecting details for show 8/21: Fresno Convention Center (6/13/1969)
2025-08-10 08:14:06,270 - INFO - Collecting details for show 9/21: Monterey Performing Arts Center (6/14/1969)
2025-08-10 08:14:08,148 - INFO - Collecting details for show 10/21: Fillmore East (6/20/1969  								  									 | Early Show)
2025-08-10 08:14:10,108 - INFO - Progress: 10/21 shows processed. Rate: 0.5/min
2025-08-10 08:14:10,108 - INFO - Collecting details for show 11/21: Fillmore East (6/20/1969  								  									 | Late Show)
2025-08-10 08:14:12,095 - INFO - Collecting details for show 12/21: Fillmore East (6/21/1969  								  									 | Early Show)
2025-08-10 08:14:13,999 - INFO - Collecting details for show 13/21: Fillmore East (6/21/1969  								  									 | Late Show)
2025-08-10 08:14:16,128 - INFO - Collecting details for show 14/21: The Great Lawn, Central Park (6/22/1969)
2025-08-10 08:14:17,701 - INFO - Collecting details for show 15/21: Veterans Auditorium (6/27/1969)
2025-08-10 08:14:20,094 - INFO - Progress: 15/21 shows processed. Rate: 0.5/min
2025-08-10 08:14:20,095 - INFO - Collecting details for show 16/21: Veterans Auditorium (6/28/1969)
2025-08-10 08:14:22,086 - INFO - Collecting details for show 17/21: The Barn (6/29/1969)
2025-08-10 08:14:24,371 - INFO - Collecting details for show 18/21: Reed's Ranch (7/3/1969)
2025-08-10 08:14:25,702 - INFO - Collecting details for show 19/21: Electric Theater (7/4/1969)
2025-08-10 08:14:28,090 - INFO - Collecting details for show 20/21: Electric Theater (7/5/1969)
2025-08-10 08:14:29,705 - INFO - Progress: 20/21 shows processed. Rate: 0.5/min
2025-08-10 08:14:29,705 - INFO - Collecting details for show 21/21: Piedmont Park (7/7/1969)
2025-08-10 08:14:31,727 - INFO - Page 21 complete: 21 shows collected
2025-08-10 08:14:31,727 - INFO - Processing page 22
2025-08-10 08:14:34,559 - INFO - Found 21 shows on page 22
2025-08-10 08:14:34,560 - INFO - Collecting details for show 1/21: Rock Pile (7/8/1969  								  									 | Early Show)
2025-08-10 08:14:35,933 - INFO - Collecting details for show 2/21: Rock Pile (7/8/1969  								  									 | Late Show)
2025-08-10 08:14:38,143 - INFO - Collecting details for show 3/21: NY State Pavilion, Flushing Meadow Park (7/11/1969)
2025-08-10 08:14:40,170 - INFO - Collecting details for show 4/21: NY State Pavilion, Flushing Meadow Park (7/12/1969)
2025-08-10 08:14:42,161 - INFO - Collecting details for show 5/21: Longshoreman's Hall (7/16/1969)
2025-08-10 08:14:44,353 - INFO - Progress: 5/21 shows processed. Rate: 0.5/min
2025-08-10 08:14:44,353 - INFO - Collecting details for show 6/21: Family Dog at The Great Highway (8/2/1969)
2025-08-10 08:14:46,129 - INFO - Collecting details for show 7/21: Family Dog at The Great Highway (8/3/1969)
2025-08-10 08:14:48,129 - INFO - Collecting details for show 8/21: Max Yasgur's Farm (8/16/1969)
2025-08-10 08:14:50,138 - INFO - Collecting details for show 9/21: El Roach Tavern (8/20/1969)
2025-08-10 08:14:52,082 - INFO - Collecting details for show 10/21: Aqua Theatre (8/21/1969)
2025-08-10 08:14:54,317 - INFO - Progress: 10/21 shows processed. Rate: 0.5/min
2025-08-10 08:14:54,317 - INFO - Collecting details for show 11/21: Pelletier Farm (8/23/1969)
2025-08-10 08:14:56,119 - INFO - Collecting details for show 12/21: Paradise Valley Resort (8/24/1969)
2025-08-10 08:14:58,134 - INFO - Collecting details for show 13/21: Family Dog at The Great Highway (8/29/1969)
2025-08-10 08:15:00,162 - INFO - Collecting details for show 14/21: Family Dog at The Great Highway (8/30/1969)
2025-08-10 08:15:01,771 - INFO - Collecting details for show 15/21: Baton Rouge Int. Speedway (9/1/1969)
2025-08-10 08:15:04,348 - INFO - Progress: 15/21 shows processed. Rate: 0.5/min
2025-08-10 08:15:04,349 - INFO - Collecting details for show 16/21: Family Dog at The Great Highway (9/6/1969)
2025-08-10 08:15:06,167 - INFO - Collecting details for show 17/21: Fillmore East (9/26/1969  								  									 | Early Show)
2025-08-10 08:15:08,162 - INFO - Collecting details for show 18/21: Fillmore East (9/26/1969  								  									 | Late Show)
2025-08-10 08:15:10,144 - INFO - Collecting details for show 19/21: Fillmore East (9/27/1969  								  									 | Early Show)
2025-08-10 08:15:12,193 - INFO - Collecting details for show 20/21: Fillmore East (9/27/1969  								  									 | Late Show)
2025-08-10 08:15:14,144 - INFO - Progress: 20/21 shows processed. Rate: 0.5/min
2025-08-10 08:15:14,145 - INFO - Collecting details for show 21/21: Cafe au Go-Go (9/29/1969  								  									 | Early Show)
2025-08-10 08:15:16,198 - INFO - Page 22 complete: 21 shows collected
2025-08-10 08:15:16,199 - INFO - Processing page 23
2025-08-10 08:15:18,362 - INFO - Found 21 shows on page 23
2025-08-10 08:15:18,363 - INFO - Collecting details for show 1/21: Cafe au Go-Go (9/29/1969  								  									 | Late Show)
2025-08-10 08:15:20,098 - INFO - Collecting details for show 2/21: Cafe au Go-Go (9/30/1969  								  									 | Early Show)
2025-08-10 08:15:22,196 - INFO - Collecting details for show 3/21: Cafe au Go-Go (9/30/1969  								  									 | Late Show)
2025-08-10 08:15:24,432 - INFO - Collecting details for show 4/21: Cafe au Go-Go (10/1/1969  								  									 | Early Show)
2025-08-10 08:15:25,742 - INFO - Collecting details for show 5/21: Cafe au Go-Go (10/1/1969  								  									 | Late Show)
2025-08-10 08:15:28,128 - INFO - Progress: 5/21 shows processed. Rate: 0.5/min
2025-08-10 08:15:28,129 - INFO - Collecting details for show 6/21: Boston Tea Party (10/2/1969)
2025-08-10 08:15:30,125 - INFO - Collecting details for show 7/21: Boston Tea Party (10/3/1969)
2025-08-10 08:15:32,182 - INFO - Collecting details for show 8/21: Boston Tea Party (10/4/1969)
2025-08-10 08:15:34,162 - INFO - Collecting details for show 9/21: Sam Houston Coliseum (10/5/1969)
2025-08-10 08:15:36,133 - INFO - Collecting details for show 10/21: Winterland Arena (10/24/1969)
2025-08-10 08:15:37,738 - INFO - Progress: 10/21 shows processed. Rate: 0.5/min
2025-08-10 08:15:37,739 - INFO - Collecting details for show 11/21: Winterland Arena (10/25/1969)
2025-08-10 08:15:40,163 - INFO - Collecting details for show 12/21: Winterland Arena (10/26/1969)
2025-08-10 08:15:42,210 - INFO - Collecting details for show 13/21: San Jose State College (10/31/1969)
2025-08-10 08:15:44,214 - INFO - Collecting details for show 14/21: Family Dog at The Great Highway (11/1/1969)
2025-08-10 08:15:46,247 - INFO - Collecting details for show 15/21: Family Dog at The Great Highway (11/2/1969)
2025-08-10 08:15:48,173 - INFO - Progress: 15/21 shows processed. Rate: 0.5/min
2025-08-10 08:15:48,173 - INFO - Collecting details for show 16/21: Fillmore Auditorium (11/7/1969)
2025-08-10 08:15:49,768 - INFO - Collecting details for show 17/21: Fillmore Auditorium (11/8/1969  								  									 | 1GbnL43DSgDRIIvKTVDSjP)
2025-08-10 08:15:52,276 - INFO - Collecting details for show 18/21: Lanai Theater (11/15/1969)
2025-08-10 08:15:54,157 - INFO - Collecting details for show 19/21: Cal Expo, Building A (11/21/1969)
2025-08-10 08:15:55,771 - INFO - Collecting details for show 20/21: Fillmore West (12/4/1969)
2025-08-10 08:15:58,947 - INFO - Progress: 20/21 shows processed. Rate: 0.5/min
2025-08-10 08:15:58,947 - INFO - Collecting details for show 21/21: Fillmore West (12/5/1969)
2025-08-10 08:16:00,348 - INFO - Page 23 complete: 21 shows collected
2025-08-10 08:16:00,349 - INFO - Processing page 24
2025-08-10 08:16:02,487 - INFO - Found 21 shows on page 24
2025-08-10 08:16:02,488 - INFO - Collecting details for show 1/21: Fillmore West (12/7/1969)
2025-08-10 08:16:04,206 - INFO - Collecting details for show 2/21: Thelma (12/10/1969)
2025-08-10 08:16:06,264 - INFO - Collecting details for show 3/21: Thelma (12/11/1969)
2025-08-10 08:16:07,753 - INFO - Collecting details for show 4/21: Thelma (12/12/1969)
2025-08-10 08:16:10,267 - INFO - Collecting details for show 5/21: Swing Auditorium (12/13/1969)
2025-08-10 08:16:12,117 - INFO - Progress: 5/21 shows processed. Rate: 0.5/min
2025-08-10 08:16:12,118 - INFO - Collecting details for show 6/21: Fillmore Auditorium (12/19/1969)
2025-08-10 08:16:13,752 - INFO - Collecting details for show 7/21: Fillmore Auditorium (12/20/1969)
2025-08-10 08:16:15,776 - INFO - Collecting details for show 8/21: Fillmore Auditorium (12/21/1969)
2025-08-10 08:16:18,227 - INFO - Collecting details for show 9/21: McFarlin Auditorium, S.M.U. (12/26/1969)
2025-08-10 08:16:20,317 - INFO - Collecting details for show 10/21: International Speedway (12/28/1969)
2025-08-10 08:16:21,772 - INFO - Progress: 10/21 shows processed. Rate: 0.5/min
2025-08-10 08:16:21,773 - INFO - Collecting details for show 11/21: Boston Tea Party (12/29/1969)
2025-08-10 08:16:24,154 - INFO - Collecting details for show 12/21: Boston Tea Party (12/30/1969)
2025-08-10 08:16:26,234 - INFO - Collecting details for show 13/21: Boston Tea Party (12/31/1969)
2025-08-10 08:16:28,232 - INFO - Collecting details for show 14/21: Fillmore East (1/2/1970  								  									 | Early Show)
2025-08-10 08:16:30,247 - INFO - Collecting details for show 15/21: Fillmore East (1/2/1970  								  									 | Late Show)
2025-08-10 08:16:32,250 - INFO - Progress: 15/21 shows processed. Rate: 0.5/min
2025-08-10 08:16:32,250 - INFO - Collecting details for show 16/21: Fillmore East (1/3/1970  								  									 | Early Show)
2025-08-10 08:16:34,201 - INFO - Collecting details for show 17/21: Fillmore East (1/3/1970  								  									 | Late Show)
2025-08-10 08:16:36,405 - INFO - Collecting details for show 18/21: Golden Hall, Community Concorse (1/10/1970)
2025-08-10 08:16:38,228 - INFO - Collecting details for show 19/21: Springer's Inn Portland (1/16/1970)
2025-08-10 08:16:40,206 - INFO - Collecting details for show 20/21: Oregon State U. (1/17/1970)
2025-08-10 08:16:42,353 - INFO - Progress: 20/21 shows processed. Rate: 0.5/min
2025-08-10 08:16:42,353 - INFO - Collecting details for show 21/21: Springer's Inn (1/18/1970)
2025-08-10 08:16:44,375 - INFO - Page 24 complete: 21 shows collected
2025-08-10 08:16:44,375 - INFO - Processing page 25
2025-08-10 08:16:46,912 - INFO - Found 21 shows on page 25
2025-08-10 08:16:46,913 - INFO - Collecting details for show 1/21: Honolulu Civic Auditorium (1/23/1970)
2025-08-10 08:16:48,241 - INFO - Collecting details for show 2/21: Honolulu Civic Auditorium (1/24/1970)
2025-08-10 08:16:50,211 - INFO - Collecting details for show 3/21: The Warehouse (1/30/1970)
2025-08-10 08:16:52,352 - INFO - Collecting details for show 4/21: The Warehouse (1/31/1970)
2025-08-10 08:16:54,212 - INFO - Collecting details for show 5/21: The Warehouse (2/1/1970)
2025-08-10 08:16:56,223 - INFO - Progress: 5/21 shows processed. Rate: 0.5/min
2025-08-10 08:16:56,223 - INFO - Collecting details for show 6/21: Fox Theatre (2/2/1970)
2025-08-10 08:16:58,313 - INFO - Collecting details for show 7/21: Family Dog at The Great Highway (2/4/1970)
2025-08-10 08:17:00,312 - INFO - Collecting details for show 8/21: Fillmore West (2/5/1970)
2025-08-10 08:17:02,364 - INFO - Collecting details for show 9/21: Fillmore West (2/6/1970)
2025-08-10 08:17:04,283 - INFO - Collecting details for show 10/21: Fillmore West (2/7/1970)
2025-08-10 08:17:06,298 - INFO - Progress: 10/21 shows processed. Rate: 0.5/min
2025-08-10 08:17:06,298 - INFO - Collecting details for show 11/21: Fillmore West (2/8/1970)
2025-08-10 08:17:08,177 - INFO - Collecting details for show 12/21: Fillmore East (2/11/1970  								  									 | Early Show)
2025-08-10 08:17:10,387 - INFO - Collecting details for show 13/21: Fillmore East (2/11/1970  								  									 | Late Show)
2025-08-10 08:17:12,183 - INFO - Collecting details for show 14/21: Ungano's Night Club (2/12/1970)
2025-08-10 08:17:13,765 - INFO - Collecting details for show 15/21: Fillmore East (2/13/1970  								  									 | Early Show)
2025-08-10 08:17:16,210 - INFO - Progress: 15/21 shows processed. Rate: 0.5/min
2025-08-10 08:17:16,211 - INFO - Collecting details for show 16/21: Fillmore East (2/13/1970  								  									 | Late Show)
2025-08-10 08:17:18,354 - INFO - Collecting details for show 17/21: Fillmore East (2/14/1970  								  									 | Early Show)
2025-08-10 08:17:20,227 - INFO - Collecting details for show 18/21: Fillmore East (2/14/1970  								  									 | Late Show)
2025-08-10 08:17:22,325 - INFO - Collecting details for show 19/21: Panther Hall (2/20/1970)
2025-08-10 08:17:23,744 - INFO - Collecting details for show 20/21: San Antonio Convention Center Arena (2/21/1970)
2025-08-10 08:17:26,167 - INFO - Progress: 20/21 shows processed. Rate: 0.5/min
2025-08-10 08:17:26,168 - INFO - Collecting details for show 21/21: Sam Houston Coliseum (2/22/1970)
2025-08-10 08:17:28,328 - INFO - Page 25 complete: 21 shows collected
2025-08-10 08:17:28,329 - INFO - Processing page 26
2025-08-10 08:17:30,444 - INFO - Found 21 shows on page 26
2025-08-10 08:17:30,445 - INFO - Collecting details for show 1/21: Austin Municipal Auditorium (2/23/1970)
2025-08-10 08:17:32,205 - INFO - Collecting details for show 2/21: Family Dog at The Great Highway (2/27/1970)
2025-08-10 08:17:34,253 - INFO - Collecting details for show 3/21: Family Dog at The Great Highway (2/28/1970)
2025-08-10 08:17:36,198 - INFO - Collecting details for show 4/21: Family Dog at The Great Highway (3/1/1970)
2025-08-10 08:17:38,193 - INFO - Collecting details for show 5/21: Santa Monica Civic Auditorium (3/7/1970)
2025-08-10 08:17:40,209 - INFO - Progress: 5/21 shows processed. Rate: 0.5/min
2025-08-10 08:17:40,210 - INFO - Collecting details for show 6/21: Travelodge Theatre in the Round (3/8/1970)
2025-08-10 08:17:42,161 - INFO - Collecting details for show 7/21: Kleinhans Music Hall (3/17/1970)
2025-08-10 08:17:44,214 - INFO - Collecting details for show 8/21: Capitol Theater (3/20/1970  								  									 | Early Show)
2025-08-10 08:17:46,384 - INFO - Collecting details for show 9/21: Capitol Theater (3/20/1970  								  									 | Late Show)
2025-08-10 08:17:48,200 - INFO - Collecting details for show 10/21: Capitol Theater (3/21/1970  								  									 | Early Show)
2025-08-10 08:17:50,060 - INFO - Progress: 10/21 shows processed. Rate: 0.5/min
2025-08-10 08:17:50,060 - INFO - Collecting details for show 11/21: Capitol Theater (3/21/1970  								  									 | Late Show)
2025-08-10 08:17:52,167 - INFO - Collecting details for show 12/21: Pirates World (3/24/1970)
2025-08-10 08:17:54,259 - INFO - Collecting details for show 13/21: Field House, U. of Cincinnati (4/3/1970)
2025-08-10 08:17:56,437 - INFO - Collecting details for show 14/21: Fillmore West (4/9/1970)
2025-08-10 08:17:58,238 - INFO - Collecting details for show 15/21: Fillmore West (4/10/1970)
2025-08-10 08:18:00,166 - INFO - Progress: 15/21 shows processed. Rate: 0.5/min
2025-08-10 08:18:00,166 - INFO - Collecting details for show 16/21: Fillmore West (4/11/1970)
2025-08-10 08:18:02,705 - INFO - Collecting details for show 17/21: Fillmore West (4/12/1970)
2025-08-10 08:18:04,414 - INFO - Collecting details for show 18/21: Winterland Arena (4/15/1970)
2025-08-10 08:18:06,354 - INFO - Collecting details for show 19/21: Mammoth Gardens (4/24/1970)
2025-08-10 08:18:08,395 - INFO - Collecting details for show 20/21: Mammoth Gardens (4/25/1970)
2025-08-10 08:18:10,442 - INFO - Progress: 20/21 shows processed. Rate: 0.5/min
2025-08-10 08:18:10,443 - INFO - Collecting details for show 21/21: York Farm (4/26/1970)
2025-08-10 08:18:12,230 - INFO - Page 26 complete: 21 shows collected
2025-08-10 08:18:12,230 - INFO - Processing page 27
2025-08-10 08:18:14,739 - INFO - Found 21 shows on page 27
2025-08-10 08:18:14,740 - INFO - Collecting details for show 1/21: Alfred College (5/1/1970)
2025-08-10 08:18:16,317 - INFO - Collecting details for show 2/21: Harpur College (5/2/1970)
2025-08-10 08:18:18,315 - INFO - Collecting details for show 3/21: Foss Hill, Wesleyan University (5/3/1970)
2025-08-10 08:18:19,762 - INFO - Collecting details for show 4/21: Kresge Plaza, M.I.T. (5/6/1970)
2025-08-10 08:18:22,306 - INFO - Collecting details for show 5/21: Dupont Gymnasium M.I.T. (5/7/1970)
2025-08-10 08:18:24,314 - INFO - Progress: 5/21 shows processed. Rate: 0.5/min
2025-08-10 08:18:24,314 - INFO - Collecting details for show 6/21: Farrell Hall, S.U.C.N.Y. (5/8/1970)
2025-08-10 08:18:26,252 - INFO - Collecting details for show 7/21: Worcester Polytechnic Institute (5/9/1970)
2025-08-10 08:18:28,220 - INFO - Collecting details for show 8/21: Sports Arena (5/10/1970)
2025-08-10 08:18:29,777 - INFO - Collecting details for show 9/21: Merramac Community College (5/14/1970)
2025-08-10 08:18:32,354 - INFO - Collecting details for show 10/21: Fillmore East (5/15/1970  								  									 | Early Show)
2025-08-10 08:18:33,765 - INFO - Progress: 10/21 shows processed. Rate: 0.5/min
2025-08-10 08:18:33,765 - INFO - Collecting details for show 11/21: Fillmore East (5/15/1970  								  									 | Late Show)
2025-08-10 08:18:36,357 - INFO - Collecting details for show 12/21: Temple U. (5/16/1970)
2025-08-10 08:18:38,410 - INFO - Collecting details for show 13/21: Fairfield U. (5/17/1970)
2025-08-10 08:18:40,306 - INFO - Collecting details for show 14/21: Newcastle-Under-Lyme (5/24/1970)
2025-08-10 08:18:42,247 - INFO - Collecting details for show 15/21: Fillmore West (6/4/1970)
2025-08-10 08:18:44,249 - INFO - Progress: 15/21 shows processed. Rate: 0.5/min
2025-08-10 08:18:44,250 - INFO - Collecting details for show 16/21: Fillmore West (6/5/1970)
2025-08-10 08:18:46,193 - INFO - Collecting details for show 17/21: Fillmore West (6/6/1970)
2025-08-10 08:18:48,521 - INFO - Collecting details for show 18/21: Fillmore West (6/7/1970)
2025-08-10 08:18:50,162 - WARNING - Got 500 but response contains HTML, attempting to parse: https://jerrygarcia.com/show/1970-06-07-fillmore-west-san-francisco-ca-usa/
2025-08-10 08:18:50,225 - INFO - ✅ Successfully parsed show data despite 500 error: https://jerrygarcia.com/show/1970-06-07-fillmore-west-san-francisco-ca-usa/
2025-08-10 08:18:50,229 - INFO - Collecting details for show 19/21: Honolulu Civic Auditorium (6/12/1970)
2025-08-10 08:18:52,267 - INFO - Collecting details for show 20/21: Honolulu Civic Auditorium (6/13/1970)
2025-08-10 08:18:54,259 - INFO - Progress: 20/21 shows processed. Rate: 0.5/min
2025-08-10 08:18:54,260 - INFO - Collecting details for show 21/21: Midsouth Hudson Coliseum (6/19/1970)
2025-08-10 08:18:56,381 - INFO - Page 27 complete: 21 shows collected
2025-08-10 08:18:56,382 - INFO - Processing page 28
2025-08-10 08:18:58,541 - INFO - Found 21 shows on page 28
2025-08-10 08:18:58,541 - INFO - Collecting details for show 1/21: Pauley Ballroom, U. of California (6/21/1970)
2025-08-10 08:19:00,167 - INFO - Collecting details for show 2/21: Capitol Theater (6/24/1970  								  									 | Early Show)
2025-08-10 08:19:02,237 - INFO - Collecting details for show 3/21: Capitol Theater (6/24/1970  								  									 | Late Show)
2025-08-10 08:19:04,263 - INFO - Collecting details for show 4/21: Coronation Park (6/27/1970)
2025-08-10 08:19:06,684 - INFO - Collecting details for show 5/21: Canadian National Exhibition Stadium (6/27/1970)
2025-08-10 08:19:07,936 - INFO - Progress: 5/21 shows processed. Rate: 0.5/min
2025-08-10 08:19:07,936 - INFO - Collecting details for show 6/21: Winnipeg Fairgrounds (7/1/1970)
2025-08-10 08:19:10,317 - INFO - Collecting details for show 7/21: McMahon Stadium (7/3/1970)
2025-08-10 08:19:12,214 - INFO - Collecting details for show 8/21: Mississippi River Festival (7/8/1970)
2025-08-10 08:19:14,474 - INFO - Collecting details for show 9/21: Fillmore East (7/9/1970)
2025-08-10 08:19:15,815 - INFO - Collecting details for show 10/21: Fillmore East (7/10/1970)
2025-08-10 08:19:18,256 - INFO - Progress: 10/21 shows processed. Rate: 0.5/min
2025-08-10 08:19:18,256 - INFO - Collecting details for show 11/21: Fillmore East (7/11/1970)
2025-08-10 08:19:20,325 - INFO - Collecting details for show 12/21: Fillmore East (7/12/1970)
2025-08-10 08:19:22,300 - INFO - Collecting details for show 13/21: Euphoria Ballroom (7/14/1970)
2025-08-10 08:19:24,283 - INFO - Collecting details for show 14/21: Euphoria Ballroom (7/16/1970)
2025-08-10 08:19:26,383 - INFO - Collecting details for show 15/21: Lion's Share (7/30/1970)
2025-08-10 08:19:27,835 - INFO - Progress: 15/21 shows processed. Rate: 0.5/min
2025-08-10 08:19:27,836 - INFO - Collecting details for show 16/21: Lion's Share (7/31/1970)
2025-08-10 08:19:30,253 - INFO - Collecting details for show 17/21: Lion's Share (8/1/1970)
2025-08-10 08:19:32,213 - INFO - Collecting details for show 18/21: Golden Hall, Community Concorse (8/5/1970)
2025-08-10 08:19:34,306 - INFO - Collecting details for show 19/21: Fillmore West (8/17/1970)
2025-08-10 08:19:36,249 - INFO - Collecting details for show 20/21: Fillmore West (8/18/1970)
2025-08-10 08:19:37,773 - INFO - Progress: 20/21 shows processed. Rate: 0.5/min
2025-08-10 08:19:37,774 - INFO - Collecting details for show 21/21: Fillmore West (8/19/1970)
2025-08-10 08:19:40,242 - INFO - Page 28 complete: 21 shows collected
2025-08-10 08:19:40,243 - INFO - Processing page 29
2025-08-10 08:19:42,576 - INFO - Found 21 shows on page 29
2025-08-10 08:19:42,576 - INFO - Collecting details for show 1/21: The Club (8/28/1970)
2025-08-10 08:19:44,229 - INFO - Collecting details for show 2/21: The Club (8/29/1970)
2025-08-10 08:19:46,241 - INFO - Collecting details for show 3/21: KQED Studios (8/30/1970)
2025-08-10 08:19:48,385 - INFO - Collecting details for show 4/21: Fillmore East (9/17/1970)
2025-08-10 08:19:50,284 - INFO - Collecting details for show 5/21: Fillmore East (9/18/1970)
2025-08-10 08:19:52,466 - INFO - Progress: 5/21 shows processed. Rate: 0.5/min
2025-08-10 08:19:52,466 - INFO - Collecting details for show 6/21: Fillmore East (9/19/1970)
2025-08-10 08:19:54,339 - INFO - Collecting details for show 7/21: Fillmore East (9/20/1970)
2025-08-10 08:19:56,173 - INFO - Collecting details for show 8/21: Pasadena Civic Auditorium (9/25/1970)
2025-08-10 08:19:57,853 - INFO - Collecting details for show 9/21: Terrace Ballroom (9/26/1970)
2025-08-10 08:20:00,156 - INFO - Collecting details for show 10/21: Winterland Arena (10/4/1970)
2025-08-10 08:20:03,180 - INFO - Progress: 10/21 shows processed. Rate: 0.5/min
2025-08-10 08:20:03,180 - INFO - Collecting details for show 11/21: Winterland Arena (10/5/1970)
2025-08-10 08:20:04,304 - INFO - Collecting details for show 12/21: Colden Auditorium (10/10/1970)
2025-08-10 08:20:06,175 - INFO - Collecting details for show 13/21: Marion Shea Auditorium (10/11/1970)
2025-08-10 08:20:08,464 - INFO - Collecting details for show 14/21: Irvine Auditorium (10/16/1970)
2025-08-10 08:20:10,149 - INFO - Collecting details for show 15/21: Cleveland Music Hall (10/17/1970)
2025-08-10 08:20:12,201 - INFO - Progress: 15/21 shows processed. Rate: 0.5/min
2025-08-10 08:20:12,202 - INFO - Collecting details for show 16/21: Tyrone Guthrie Theatre (10/18/1970  								  									 | Early Show)
2025-08-10 08:20:14,226 - INFO - Collecting details for show 17/21: Tyrone Guthrie Theatre (10/18/1970  								  									 | Late Show)
2025-08-10 08:20:16,284 - INFO - Collecting details for show 18/21: McDonough Arena, Georgetown U. (10/23/1970)
2025-08-10 08:20:18,242 - INFO - Collecting details for show 19/21: Kiel Opera House (10/24/1970)
2025-08-10 08:20:20,233 - INFO - Collecting details for show 20/21: Pritchard Gym, S.U.N.Y. (10/30/1970  								  									 | Early Show)
2025-08-10 08:20:21,768 - INFO - Progress: 20/21 shows processed. Rate: 0.5/min
2025-08-10 08:20:21,769 - INFO - Collecting details for show 21/21: Pritchard Gym, S.U.N.Y. (10/30/1970  								  									 | Late Show)
2025-08-10 08:20:24,287 - INFO - Page 29 complete: 21 shows collected
2025-08-10 08:20:24,287 - INFO - Processing page 30
2025-08-10 08:20:26,494 - INFO - Found 21 shows on page 30
2025-08-10 08:20:26,495 - INFO - Collecting details for show 1/21: Pritchard Gym, S.U.N.Y. (10/31/1970  								  									 | Early Show)
2025-08-10 08:20:28,372 - INFO - Collecting details for show 2/21: Pritchard Gym, S.U.N.Y. (10/31/1970  								  									 | Late Show)
2025-08-10 08:20:30,190 - INFO - Collecting details for show 3/21: Capitol Theater (11/5/1970)
2025-08-10 08:20:32,238 - INFO - Collecting details for show 4/21: Capitol Theater (11/6/1970)
2025-08-10 08:20:34,666 - INFO - Collecting details for show 5/21: Capitol Theater (11/7/1970)
2025-08-10 08:20:36,307 - INFO - Progress: 5/21 shows processed. Rate: 0.5/min
2025-08-10 08:20:36,307 - INFO - Collecting details for show 6/21: Capitol Theater (11/8/1970)
2025-08-10 08:20:38,363 - INFO - Collecting details for show 7/21: Action House (11/9/1970)
2025-08-10 08:20:40,159 - INFO - Collecting details for show 8/21: Action House (11/10/1970)
2025-08-10 08:20:42,094 - INFO - Collecting details for show 9/21: 46th Street Rock Palace (11/11/1970)
2025-08-10 08:20:44,576 - INFO - Collecting details for show 10/21: 46th Street Rock Palace (11/12/1970)
2025-08-10 08:20:46,201 - INFO - Progress: 10/21 shows processed. Rate: 0.5/min
2025-08-10 08:20:46,201 - INFO - Collecting details for show 11/21: 46th Street Rock Palace (11/13/1970)
2025-08-10 08:20:48,288 - INFO - Collecting details for show 12/21: 46th Street Rock Palace (11/14/1970)
2025-08-10 08:20:50,332 - INFO - Collecting details for show 13/21: Fillmore East (11/16/1970)
2025-08-10 08:20:52,279 - INFO - Collecting details for show 14/21: The Palestra, U. of Rochester (11/20/1970)
2025-08-10 08:20:54,230 - INFO - Collecting details for show 15/21: Sargent Gym, Boston U. (11/21/1970)
2025-08-10 08:20:56,257 - INFO - Progress: 15/21 shows processed. Rate: 0.5/min
2025-08-10 08:20:56,258 - INFO - Collecting details for show 16/21: Middlesex County Community College (11/22/1970)
2025-08-10 08:20:58,443 - INFO - Collecting details for show 17/21: Anderson Theater (11/23/1970)
2025-08-10 08:21:00,195 - INFO - Collecting details for show 18/21: The Syndrome (11/27/1970)
2025-08-10 08:21:02,641 - INFO - Collecting details for show 19/21: Club agora (11/29/1970)
2025-08-10 08:21:05,475 - INFO - Collecting details for show 20/21: Santa Rosa Fairgrounds (12/12/1970)
2025-08-10 08:21:06,460 - INFO - Progress: 20/21 shows processed. Rate: 0.5/min
2025-08-10 08:21:06,460 - INFO - Collecting details for show 21/21: Sacramento Memorial Auditorium (12/22/1970)
2025-08-10 08:21:08,310 - INFO - Page 30 complete: 21 shows collected
2025-08-10 08:21:08,310 - INFO - Processing page 31
2025-08-10 08:21:10,451 - INFO - Found 21 shows on page 31
2025-08-10 08:21:10,451 - INFO - Collecting details for show 1/21: Winterland Arena (12/23/1970)
2025-08-10 08:21:12,366 - INFO - Collecting details for show 2/21: Legion Stadium (12/26/1970)
2025-08-10 08:21:14,337 - INFO - Collecting details for show 3/21: Legion Stadium (12/27/1970)
2025-08-10 08:21:16,275 - INFO - Collecting details for show 4/21: Legion Stadium (12/28/1970)
2025-08-10 08:21:18,266 - INFO - Collecting details for show 5/21: Winterland Arena (12/31/1970)
2025-08-10 08:21:19,770 - INFO - Progress: 5/21 shows processed. Rate: 0.5/min
2025-08-10 08:21:19,770 - INFO - Collecting details for show 6/21: Freeborn Hall, U. of California (1/21/1971)
2025-08-10 08:21:22,379 - INFO - Collecting details for show 7/21: Lane Community College (1/22/1971)
2025-08-10 08:21:24,335 - INFO - Collecting details for show 8/21: Seattle Center Arena (1/24/1971)
2025-08-10 08:21:26,289 - INFO - Collecting details for show 9/21: Capitol Theater (2/18/1971)
2025-08-10 08:21:27,740 - INFO - Collecting details for show 10/21: Capitol Theater (2/19/1971)
2025-08-10 08:21:30,609 - INFO - Progress: 10/21 shows processed. Rate: 0.5/min
2025-08-10 08:21:30,610 - INFO - Collecting details for show 11/21: Capitol Theater (2/20/1971)
2025-08-10 08:21:32,420 - INFO - Collecting details for show 12/21: Capitol Theater (2/21/1971)
2025-08-10 08:21:33,838 - INFO - Collecting details for show 13/21: Capitol Theater (2/23/1971)
2025-08-10 08:21:36,287 - INFO - Collecting details for show 14/21: Capitol Theater (2/24/1971)
2025-08-10 08:21:38,660 - INFO - Collecting details for show 15/21: Fillmore West (3/3/1971)
2025-08-10 08:21:40,306 - INFO - Progress: 15/21 shows processed. Rate: 0.5/min
2025-08-10 08:21:40,306 - INFO - Collecting details for show 16/21: Oakland Auditorium Arena (3/5/1971)
2025-08-10 08:21:42,271 - INFO - Collecting details for show 17/21: Jenison Field House, Michigan State U. (3/13/1971)
2025-08-10 08:21:43,773 - INFO - Collecting details for show 18/21: Camp Randall Field House, U. of Wisconsin (3/14/1971)
2025-08-10 08:21:46,236 - INFO - Collecting details for show 19/21: Fox Theatre (3/17/1971)
2025-08-10 08:21:48,243 - INFO - Collecting details for show 20/21: Fox Theatre (3/18/1971)
2025-08-10 08:21:49,812 - INFO - Progress: 20/21 shows processed. Rate: 0.5/min
2025-08-10 08:21:49,812 - INFO - Collecting details for show 21/21: Fieldhouse, U. Of Iowa (3/20/1971)
2025-08-10 08:21:52,291 - INFO - Page 31 complete: 21 shows collected
2025-08-10 08:21:52,291 - INFO - Processing page 32
2025-08-10 08:21:54,942 - INFO - Found 21 shows on page 32
2025-08-10 08:21:54,942 - INFO - Collecting details for show 1/21: Exposition Center (3/21/1971)
2025-08-10 08:21:56,332 - INFO - Collecting details for show 2/21: Winterland Arena (3/24/1971)
2025-08-10 08:21:58,798 - INFO - Collecting details for show 3/21: Manhattan Center (4/4/1971)
2025-08-10 08:22:00,321 - INFO - Collecting details for show 4/21: Manhattan Center (4/5/1971)
2025-08-10 08:22:02,469 - INFO - Collecting details for show 5/21: Manhattan Center (4/6/1971)
2025-08-10 08:22:03,782 - INFO - Progress: 5/21 shows processed. Rate: 0.5/min
2025-08-10 08:22:03,782 - INFO - Collecting details for show 6/21: Boston Music Hall (4/7/1971)
2025-08-10 08:22:06,446 - INFO - Collecting details for show 7/21: Boston Music Hall (4/8/1971)
2025-08-10 08:22:08,311 - INFO - Collecting details for show 8/21: East Hall Franklin & Marshall Col. (4/10/1971)
2025-08-10 08:22:10,314 - INFO - Collecting details for show 9/21: Civic Arena (4/12/1971)
2025-08-10 08:22:12,368 - INFO - Collecting details for show 10/21: Catholic Youth Center (4/13/1971)
2025-08-10 08:22:14,233 - INFO - Progress: 10/21 shows processed. Rate: 0.5/min
2025-08-10 08:22:14,233 - INFO - Collecting details for show 11/21: Christy Mathewson Stadium, Bucknell U. (4/14/1971)
2025-08-10 08:22:16,670 - INFO - Collecting details for show 12/21: Allegheny State College (4/15/1971)
2025-08-10 08:22:18,289 - INFO - Collecting details for show 13/21: Dillon Gym, Princeton U. (4/17/1971)
2025-08-10 08:22:20,382 - INFO - Collecting details for show 14/21: Lusk Field House, S.U.C.N.Y (4/18/1971)
2025-08-10 08:22:22,299 - INFO - Collecting details for show 15/21: Rhode Island Auditorium (4/21/1971)
2025-08-10 08:22:24,435 - INFO - Progress: 15/21 shows processed. Rate: 0.5/min
2025-08-10 08:22:24,435 - INFO - Collecting details for show 16/21: Bangor Municipal Auditorium (4/22/1971)
2025-08-10 08:22:26,397 - INFO - Collecting details for show 17/21: Wallace Wade Stadium, Duke U. (4/24/1971)
2025-08-10 08:22:28,007 - INFO - Collecting details for show 18/21: Fillmore East (4/25/1971)
2025-08-10 08:22:30,352 - INFO - Collecting details for show 19/21: Fillmore East (4/26/1971)
2025-08-10 08:22:31,770 - INFO - Collecting details for show 20/21: Fillmore East (4/27/1971)
2025-08-10 08:22:34,262 - INFO - Progress: 20/21 shows processed. Rate: 0.5/min
2025-08-10 08:22:34,262 - INFO - Collecting details for show 21/21: Fillmore East (4/28/1971)
2025-08-10 08:22:35,818 - INFO - Page 32 complete: 21 shows collected
2025-08-10 08:22:35,818 - INFO - Processing page 33
2025-08-10 08:22:38,698 - INFO - Found 21 shows on page 33
2025-08-10 08:22:38,698 - INFO - Collecting details for show 1/21: Fillmore East (4/29/1971)
2025-08-10 08:22:40,257 - INFO - Collecting details for show 2/21: Winterland Arena (5/29/1971)
2025-08-10 08:22:42,318 - INFO - Collecting details for show 3/21: Winterland Arena (5/30/1971)
2025-08-10 08:22:44,269 - INFO - Collecting details for show 4/21: Chateau d'HerouvilIe (6/21/1971)
2025-08-10 08:22:46,285 - INFO - Collecting details for show 5/21: Fillmore West (7/2/1971)
2025-08-10 08:22:47,807 - INFO - Progress: 5/21 shows processed. Rate: 0.5/min
2025-08-10 08:22:47,807 - INFO - Collecting details for show 6/21: Yale Bowl, Yale U. (7/31/1971)
2025-08-10 08:22:50,241 - INFO - Collecting details for show 7/21: Terminal Island Correctional Fac. (8/4/1971)
2025-08-10 08:22:52,349 - INFO - Collecting details for show 8/21: Hollywood Palladium (8/5/1971)
2025-08-10 08:22:54,545 - INFO - Collecting details for show 9/21: Hollywood Palladium (8/6/1971)
2025-08-10 08:22:56,361 - INFO - Collecting details for show 10/21: San Diego Community Concourse (8/7/1971)
2025-08-10 08:22:57,789 - INFO - Progress: 10/21 shows processed. Rate: 0.5/min
2025-08-10 08:22:57,789 - INFO - Collecting details for show 11/21: Berkeley Community Theater (8/14/1971)
2025-08-10 08:23:00,326 - INFO - Collecting details for show 12/21: Berkeley Community Theater (8/15/1971)
2025-08-10 08:23:02,454 - INFO - Collecting details for show 13/21: Auditorium Theatre (8/23/1971)
2025-08-10 08:23:04,330 - INFO - Collecting details for show 14/21: Auditorium Theatre (8/24/1971)
2025-08-10 08:23:06,298 - INFO - Collecting details for show 15/21: Gaelic Park (8/26/1971)
2025-08-10 08:23:07,774 - INFO - Progress: 15/21 shows processed. Rate: 0.5/min
2025-08-10 08:23:07,775 - INFO - Collecting details for show 16/21: Northrop Auditorium, U. of Minnesota (10/19/1971)
2025-08-10 08:23:10,536 - INFO - Collecting details for show 17/21: Auditorium Theatre (10/21/1971)
2025-08-10 08:23:11,773 - INFO - Collecting details for show 18/21: Auditorium Theatre (10/22/1971)
2025-08-10 08:23:13,942 - INFO - Collecting details for show 19/21: Easttown Theatre (10/23/1971)
2025-08-10 08:23:16,349 - INFO - Collecting details for show 20/21: Easttown Theatre (10/24/1971)
2025-08-10 08:23:18,547 - INFO - Progress: 20/21 shows processed. Rate: 0.5/min
2025-08-10 08:23:18,548 - INFO - Collecting details for show 21/21: The Palestra, U. of Rochester (10/26/1971)
2025-08-10 08:23:20,288 - INFO - Page 33 complete: 21 shows collected
2025-08-10 08:23:20,289 - INFO - Processing page 34
2025-08-10 08:23:22,672 - INFO - Found 21 shows on page 34
2025-08-10 08:23:22,673 - INFO - Collecting details for show 1/21: Onondaga County War Memorial (10/27/1971)
2025-08-10 08:23:24,306 - INFO - Collecting details for show 2/21: Allan Theater (10/29/1971)
2025-08-10 08:23:26,551 - INFO - Collecting details for show 3/21: Taft Auditorium (10/30/1971)
2025-08-10 08:23:28,221 - INFO - Collecting details for show 4/21: Ohio Theatre (10/31/1971)
2025-08-10 08:23:29,823 - INFO - Collecting details for show 5/21: Harding Theater (11/6/1971)
2025-08-10 08:23:32,384 - INFO - Progress: 5/21 shows processed. Rate: 0.5/min
2025-08-10 08:23:32,384 - INFO - Collecting details for show 6/21: Harding Theater (11/7/1971)
2025-08-10 08:23:34,382 - INFO - Collecting details for show 7/21: Atlanta Municipal Auditorium (11/11/1971)
2025-08-10 08:23:35,770 - INFO - Collecting details for show 8/21: San Antonio Civic Auditorium (11/12/1971)
2025-08-10 08:23:38,374 - INFO - Collecting details for show 9/21: Texas Christian U. (11/14/1971)
2025-08-10 08:23:40,497 - INFO - Collecting details for show 10/21: Austin Municipal Auditorium (11/15/1971)
2025-08-10 08:23:42,418 - INFO - Progress: 10/21 shows processed. Rate: 0.5/min
2025-08-10 08:23:42,419 - INFO - Collecting details for show 11/21: Albuquerque Civic Auditorium (11/17/1971)
2025-08-10 08:23:44,285 - INFO - Collecting details for show 12/21: Pauley Pavilion, UCLA (11/20/1971)
2025-08-10 08:23:46,297 - INFO - Collecting details for show 13/21: Boston Music Hall (12/1/1971)
2025-08-10 08:23:48,330 - INFO - Collecting details for show 14/21: Boston Music Hall (12/2/1971)
2025-08-10 08:23:50,641 - INFO - Collecting details for show 15/21: Felt Forum (12/4/1971)
2025-08-10 08:23:52,395 - INFO - Progress: 15/21 shows processed. Rate: 0.5/min
2025-08-10 08:23:52,396 - INFO - Collecting details for show 16/21: Felt Forum (12/5/1971)
2025-08-10 08:23:54,317 - INFO - Collecting details for show 17/21: Felt Forum (12/6/1971)
2025-08-10 08:23:56,332 - INFO - Collecting details for show 18/21: Felt Forum (12/7/1971)
2025-08-10 08:23:57,778 - INFO - Collecting details for show 19/21: Fox Theatre (12/9/1971)
2025-08-10 08:23:59,786 - INFO - Collecting details for show 20/21: Fox Theatre (12/10/1971)
2025-08-10 08:24:01,788 - INFO - Progress: 20/21 shows processed. Rate: 0.5/min
2025-08-10 08:24:01,789 - INFO - Collecting details for show 21/21: Hill Auditorium (12/14/1971)
2025-08-10 08:24:04,925 - INFO - Page 34 complete: 21 shows collected
2025-08-10 08:24:04,925 - INFO - Processing page 35
2025-08-10 08:24:06,707 - INFO - Found 21 shows on page 35
2025-08-10 08:24:06,708 - INFO - Collecting details for show 1/21: Hill Auditorium (12/15/1971)
2025-08-10 08:24:08,288 - INFO - Collecting details for show 2/21: Winterland Arena (12/31/1971)
2025-08-10 08:24:10,604 - INFO - Collecting details for show 3/21: Winterland Arena (1/2/1972)
2025-08-10 08:24:12,393 - INFO - Collecting details for show 4/21: Winterland Arena (3/5/1972)
2025-08-10 08:24:14,385 - INFO - Collecting details for show 5/21: Academy of Music (3/21/1972)
2025-08-10 08:24:16,598 - INFO - Progress: 5/21 shows processed. Rate: 0.5/min
2025-08-10 08:24:16,599 - INFO - Collecting details for show 6/21: Academy of Music (3/22/1972)
2025-08-10 08:24:18,450 - INFO - Collecting details for show 7/21: Academy of Music (3/23/1972)
2025-08-10 08:24:20,383 - INFO - Collecting details for show 8/21: Academy of Music (3/25/1972)
2025-08-10 08:24:22,391 - INFO - Collecting details for show 9/21: Academy of Music (3/26/1972)
2025-08-10 08:24:23,823 - INFO - Collecting details for show 10/21: Academy of Music (3/27/1972)
2025-08-10 08:24:26,275 - INFO - Progress: 10/21 shows processed. Rate: 0.5/min
2025-08-10 08:24:26,275 - INFO - Collecting details for show 11/21: Academy of Music (3/28/1972)
2025-08-10 08:24:28,476 - INFO - Collecting details for show 12/21: Wembley Empire Pool (4/7/1972)
2025-08-10 08:24:29,793 - INFO - Collecting details for show 13/21: Wembley Empire Pool (4/8/1972)
2025-08-10 08:24:32,332 - INFO - Collecting details for show 14/21: Newcastle City Hall (4/11/1972)
2025-08-10 08:24:34,377 - INFO - Collecting details for show 15/21: Tivoli Theater (4/14/1972)
2025-08-10 08:24:36,367 - INFO - Progress: 15/21 shows processed. Rate: 0.5/min
2025-08-10 08:24:36,367 - INFO - Collecting details for show 16/21: Aarhus U. (4/16/1972)
2025-08-10 08:24:38,242 - INFO - Collecting details for show 17/21: Tivoli Gardens (4/17/1972)
2025-08-10 08:24:39,806 - INFO - Collecting details for show 18/21: Beat Club (4/21/1972)
2025-08-10 08:24:42,326 - INFO - Collecting details for show 19/21: Rheinhalle (4/24/1972)
2025-08-10 08:24:44,322 - INFO - Collecting details for show 20/21: Jahrhundert Halle (4/26/1972)
2025-08-10 08:24:46,260 - INFO - Progress: 20/21 shows processed. Rate: 0.5/min
2025-08-10 08:24:46,260 - INFO - Collecting details for show 21/21: Musikhalle (4/29/1972)
2025-08-10 08:24:48,225 - INFO - Page 35 complete: 21 shows collected
2025-08-10 08:24:48,226 - INFO - Processing page 36
2025-08-10 08:24:50,652 - INFO - Found 21 shows on page 36
2025-08-10 08:24:50,652 - INFO - Collecting details for show 1/21: Olympia Theater (5/3/1972)
2025-08-10 08:24:52,440 - INFO - Collecting details for show 2/21: Olympia Theater (5/4/1972)
2025-08-10 08:24:53,786 - INFO - Collecting details for show 3/21: Bickershaw Festival (5/7/1972)
2025-08-10 08:24:56,219 - INFO - Collecting details for show 4/21: Concertgebouw (5/10/1972)
2025-08-10 08:24:57,790 - INFO - Collecting details for show 5/21: Rotterdam Civic Hall (5/11/1972)
2025-08-10 08:25:00,300 - INFO - Progress: 5/21 shows processed. Rate: 0.5/min
2025-08-10 08:25:00,301 - INFO - Collecting details for show 6/21: Lille Fairgrounds (5/13/1972)
2025-08-10 08:25:03,004 - INFO - Collecting details for show 7/21: Studio du Grand Theatre (5/16/1972)
2025-08-10 08:25:04,544 - INFO - Collecting details for show 8/21: Kongressaal Deutsches Museum (5/18/1972)
2025-08-10 08:25:05,804 - INFO - Collecting details for show 9/21: The Strand Lyceum (5/23/1972)
2025-08-10 08:25:08,318 - INFO - Collecting details for show 10/21: The Strand Lyceum (5/24/1972)
2025-08-10 08:25:09,811 - INFO - Progress: 10/21 shows processed. Rate: 0.5/min
2025-08-10 08:25:09,812 - INFO - Collecting details for show 11/21: The Strand Lyceum (5/25/1972)
2025-08-10 08:25:12,301 - INFO - Collecting details for show 12/21: The Strand Lyceum (5/26/1972)
2025-08-10 08:25:14,256 - INFO - Collecting details for show 13/21: Hollywood Bowl (6/17/1972)
2025-08-10 08:25:16,302 - INFO - Collecting details for show 14/21: Dillon Stadium (7/16/1972)
2025-08-10 08:25:17,808 - INFO - Collecting details for show 15/21: Roosevelt Stadium (7/18/1972)
2025-08-10 08:25:19,821 - INFO - Progress: 15/21 shows processed. Rate: 0.5/min
2025-08-10 08:25:19,822 - INFO - Collecting details for show 16/21: Paramount Northwest Theater (7/21/1972)
2025-08-10 08:25:22,338 - INFO - Collecting details for show 17/21: Paramount Northwest Theater (7/22/1972)
2025-08-10 08:25:23,782 - INFO - Collecting details for show 18/21: Paramount Theater (7/25/1972)
2025-08-10 08:25:26,234 - INFO - Collecting details for show 19/21: Paramount Theater (7/26/1972)
2025-08-10 08:25:28,514 - INFO - Collecting details for show 20/21: Sacramento Memorial Auditorium (8/12/1972)
2025-08-10 08:25:30,307 - INFO - Progress: 20/21 shows processed. Rate: 0.5/min
2025-08-10 08:25:30,307 - INFO - Collecting details for show 21/21: San Jose Civic Auditorium (8/20/1972)
2025-08-10 08:25:32,361 - INFO - Page 36 complete: 21 shows collected
2025-08-10 08:25:32,362 - INFO - Processing page 37
2025-08-10 08:25:34,671 - INFO - Found 21 shows on page 37
2025-08-10 08:25:34,671 - INFO - Collecting details for show 1/21: Berkeley Community Theater (8/21/1972)
2025-08-10 08:25:36,414 - INFO - Collecting details for show 2/21: Berkeley Community Theater (8/22/1972)
2025-08-10 08:25:38,323 - INFO - Collecting details for show 3/21: Berkeley Community Theater (8/24/1972)
2025-08-10 08:25:40,311 - INFO - Collecting details for show 4/21: Berkeley Community Theater (8/25/1972)
2025-08-10 08:25:42,304 - INFO - Collecting details for show 5/21: Old Renaissance Faire Grounds (8/27/1972)
2025-08-10 08:25:44,337 - INFO - Progress: 5/21 shows processed. Rate: 0.5/min
2025-08-10 08:25:44,337 - INFO - Collecting details for show 6/21: Folsom Field, U. of Colorado (9/3/1972)
2025-08-10 08:25:46,262 - INFO - Collecting details for show 7/21: Hollywood Palladium (9/9/1972)
2025-08-10 08:25:48,252 - INFO - Collecting details for show 8/21: Hollywood Palladium (9/10/1972)
2025-08-10 08:25:50,280 - INFO - Collecting details for show 9/21: Boston Music Hall (9/15/1972)
2025-08-10 08:25:52,224 - INFO - Collecting details for show 10/21: Boston Music Hall (9/16/1972)
2025-08-10 08:25:54,251 - INFO - Progress: 10/21 shows processed. Rate: 0.5/min
2025-08-10 08:25:54,252 - INFO - Collecting details for show 11/21: Baltimore Civic Center (9/17/1972)
2025-08-10 08:25:56,244 - INFO - Collecting details for show 12/21: Roosevelt Stadium (9/19/1972)
2025-08-10 08:25:58,226 - INFO - Collecting details for show 13/21: The Spectrum (9/21/1972)
2025-08-10 08:25:59,799 - INFO - Collecting details for show 14/21: The Palace Theater (9/23/1972)
2025-08-10 08:26:02,384 - INFO - Collecting details for show 15/21: The Palace Theater (9/24/1972)
2025-08-10 08:26:04,544 - INFO - Progress: 15/21 shows processed. Rate: 0.5/min
2025-08-10 08:26:04,545 - INFO - Collecting details for show 16/21: Stanley Theatre (9/26/1972)
2025-08-10 08:26:06,361 - INFO - Collecting details for show 17/21: Stanley Theatre (9/27/1972)
2025-08-10 08:26:08,832 - INFO - Collecting details for show 18/21: Stanley Theatre (9/28/1972)
2025-08-10 08:26:10,862 - INFO - Collecting details for show 19/21: Reeves Field, American U. (9/30/1972)
2025-08-10 08:26:12,303 - INFO - Collecting details for show 20/21: Springfield Civic Center (10/2/1972)
2025-08-10 08:26:14,265 - INFO - Progress: 20/21 shows processed. Rate: 0.5/min
2025-08-10 08:26:14,265 - INFO - Collecting details for show 21/21: Winterland Arena (10/9/1972)
2025-08-10 08:26:16,354 - INFO - Page 37 complete: 21 shows collected
2025-08-10 08:26:16,354 - INFO - Processing page 38
2025-08-10 08:26:18,503 - INFO - Found 21 shows on page 38
2025-08-10 08:26:18,504 - INFO - Collecting details for show 1/21: Fox Theatre (10/17/1972)
2025-08-10 08:26:20,484 - INFO - Collecting details for show 2/21: Fox Theatre (10/18/1972)
2025-08-10 08:26:21,840 - INFO - Collecting details for show 3/21: Fox Theatre (10/19/1972)
2025-08-10 08:26:24,187 - INFO - Collecting details for show 4/21: Vanderbilt U. (10/21/1972)
2025-08-10 08:26:26,305 - INFO - Collecting details for show 5/21: Milwaukee Performing Arts Center (10/23/1972)
2025-08-10 08:26:28,274 - INFO - Progress: 5/21 shows processed. Rate: 0.5/min
2025-08-10 08:26:28,275 - INFO - Collecting details for show 6/21: Milwaukee Performing Arts Center (10/24/1972)
2025-08-10 08:26:29,840 - INFO - Collecting details for show 7/21: Cincinnati Music Hall (10/26/1972)
2025-08-10 08:26:32,394 - INFO - Collecting details for show 8/21: Veterans' Memorial Hall (10/27/1972)
2025-08-10 08:26:34,389 - INFO - Collecting details for show 9/21: Cleveland Public Hall (10/28/1972)
2025-08-10 08:26:36,281 - INFO - Collecting details for show 10/21: Ford Auditorium (10/30/1972)
2025-08-10 08:26:38,334 - INFO - Progress: 10/21 shows processed. Rate: 0.5/min
2025-08-10 08:26:38,334 - INFO - Collecting details for show 11/21: Soldiers' and Sailors' Memorial Hall (11/12/1972)
2025-08-10 08:26:40,355 - INFO - Collecting details for show 12/21: Soldiers' and Sailors' Memorial Hall (11/13/1972)
2025-08-10 08:26:42,385 - INFO - Collecting details for show 13/21: Oklahoma City Music Hall (11/14/1972)
2025-08-10 08:26:43,822 - INFO - Collecting details for show 14/21: Oklahoma City Music Hall (11/15/1972)
2025-08-10 08:26:46,192 - INFO - Collecting details for show 15/21: Century II Convention Hall (11/17/1972)
2025-08-10 08:26:48,400 - INFO - Progress: 15/21 shows processed. Rate: 0.5/min
2025-08-10 08:26:48,400 - INFO - Collecting details for show 16/21: Hofheinz Pavilion (11/18/1972)
2025-08-10 08:26:50,377 - INFO - Collecting details for show 17/21: Hofheinz Pavilion (11/19/1972)
2025-08-10 08:26:52,415 - INFO - Collecting details for show 18/21: Austin Municipal Auditorium (11/22/1972)
2025-08-10 08:26:54,406 - INFO - Collecting details for show 19/21: Dallas Memorial Auditorium (11/24/1972)
2025-08-10 08:26:56,312 - INFO - Collecting details for show 20/21: San Antonio Civic Auditorium (11/26/1972)
2025-08-10 08:26:58,310 - INFO - Progress: 20/21 shows processed. Rate: 0.5/min
2025-08-10 08:26:58,311 - INFO - Collecting details for show 21/21: Winterland Arena (12/10/1972)
2025-08-10 08:27:00,325 - INFO - Page 38 complete: 21 shows collected
2025-08-10 08:27:00,325 - INFO - Processing page 39
2025-08-10 08:27:02,781 - INFO - Found 21 shows on page 39
2025-08-10 08:27:02,784 - INFO - Collecting details for show 1/21: Winterland Arena (12/11/1972)
2025-08-10 08:27:04,388 - INFO - Collecting details for show 2/21: Winterland Arena (12/12/1972)
2025-08-10 08:27:05,815 - INFO - Collecting details for show 3/21: Long Beach Arena (12/15/1972)
2025-08-10 08:27:08,261 - INFO - Collecting details for show 4/21: Winterland Arena (12/31/1972)
2025-08-10 08:27:10,087 - INFO - Collecting details for show 5/21: Roscoe Maples Pavilion, Stanford U. (2/9/1973)
2025-08-10 08:27:12,292 - INFO - Progress: 5/21 shows processed. Rate: 0.5/min
2025-08-10 08:27:12,293 - INFO - Collecting details for show 6/21: Dane County Coliseum (2/15/1973)
2025-08-10 08:27:14,502 - INFO - Collecting details for show 7/21: St. Paul Auditorium (2/17/1973)
2025-08-10 08:27:16,386 - INFO - Collecting details for show 8/21: International Amphitheatre (2/19/1973)
2025-08-10 08:27:18,460 - INFO - Collecting details for show 9/21: Assembly Hall, U. of Illinois (2/21/1973)
2025-08-10 08:27:20,244 - INFO - Collecting details for show 10/21: Assembly Hall, U. of Illinois (2/22/1973)
2025-08-10 08:27:22,881 - INFO - Progress: 10/21 shows processed. Rate: 0.5/min
2025-08-10 08:27:22,882 - INFO - Collecting details for show 11/21: U. of Iowa (2/24/1973)
2025-08-10 08:27:24,292 - INFO - Collecting details for show 12/21: Pershing Municipal Auditorium (2/26/1973)
2025-08-10 08:27:26,321 - INFO - Collecting details for show 13/21: Salt Palace (2/28/1973)
2025-08-10 08:27:28,426 - INFO - Collecting details for show 14/21: Nassau Coliseum (3/15/1973)
2025-08-10 08:27:30,453 - INFO - Collecting details for show 15/21: Nassau Coliseum (3/16/1973)
2025-08-10 08:27:31,890 - INFO - Progress: 15/21 shows processed. Rate: 0.5/min
2025-08-10 08:27:31,891 - INFO - Collecting details for show 16/21: Nassau Coliseum (3/19/1973)
2025-08-10 08:27:33,815 - INFO - Collecting details for show 17/21: Utica Memorial Auditorium (3/21/1973)
2025-08-10 08:27:36,275 - INFO - Collecting details for show 18/21: Utica Memorial Auditorium (3/22/1973)
2025-08-10 08:27:38,364 - INFO - Collecting details for show 19/21: The Spectrum (3/24/1973)
2025-08-10 08:27:40,267 - INFO - Collecting details for show 20/21: Baltimore Civic Center (3/26/1973)
2025-08-10 08:27:42,254 - INFO - Progress: 20/21 shows processed. Rate: 0.5/min
2025-08-10 08:27:42,255 - INFO - Collecting details for show 21/21: Springfield Civic Center (3/28/1973)
2025-08-10 08:27:44,373 - INFO - Page 39 complete: 21 shows collected
2025-08-10 08:27:44,373 - INFO - Processing page 40
2025-08-10 08:27:46,566 - INFO - Found 21 shows on page 40
2025-08-10 08:27:46,566 - INFO - Collecting details for show 1/21: Community War Memorial Auditorium (3/30/1973)
2025-08-10 08:27:48,261 - INFO - Collecting details for show 2/21: War Memorial Auditorium (3/31/1973)
2025-08-10 08:27:50,274 - INFO - Collecting details for show 3/21: Boston Garden (4/2/1973)
2025-08-10 08:27:52,268 - INFO - Collecting details for show 4/21: Des Moines State Fairgrounds (5/13/1973)
2025-08-10 08:27:54,228 - INFO - Collecting details for show 5/21: Stadium (UC Santa Barbara) (5/20/1973)
2025-08-10 08:27:56,279 - INFO - Progress: 5/21 shows processed. Rate: 0.5/min
2025-08-10 08:27:56,279 - INFO - Collecting details for show 6/21: Kezar Stadium (5/26/1973)
2025-08-10 08:27:58,312 - INFO - Collecting details for show 7/21: RFK Stadium (6/9/1973)
2025-08-10 08:28:00,304 - INFO - Collecting details for show 8/21: RFK Stadium (6/10/1973)
2025-08-10 08:28:02,561 - INFO - Collecting details for show 9/21: P.N.E. Coliseum (6/22/1973)
2025-08-10 08:28:04,365 - INFO - Collecting details for show 10/21: Portland Memorial Coliseum (6/24/1973)
2025-08-10 08:28:06,254 - WARNING - Got 500 but response contains HTML, attempting to parse: https://jerrygarcia.com/show/1973-06-24-portland-memorial-coliseum-portland-or-usa/
2025-08-10 08:28:06,304 - INFO - ✅ Successfully parsed show data despite 500 error: https://jerrygarcia.com/show/1973-06-24-portland-memorial-coliseum-portland-or-usa/
2025-08-10 08:28:06,309 - INFO - Progress: 10/21 shows processed. Rate: 0.5/min
2025-08-10 08:28:06,310 - INFO - Collecting details for show 11/21: Seattle Center Arena (6/26/1973)
2025-08-10 08:28:08,255 - INFO - Collecting details for show 12/21: Universal Amphitheatre (6/29/1973)
2025-08-10 08:28:10,223 - INFO - Collecting details for show 13/21: Universal Amphitheatre (6/30/1973)
2025-08-10 08:28:12,219 - INFO - Collecting details for show 14/21: Universal Amphitheatre (7/1/1973)
2025-08-10 08:28:14,231 - INFO - Collecting details for show 15/21: Grand Prix Racecourse (7/27/1973)
2025-08-10 08:28:16,234 - INFO - Progress: 15/21 shows processed. Rate: 0.5/min
2025-08-10 08:28:16,235 - INFO - Collecting details for show 16/21: Grand Prix Racecourse (7/28/1973)
2025-08-10 08:28:17,828 - INFO - Collecting details for show 17/21: Roosevelt Stadium (7/31/1973)
2025-08-10 08:28:20,419 - INFO - Collecting details for show 18/21: Roosevelt Stadium (8/1/1973)
2025-08-10 08:28:21,842 - INFO - Collecting details for show 19/21: Nassau Coliseum (9/7/1973)
2025-08-10 08:28:24,292 - INFO - Collecting details for show 20/21: Nassau Coliseum (9/8/1973)
2025-08-10 08:28:26,625 - INFO - Progress: 20/21 shows processed. Rate: 0.5/min
2025-08-10 08:28:26,626 - INFO - Collecting details for show 21/21: William and Mary College Hall (9/11/1973)
2025-08-10 08:28:28,427 - INFO - Page 40 complete: 21 shows collected
2025-08-10 08:28:28,427 - INFO - Processing page 41
2025-08-10 08:28:30,806 - INFO - Found 21 shows on page 41
2025-08-10 08:28:30,806 - INFO - Collecting details for show 1/21: William and Mary College Hall (9/12/1973)
2025-08-10 08:28:32,462 - INFO - Collecting details for show 2/21: Providence Civic Center (9/15/1973)
2025-08-10 08:28:34,627 - INFO - Collecting details for show 3/21: Onondaga County War Memorial (9/17/1973)
2025-08-10 08:28:35,832 - INFO - Collecting details for show 4/21: The Spectrum (9/20/1973)
2025-08-10 08:28:38,229 - INFO - Collecting details for show 5/21: The Spectrum (9/21/1973)
2025-08-10 08:28:40,266 - INFO - Progress: 5/21 shows processed. Rate: 0.5/min
2025-08-10 08:28:40,266 - INFO - Collecting details for show 6/21: Civic Arena (9/24/1973)
2025-08-10 08:28:42,301 - INFO - Collecting details for show 7/21: War Memorial Auditorium (9/26/1973)
2025-08-10 08:28:43,980 - INFO - Collecting details for show 8/21: Oklahoma City Fairgrounds Arena (10/19/1973)
2025-08-10 08:28:46,246 - WARNING - Got 500 but response contains HTML, attempting to parse: https://jerrygarcia.com/show/1973-10-19-oklahoma-city-fairgrounds-arena-oklahoma-city-ok-usa/
2025-08-10 08:28:46,266 - INFO - ✅ Successfully parsed show data despite 500 error: https://jerrygarcia.com/show/1973-10-19-oklahoma-city-fairgrounds-arena-oklahoma-city-ok-usa/
2025-08-10 08:28:46,270 - INFO - Collecting details for show 9/21: Omaha Civic Auditorium (10/21/1973)
2025-08-10 08:28:48,287 - INFO - Collecting details for show 10/21: Metropolitan Sports Center (10/23/1973)
2025-08-10 08:28:50,220 - INFO - Progress: 10/21 shows processed. Rate: 0.5/min
2025-08-10 08:28:50,220 - INFO - Collecting details for show 11/21: Dane County Coliseum (10/25/1973)
2025-08-10 08:28:51,842 - INFO - Collecting details for show 12/21: Indianapolis State Fair Coliseum (10/27/1973)
2025-08-10 08:28:54,238 - INFO - Collecting details for show 13/21: Kiel Auditorium (10/29/1973)
2025-08-10 08:28:55,868 - INFO - Collecting details for show 14/21: Kiel Auditorium (10/30/1973)
2025-08-10 08:28:57,819 - INFO - Collecting details for show 15/21: McGaw Memorial Hall, Northwestern U. (11/1/1973)
2025-08-10 08:29:00,355 - INFO - Progress: 15/21 shows processed. Rate: 0.5/min
2025-08-10 08:29:00,356 - INFO - Collecting details for show 16/21: Winterland Arena (11/9/1973)
2025-08-10 08:29:02,500 - INFO - Collecting details for show 17/21: Winterland Arena (11/10/1973)
2025-08-10 08:29:04,323 - INFO - Collecting details for show 18/21: Winterland Arena (11/11/1973)
2025-08-10 08:29:06,272 - INFO - Collecting details for show 19/21: San Diego Sports Arena (11/14/1973)
2025-08-10 08:29:08,324 - INFO - Collecting details for show 20/21: Pauley Pavilion, UCLA (11/17/1973)
2025-08-10 08:29:10,280 - INFO - Progress: 20/21 shows processed. Rate: 0.5/min
2025-08-10 08:29:10,280 - INFO - Collecting details for show 21/21: Denver Coliseum (11/20/1973)
2025-08-10 08:29:12,271 - INFO - Page 41 complete: 21 shows collected
2025-08-10 08:29:12,272 - INFO - Processing page 42
2025-08-10 08:29:14,495 - INFO - Found 21 shows on page 42
2025-08-10 08:29:14,496 - INFO - Collecting details for show 1/21: Denver Coliseum (11/21/1973)
2025-08-10 08:29:16,212 - INFO - Collecting details for show 2/21: County Coliseum (11/23/1973)
2025-08-10 08:29:17,803 - INFO - Collecting details for show 3/21: Feyline Field (11/25/1973)
2025-08-10 08:29:20,996 - INFO - Collecting details for show 4/21: Boston Music Hall (11/30/1973)
2025-08-10 08:29:22,507 - INFO - Collecting details for show 5/21: Boston Music Hall (12/1/1973)
2025-08-10 08:29:24,511 - INFO - Progress: 5/21 shows processed. Rate: 0.5/min
2025-08-10 08:29:24,511 - INFO - Collecting details for show 6/21: Boston Music Hall (12/2/1973)
2025-08-10 08:29:26,267 - INFO - Collecting details for show 7/21: Cincinnati Gardens (12/4/1973)
2025-08-10 08:29:28,293 - INFO - Collecting details for show 8/21: Cleveland Public Auditorium (12/6/1973)
2025-08-10 08:29:30,507 - INFO - Collecting details for show 9/21: Cameron Indoor Stadium, Duke U. (12/8/1973)
2025-08-10 08:29:32,342 - INFO - Collecting details for show 10/21: Charlotte Coliseum (12/10/1973)
2025-08-10 08:29:34,496 - INFO - Progress: 10/21 shows processed. Rate: 0.5/min
2025-08-10 08:29:34,497 - INFO - Collecting details for show 11/21: The Omni (12/12/1973)
2025-08-10 08:29:36,345 - INFO - Collecting details for show 12/21: Curtis Hixon Convention Hall (12/18/1973)
2025-08-10 08:29:38,286 - INFO - Collecting details for show 13/21: Curtis Hixon Convention Hall (12/19/1973)
2025-08-10 08:29:40,226 - INFO - Collecting details for show 14/21: Winterland Arena (2/22/1974)
2025-08-10 08:29:42,420 - INFO - Collecting details for show 15/21: Winterland Arena (2/23/1974)
2025-08-10 08:29:44,446 - INFO - Progress: 15/21 shows processed. Rate: 0.5/min
2025-08-10 08:29:44,447 - INFO - Collecting details for show 16/21: Winterland Arena (2/24/1974)
2025-08-10 08:29:45,844 - INFO - Collecting details for show 17/21: Cow Palace (3/23/1974)
2025-08-10 08:29:47,808 - INFO - Collecting details for show 18/21: U. of Nevada (5/12/1974)
2025-08-10 08:29:50,223 - INFO - Collecting details for show 19/21: Adams Field House, U. of Montana (5/14/1974)
2025-08-10 08:29:52,382 - INFO - Collecting details for show 20/21: P.N.E. Coliseum (5/17/1974)
2025-08-10 08:29:54,265 - INFO - Progress: 20/21 shows processed. Rate: 0.5/min
2025-08-10 08:29:54,265 - INFO - Collecting details for show 21/21: Portland Memorial Coliseum (5/19/1974)
2025-08-10 08:29:56,301 - INFO - Page 42 complete: 21 shows collected
2025-08-10 08:29:56,301 - INFO - Processing page 43
2025-08-10 08:29:58,563 - INFO - Found 21 shows on page 43
2025-08-10 08:29:58,563 - INFO - Collecting details for show 1/21: Edmundson Pavilion, U. of Washington (5/21/1974)
2025-08-10 08:30:00,210 - INFO - Collecting details for show 2/21: Campus Stadium, UC Santa Barbara (5/25/1974)
2025-08-10 08:30:03,505 - INFO - Collecting details for show 3/21: Oakland-Alameda County Coliseum (6/8/1974)
2025-08-10 08:30:04,508 - INFO - Collecting details for show 4/21: Des Moines State Fair Grandstand (6/16/1974)
2025-08-10 08:30:06,260 - INFO - Collecting details for show 5/21: Freedom Hall (6/18/1974)
2025-08-10 08:30:08,013 - INFO - Progress: 5/21 shows processed. Rate: 0.5/min
2025-08-10 08:30:08,014 - INFO - Collecting details for show 6/21: The Omni (6/20/1974)
2025-08-10 08:30:10,274 - INFO - Collecting details for show 7/21: Jai-Alai Fronton (6/22/1974)
2025-08-10 08:30:12,284 - INFO - Collecting details for show 8/21: Jai-Alai Fronton (6/23/1974)
2025-08-10 08:30:14,278 - INFO - Collecting details for show 9/21: Providence Civic Center (6/26/1974)
2025-08-10 08:30:16,311 - INFO - Collecting details for show 10/21: Boston Garden (6/28/1974)
2025-08-10 08:30:18,379 - INFO - Progress: 10/21 shows processed. Rate: 0.5/min
2025-08-10 08:30:18,380 - INFO - Collecting details for show 11/21: Springfield Civic Center (6/30/1974)
2025-08-10 08:30:20,503 - INFO - Collecting details for show 12/21: Selland Arena (7/19/1974)
2025-08-10 08:30:22,301 - INFO - Collecting details for show 13/21: Hollywood Bowl (7/21/1974)
2025-08-10 08:30:24,296 - INFO - Collecting details for show 14/21: International Amphitheatre (7/25/1974)
2025-08-10 08:30:26,395 - INFO - Collecting details for show 15/21: Roanoke Civic Center (7/27/1974)
2025-08-10 08:30:28,492 - INFO - Progress: 15/21 shows processed. Rate: 0.5/min
2025-08-10 08:30:28,492 - INFO - Collecting details for show 16/21: Capital Centre (7/29/1974)
2025-08-10 08:30:30,242 - INFO - Collecting details for show 17/21: Dillon Stadium (7/31/1974)
2025-08-10 08:30:31,837 - INFO - Collecting details for show 18/21: Philadelphia Civic Arena (8/4/1974)
2025-08-10 08:30:33,841 - INFO - Collecting details for show 19/21: Philadelphia Civic Arena (8/5/1974)
2025-08-10 08:30:35,903 - INFO - Collecting details for show 20/21: Roosevelt Stadium (8/6/1974)
2025-08-10 08:30:37,875 - INFO - Progress: 20/21 shows processed. Rate: 0.5/min
2025-08-10 08:30:37,875 - INFO - Collecting details for show 21/21: Alexandra Palace (9/9/1974)
2025-08-10 08:30:39,816 - INFO - Page 43 complete: 21 shows collected
2025-08-10 08:30:39,816 - INFO - Processing page 44
2025-08-10 08:30:42,580 - INFO - Found 21 shows on page 44
2025-08-10 08:30:42,580 - INFO - Collecting details for show 1/21: Alexandra Palace (9/10/1974)
2025-08-10 08:30:44,266 - INFO - Collecting details for show 2/21: Alexandra Palace (9/11/1974)
2025-08-10 08:30:46,212 - INFO - Collecting details for show 3/21: Olympia Halle (9/14/1974)
2025-08-10 08:30:48,324 - INFO - Collecting details for show 4/21: Parc des Exposition (9/18/1974)
2025-08-10 08:30:50,239 - INFO - Collecting details for show 5/21: Palais Des Sports (9/20/1974)
2025-08-10 08:30:51,830 - INFO - Progress: 5/21 shows processed. Rate: 0.5/min
2025-08-10 08:30:51,831 - INFO - Collecting details for show 6/21: Palais Des Sports (9/21/1974)
2025-08-10 08:30:54,253 - INFO - Collecting details for show 7/21: Winterland Arena (10/16/1974)
2025-08-10 08:30:55,830 - INFO - Collecting details for show 8/21: Winterland Arena (10/17/1974)
2025-08-10 08:30:58,330 - INFO - Collecting details for show 9/21: Winterland Arena (10/18/1974)
2025-08-10 08:31:00,286 - INFO - Collecting details for show 10/21: Winterland Arena (10/19/1974)
2025-08-10 08:31:02,330 - INFO - Progress: 10/21 shows processed. Rate: 0.5/min
2025-08-10 08:31:02,331 - INFO - Collecting details for show 11/21: Winterland Arena (10/20/1974)
2025-08-10 08:31:04,294 - INFO - Collecting details for show 12/21: Kezar Stadium (3/23/1975)
2025-08-10 08:31:06,234 - INFO - Collecting details for show 13/21: Winterland Arena (6/17/1975)
2025-08-10 08:31:08,235 - INFO - Collecting details for show 14/21: Great American Music Hall (8/13/1975)
2025-08-10 08:31:10,255 - INFO - Collecting details for show 15/21: Lindley Meadows, Golden Gate Park (9/28/1975)
2025-08-10 08:31:12,164 - INFO - Progress: 15/21 shows processed. Rate: 0.5/min
2025-08-10 08:31:12,164 - INFO - Collecting details for show 16/21: Paramount Theater (6/3/1976)
2025-08-10 08:31:14,416 - INFO - Collecting details for show 17/21: Paramount Theater (6/4/1976)
2025-08-10 08:31:16,446 - INFO - Collecting details for show 18/21: Boston Music Hall (6/9/1976)
2025-08-10 08:31:17,857 - INFO - Collecting details for show 19/21: Boston Music Hall (6/10/1976)
2025-08-10 08:31:19,856 - INFO - Collecting details for show 20/21: Boston Music Hall (6/11/1976)
2025-08-10 08:31:22,254 - INFO - Progress: 20/21 shows processed. Rate: 0.5/min
2025-08-10 08:31:22,254 - INFO - Collecting details for show 21/21: Boston Music Hall (6/12/1976)
2025-08-10 08:31:24,254 - INFO - Page 44 complete: 21 shows collected
2025-08-10 08:31:24,254 - INFO - Processing page 45
2025-08-10 08:31:26,529 - INFO - Found 21 shows on page 45
2025-08-10 08:31:26,530 - INFO - Collecting details for show 1/21: Beacon Theatre (6/14/1976)
2025-08-10 08:31:28,270 - INFO - Collecting details for show 2/21: Beacon Theatre (6/15/1976)
2025-08-10 08:31:29,830 - INFO - Collecting details for show 3/21: Capitol Theater (6/17/1976)
2025-08-10 08:31:32,336 - INFO - Collecting details for show 4/21: Capitol Theater (6/18/1976)
2025-08-10 08:31:34,299 - INFO - Collecting details for show 5/21: Capitol Theater (6/19/1976)
2025-08-10 08:31:35,839 - INFO - Progress: 5/21 shows processed. Rate: 0.5/min
2025-08-10 08:31:35,840 - INFO - Collecting details for show 6/21: Tower Theatre (6/21/1976)
2025-08-10 08:31:38,275 - INFO - Collecting details for show 7/21: Tower Theatre (6/22/1976)
2025-08-10 08:31:39,881 - INFO - Collecting details for show 8/21: Tower Theatre (6/23/1976)
2025-08-10 08:31:42,244 - INFO - Collecting details for show 9/21: Tower Theatre (6/24/1976)
2025-08-10 08:31:44,230 - INFO - Collecting details for show 10/21: Auditorium Theatre (6/26/1976)
2025-08-10 08:31:46,325 - INFO - Progress: 10/21 shows processed. Rate: 0.5/min
2025-08-10 08:31:46,325 - INFO - Collecting details for show 11/21: Auditorium Theatre (6/27/1976)
2025-08-10 08:31:47,813 - INFO - Collecting details for show 12/21: Auditorium Theatre (6/28/1976)
2025-08-10 08:31:50,320 - INFO - Collecting details for show 13/21: Auditorium Theatre (6/29/1976)
2025-08-10 08:31:52,728 - INFO - Collecting details for show 14/21: Orpheum Theatre (7/12/1976)
2025-08-10 08:31:54,228 - INFO - Collecting details for show 15/21: Orpheum Theatre (7/13/1976)
2025-08-10 08:31:56,241 - INFO - Progress: 15/21 shows processed. Rate: 0.5/min
2025-08-10 08:31:56,241 - INFO - Collecting details for show 16/21: Orpheum Theatre (7/14/1976)
2025-08-10 08:31:57,840 - INFO - Collecting details for show 17/21: Orpheum Theatre (7/16/1976)
2025-08-10 08:32:00,295 - INFO - Collecting details for show 18/21: Orpheum Theatre (7/17/1976)
2025-08-10 08:32:02,485 - INFO - Collecting details for show 19/21: Orpheum Theatre (7/18/1976)
2025-08-10 08:32:04,376 - INFO - Collecting details for show 20/21: Colt Park (8/2/1976)
2025-08-10 08:32:05,908 - INFO - Progress: 20/21 shows processed. Rate: 0.5/min
2025-08-10 08:32:05,908 - INFO - Collecting details for show 21/21: Roosevelt Stadium (8/4/1976)
2025-08-10 08:32:08,198 - INFO - Page 45 complete: 21 shows collected
2025-08-10 08:32:08,198 - INFO - Processing page 46
2025-08-10 08:32:10,487 - INFO - Found 21 shows on page 46
2025-08-10 08:32:10,488 - INFO - Collecting details for show 1/21: Cameron Indoor Stadium, Duke U. (9/23/1976)
2025-08-10 08:32:11,913 - INFO - Collecting details for show 2/21: William and Mary College Hall (9/24/1976)
2025-08-10 08:32:14,340 - INFO - Collecting details for show 3/21: Capital Centre (9/25/1976)
2025-08-10 08:32:16,183 - INFO - Collecting details for show 4/21: Community War Memorial Auditorium (9/27/1976)
2025-08-10 08:32:17,846 - INFO - Collecting details for show 5/21: Onondaga County War Memorial (9/28/1976)
2025-08-10 08:32:20,245 - INFO - Progress: 5/21 shows processed. Rate: 0.5/min
2025-08-10 08:32:20,246 - INFO - Collecting details for show 6/21: Auditorium, Ohio State U (9/30/1976)
2025-08-10 08:32:22,287 - INFO - Collecting details for show 7/21: Market Square Arena (10/1/1976)
2025-08-10 08:32:24,265 - INFO - Collecting details for show 8/21: Riverfront Arena (10/2/1976)
2025-08-10 08:32:26,321 - INFO - Collecting details for show 9/21: COBO Arena (10/3/1976)
2025-08-10 08:32:28,329 - INFO - Collecting details for show 10/21: Oakland-Alameda County Stadium (10/9/1976)
2025-08-10 08:32:30,522 - INFO - Progress: 10/21 shows processed. Rate: 0.5/min
2025-08-10 08:32:30,522 - INFO - Collecting details for show 11/21: Oakland-Alameda County Stadium (10/10/1976)
2025-08-10 08:32:32,271 - INFO - Collecting details for show 12/21: Shrine Auditorium (10/14/1976)
2025-08-10 08:32:34,310 - INFO - Collecting details for show 13/21: Shrine Auditorium (10/15/1976)
2025-08-10 08:32:36,291 - INFO - Collecting details for show 14/21: Cow Palace (12/31/1976)
2025-08-10 08:32:38,250 - INFO - Collecting details for show 15/21: Swing Auditorium (2/26/1977)
2025-08-10 08:32:40,239 - INFO - Progress: 15/21 shows processed. Rate: 0.5/min
2025-08-10 08:32:40,239 - INFO - Collecting details for show 16/21: Robertson Gym, UC Santa Barbara (2/27/1977)
2025-08-10 08:32:41,858 - INFO - Collecting details for show 17/21: Winterland Arena (3/18/1977)
2025-08-10 08:32:44,220 - INFO - Collecting details for show 18/21: Winterland Arena (3/19/1977)
2025-08-10 08:32:46,249 - INFO - Collecting details for show 19/21: Winterland Arena (3/20/1977)
2025-08-10 08:32:48,274 - INFO - Collecting details for show 20/21: The Spectrum (4/22/1977)
2025-08-10 08:32:50,239 - INFO - Progress: 20/21 shows processed. Rate: 0.5/min
2025-08-10 08:32:50,240 - INFO - Collecting details for show 21/21: Springfield Civic Center (4/23/1977)
2025-08-10 08:32:52,245 - INFO - Page 46 complete: 21 shows collected
2025-08-10 08:32:52,245 - INFO - Processing page 47
2025-08-10 08:32:54,473 - INFO - Found 21 shows on page 47
2025-08-10 08:32:54,473 - INFO - Collecting details for show 1/21: Capitol Theater (4/25/1977)
2025-08-10 08:32:56,219 - INFO - Collecting details for show 2/21: Capitol Theater (4/26/1977)
2025-08-10 08:32:58,266 - INFO - Collecting details for show 3/21: Capitol Theater (4/27/1977)
2025-08-10 08:33:00,272 - INFO - Collecting details for show 4/21: The Palladium (4/29/1977)
2025-08-10 08:33:02,350 - INFO - Collecting details for show 5/21: The Palladium (4/30/1977)
2025-08-10 08:33:03,833 - INFO - Progress: 5/21 shows processed. Rate: 0.5/min
2025-08-10 08:33:03,833 - INFO - Collecting details for show 6/21: The Palladium (5/1/1977)
2025-08-10 08:33:05,822 - INFO - Collecting details for show 7/21: The Palladium (5/3/1977)
2025-08-10 08:33:08,297 - INFO - Collecting details for show 8/21: The Palladium (5/4/1977)
2025-08-10 08:33:10,305 - INFO - Collecting details for show 9/21: Veterans Memorial Coliseum (5/5/1977)
2025-08-10 08:33:12,323 - INFO - Collecting details for show 10/21: Boston Garden (5/7/1977)
2025-08-10 08:33:13,848 - INFO - Progress: 10/21 shows processed. Rate: 0.5/min
2025-08-10 08:33:13,848 - INFO - Collecting details for show 11/21: Barton Hall, Cornell University (5/8/1977)
2025-08-10 08:33:16,301 - INFO - Collecting details for show 12/21: War Memorial Auditorium (5/9/1977)
2025-08-10 08:33:17,831 - INFO - Collecting details for show 13/21: St. Paul Civic Center (5/11/1977)
2025-08-10 08:33:20,274 - INFO - Collecting details for show 14/21: Auditorium Theatre (5/12/1977)
2025-08-10 08:33:21,844 - INFO - Collecting details for show 15/21: Auditorium Theatre (5/13/1977)
2025-08-10 08:33:23,856 - INFO - Progress: 15/21 shows processed. Rate: 0.5/min
2025-08-10 08:33:23,857 - INFO - Collecting details for show 16/21: St. Louis Arena (5/15/1977)
2025-08-10 08:33:25,857 - INFO - Collecting details for show 17/21: Memorial Coliseum, U. of Alabama (5/17/1977)
2025-08-10 08:33:28,323 - INFO - Collecting details for show 18/21: Fox Theater (5/18/1977)
2025-08-10 08:33:30,270 - INFO - Collecting details for show 19/21: Fox Theater (5/19/1977)
2025-08-10 08:33:32,286 - INFO - Collecting details for show 20/21: Lakeland Civic Center (5/21/1977  								  									 | 4nuyKoY91WKwR6HLq7Gzkl)
2025-08-10 08:33:33,896 - INFO - Progress: 20/21 shows processed. Rate: 0.5/min
2025-08-10 08:33:33,897 - INFO - Collecting details for show 21/21: The Sportatorium (5/22/1977)
2025-08-10 08:33:36,224 - INFO - Page 47 complete: 21 shows collected
2025-08-10 08:33:36,224 - INFO - Processing page 48
2025-08-10 08:33:38,521 - INFO - Found 21 shows on page 48
2025-08-10 08:33:38,521 - INFO - Collecting details for show 1/21: The Mosque (5/25/1977)
2025-08-10 08:33:40,305 - INFO - Collecting details for show 2/21: Baltimore Civic Center (5/26/1977)
2025-08-10 08:33:42,345 - INFO - Collecting details for show 3/21: Hartford Civic Center (5/28/1977)
2025-08-10 08:33:43,872 - INFO - Collecting details for show 4/21: The Forum (6/4/1977)
2025-08-10 08:33:45,873 - INFO - Collecting details for show 5/21: Winterland Arena (6/7/1977)
2025-08-10 08:33:47,830 - INFO - Progress: 5/21 shows processed. Rate: 0.5/min
2025-08-10 08:33:47,830 - INFO - Collecting details for show 6/21: Winterland Arena (6/8/1977)
2025-08-10 08:33:49,859 - INFO - Collecting details for show 7/21: Winterland Arena (6/9/1977)
2025-08-10 08:33:52,280 - INFO - Collecting details for show 8/21: Raceway Park (9/3/1977)
2025-08-10 08:33:53,863 - INFO - Collecting details for show 9/21: Paramount Northwest Theater (9/28/1977)
2025-08-10 08:33:56,244 - INFO - Collecting details for show 10/21: Paramount Northwest Theater (9/29/1977)
2025-08-10 08:33:58,336 - INFO - Progress: 10/21 shows processed. Rate: 0.5/min
2025-08-10 08:33:58,337 - INFO - Collecting details for show 11/21: Paramount Theater (10/1/1977)
2025-08-10 08:34:00,337 - INFO - Collecting details for show 12/21: Paramount Theater (10/2/1977)
2025-08-10 08:34:02,639 - INFO - Collecting details for show 13/21: Activity Center. Arizona State U (10/6/1977)
2025-08-10 08:34:04,440 - INFO - Collecting details for show 14/21: U. of New Mexico (10/7/1977)
2025-08-10 08:34:06,346 - INFO - Collecting details for show 15/21: McNichols Sports Arena (10/9/1977)
2025-08-10 08:34:08,279 - INFO - Progress: 15/21 shows processed. Rate: 0.5/min
2025-08-10 08:34:08,280 - INFO - Collecting details for show 16/21: Lloyd Noble Center, U. of Oklahoma (10/11/1977)
2025-08-10 08:34:10,254 - INFO - Collecting details for show 17/21: Manor Downs (10/12/1977)
2025-08-10 08:34:12,302 - INFO - Collecting details for show 18/21: Hofheinz Pavilion (10/14/1977)
2025-08-10 08:34:14,394 - INFO - Collecting details for show 19/21: Moody Coliseum, S.M.U (10/15/1977)
2025-08-10 08:34:16,266 - INFO - Collecting details for show 20/21: Assembly Center, Lousiana State U (10/16/1977)
2025-08-10 08:34:18,293 - INFO - Progress: 20/21 shows processed. Rate: 0.5/min
2025-08-10 08:34:18,294 - INFO - Collecting details for show 21/21: Soldiers' and Sailors' Memorial Hall (10/28/1977)
2025-08-10 08:34:20,336 - INFO - Page 48 complete: 21 shows collected
2025-08-10 08:34:20,337 - INFO - Processing page 49
2025-08-10 08:34:22,641 - INFO - Found 21 shows on page 49
2025-08-10 08:34:22,641 - INFO - Collecting details for show 1/21: Field House, Northern Illinois U. (10/29/1977)
2025-08-10 08:34:24,278 - INFO - Collecting details for show 2/21: Assembly Hall, Indiana U (10/30/1977)
2025-08-10 08:34:26,251 - INFO - Collecting details for show 3/21: COBO Arena (11/1/1977)
2025-08-10 08:34:28,356 - INFO - Collecting details for show 4/21: Field House, Seneca College (11/2/1977)
2025-08-10 08:34:30,341 - INFO - Collecting details for show 5/21: Cotterrell Gym, Colgate U. (11/4/1977)
2025-08-10 08:34:32,278 - INFO - Progress: 5/21 shows processed. Rate: 0.5/min
2025-08-10 08:34:32,278 - INFO - Collecting details for show 6/21: Community War Memorial Auditorium (11/5/1977)
2025-08-10 08:34:34,333 - INFO - Collecting details for show 7/21: Broome County Arena (11/6/1977)
2025-08-10 08:34:36,303 - INFO - Collecting details for show 8/21: Winterland Arena (12/27/1977)
2025-08-10 08:34:38,324 - INFO - Collecting details for show 9/21: Winterland Arena (12/29/1977)
2025-08-10 08:34:40,348 - INFO - Collecting details for show 10/21: Winterland Arena (12/30/1977)
2025-08-10 08:34:42,311 - INFO - Progress: 10/21 shows processed. Rate: 0.5/min
2025-08-10 08:34:42,312 - INFO - Collecting details for show 11/21: Winterland Arena (12/31/1977)
2025-08-10 08:34:44,328 - INFO - Collecting details for show 12/21: Swing Auditorium (1/6/1978)
2025-08-10 08:34:46,256 - INFO - Collecting details for show 13/21: Golden Hall, Community Concorse (1/7/1978)
2025-08-10 08:34:48,274 - INFO - Collecting details for show 14/21: Golden Hall, Community Concorse (1/8/1978)
2025-08-10 08:34:50,288 - INFO - Collecting details for show 15/21: Shrine Auditorium (1/10/1978)
2025-08-10 08:34:52,300 - INFO - Progress: 15/21 shows processed. Rate: 0.5/min
2025-08-10 08:34:52,300 - INFO - Collecting details for show 16/21: Shrine Auditorium (1/11/1978)
2025-08-10 08:34:54,288 - INFO - Collecting details for show 17/21: Arlington Theater (1/13/1978)
2025-08-10 08:34:56,325 - INFO - Collecting details for show 18/21: Bakersfield Memorial Auditorium (1/14/1978)
2025-08-10 08:34:58,266 - INFO - Collecting details for show 19/21: Selland Arena (1/15/1978)
2025-08-10 08:35:00,328 - INFO - Collecting details for show 20/21: Sacramento Memorial Auditorium (1/17/1978)
2025-08-10 08:35:02,761 - INFO - Progress: 20/21 shows processed. Rate: 0.5/min
2025-08-10 08:35:02,761 - INFO - Collecting details for show 21/21: Stockton Civic Auditorium (1/18/1978)
2025-08-10 08:35:04,421 - INFO - Page 49 complete: 21 shows collected
2025-08-10 08:35:04,421 - INFO - Processing page 50
2025-08-10 08:35:06,520 - INFO - Found 21 shows on page 50
2025-08-10 08:35:06,520 - INFO - Collecting details for show 1/21: McArthur Court, U. of Oregon (1/22/1978)
2025-08-10 08:35:08,297 - INFO - Collecting details for show 2/21: Uptown Theater (1/30/1978)
2025-08-10 08:35:10,342 - INFO - Collecting details for show 3/21: Uptown Theater (1/31/1978)
2025-08-10 08:35:11,881 - INFO - Collecting details for show 4/21: Uptown Theater (2/1/1978)
2025-08-10 08:35:14,296 - INFO - Collecting details for show 5/21: Dane County Coliseum (2/3/1978)
2025-08-10 08:35:16,260 - INFO - Progress: 5/21 shows processed. Rate: 0.5/min
2025-08-10 08:35:16,260 - INFO - Collecting details for show 6/21: Milwaukee Auditorium (2/4/1978)
2025-08-10 08:35:18,262 - INFO - Collecting details for show 7/21: Uni Dome, U. of Northern Iowa (2/5/1978)
2025-08-10 08:35:20,268 - INFO - Collecting details for show 8/21: Curtis Hixon Convention Hall (4/6/1978)
2025-08-10 08:35:22,307 - INFO - Collecting details for show 9/21: The Sportatorium (4/7/1978)
2025-08-10 08:35:23,850 - INFO - Collecting details for show 10/21: Veteran's Memorial Coliseum (4/8/1978)
2025-08-10 08:35:26,239 - INFO - Progress: 10/21 shows processed. Rate: 0.5/min
2025-08-10 08:35:26,239 - INFO - Collecting details for show 11/21: Fox Theater (4/10/1978)
2025-08-10 08:35:28,347 - INFO - Collecting details for show 12/21: Fox Theater (4/11/1978)
2025-08-10 08:35:30,241 - INFO - Collecting details for show 13/21: Cameron Indoor Stadium, Duke U. (4/12/1978)
2025-08-10 08:35:32,278 - INFO - Collecting details for show 14/21: Cassell Coliseum, Virginia Polytechnic U. (4/14/1978)
2025-08-10 08:35:33,883 - INFO - Collecting details for show 15/21: William and Mary College Hall (4/15/1978)
2025-08-10 08:35:36,272 - INFO - Progress: 15/21 shows processed. Rate: 0.5/min
2025-08-10 08:35:36,273 - INFO - Collecting details for show 16/21: Huntington Civic Center (4/16/1978)
2025-08-10 08:35:38,314 - INFO - Collecting details for show 17/21: Civic Arena (4/18/1978)
2025-08-10 08:35:40,258 - INFO - Collecting details for show 18/21: Veterans' Memorial Hall (4/19/1978)
2025-08-10 08:35:42,269 - INFO - Collecting details for show 19/21: Rupp Arena, Lexington Center (4/21/1978)
2025-08-10 08:35:44,367 - INFO - Collecting details for show 20/21: Nashville Municipal Auditorium (4/22/1978)
2025-08-10 08:35:46,267 - INFO - Progress: 20/21 shows processed. Rate: 0.5/min
2025-08-10 08:35:46,267 - INFO - Collecting details for show 21/21: Horton Field House, Illinois State U. (4/24/1978)
2025-08-10 08:35:48,753 - INFO - Page 50 complete: 21 shows collected
2025-08-10 08:35:48,753 - INFO - Processing page 51
2025-08-10 08:35:50,556 - INFO - Found 21 shows on page 51
2025-08-10 08:35:50,556 - INFO - Collecting details for show 1/21: Thompson Arena, Dartmouth College (5/5/1978)
2025-08-10 08:35:52,335 - INFO - Collecting details for show 2/21: Patrick Field House, U. of Vermont (5/6/1978)
2025-08-10 08:35:54,277 - INFO - Collecting details for show 3/21: Field House, Rensselaer Polytechnic Institute (5/7/1978)
2025-08-10 08:35:56,410 - INFO - Collecting details for show 4/21: Onondaga County War Memorial (5/9/1978)
2025-08-10 08:35:58,383 - INFO - Collecting details for show 5/21: Veterans Memorial Coliseum (5/10/1978)
2025-08-10 08:36:00,525 - INFO - Progress: 5/21 shows processed. Rate: 0.5/min
2025-08-10 08:36:00,526 - INFO - Collecting details for show 6/21: Springfield Civic Center (5/11/1978)
2025-08-10 08:36:02,480 - INFO - Collecting details for show 7/21: The Spectrum (5/13/1978)
2025-08-10 08:36:04,613 - INFO - Collecting details for show 8/21: Providence Civic Center (5/14/1978)
2025-08-10 08:36:05,858 - INFO - Collecting details for show 9/21: Uptown Theater (5/16/1978)
2025-08-10 08:36:08,325 - INFO - Collecting details for show 10/21: Uptown Theater (5/17/1978)
2025-08-10 08:36:09,847 - INFO - Progress: 10/21 shows processed. Rate: 0.5/min
2025-08-10 08:36:09,848 - INFO - Collecting details for show 11/21: Campus Stadium, UC Santa Barbara (6/4/1978)
2025-08-10 08:36:12,306 - INFO - Collecting details for show 12/21: Autzen Stadium, U. of Oregon (6/25/1978)
2025-08-10 08:36:13,854 - INFO - Collecting details for show 13/21: Arrowhead Stadium (7/1/1978)
2025-08-10 08:36:16,360 - INFO - Collecting details for show 14/21: St. Paul Civic Center (7/3/1978)
2025-08-10 08:36:18,644 - INFO - Collecting details for show 15/21: Omaha Civic Auditorium (7/5/1978)
2025-08-10 08:36:20,548 - INFO - Progress: 15/21 shows processed. Rate: 0.5/min
2025-08-10 08:36:20,548 - INFO - Collecting details for show 16/21: Red Rocks Amphitheatre (7/7/1978)
2025-08-10 08:36:22,301 - WARNING - Got 500 but response contains HTML, attempting to parse: https://jerrygarcia.com/show/1978-07-07-red-rocks-amphitheatre-morrison-co-usa/
2025-08-10 08:36:22,348 - INFO - ✅ Successfully parsed show data despite 500 error: https://jerrygarcia.com/show/1978-07-07-red-rocks-amphitheatre-morrison-co-usa/
2025-08-10 08:36:22,353 - INFO - Collecting details for show 17/21: Red Rocks Amphitheatre (7/8/1978)
2025-08-10 08:36:24,355 - INFO - Collecting details for show 18/21: Red Rocks Amphitheatre (8/30/1978)
2025-08-10 08:36:26,281 - INFO - Collecting details for show 19/21: Red Rocks Amphitheatre (8/31/1978)
2025-08-10 08:36:28,431 - INFO - Collecting details for show 20/21: Giants Stadium (9/2/1978)
2025-08-10 08:36:30,363 - INFO - Progress: 20/21 shows processed. Rate: 0.5/min
2025-08-10 08:36:30,363 - INFO - Collecting details for show 21/21: Giza Sound and Light Theater (9/14/1978)
2025-08-10 08:36:32,383 - INFO - Page 51 complete: 21 shows collected
2025-08-10 08:36:32,383 - INFO - Processing page 52
2025-08-10 08:36:34,702 - INFO - Found 21 shows on page 52
2025-08-10 08:36:34,702 - INFO - Collecting details for show 1/21: Giza Sound and Light Theater (9/15/1978)
2025-08-10 08:36:35,855 - INFO - Collecting details for show 2/21: Giza Sound and Light Theater (9/16/1978)
2025-08-10 08:36:38,341 - INFO - Collecting details for show 3/21: Winterland Arena (10/17/1978)
2025-08-10 08:36:40,244 - INFO - Collecting details for show 4/21: Winterland Arena (10/18/1978)
2025-08-10 08:36:42,579 - INFO - Collecting details for show 5/21: Winterland Arena (10/20/1978)
2025-08-10 08:36:44,278 - INFO - Progress: 5/21 shows processed. Rate: 0.5/min
2025-08-10 08:36:44,279 - INFO - Collecting details for show 6/21: Winterland Arena (10/21/1978)
2025-08-10 08:36:46,352 - INFO - Collecting details for show 7/21: Winterland Arena (10/22/1978)
2025-08-10 08:36:48,389 - INFO - Collecting details for show 8/21: NBC Studios (11/11/1978)
2025-08-10 08:36:50,351 - INFO - Collecting details for show 9/21: Boston Music Hall (11/13/1978)
2025-08-10 08:36:52,386 - INFO - Collecting details for show 10/21: Boston Music Hall (11/14/1978)
2025-08-10 08:36:54,331 - INFO - Progress: 10/21 shows processed. Rate: 0.5/min
2025-08-10 08:36:54,331 - INFO - Collecting details for show 11/21: Uptown Theater (11/16/1978)
2025-08-10 08:36:56,354 - INFO - Collecting details for show 12/21: Rambler Room, Loyola College (11/17/1978)
2025-08-10 08:36:58,402 - INFO - Collecting details for show 13/21: Uptown Theater (11/17/1978)
2025-08-10 08:37:00,263 - INFO - Collecting details for show 14/21: Uptown Theater (11/18/1978)
2025-08-10 08:37:02,444 - INFO - Collecting details for show 15/21: Cleveland Music Hall (11/20/1978)
2025-08-10 08:37:04,383 - INFO - Progress: 15/21 shows processed. Rate: 0.5/min
2025-08-10 08:37:04,383 - INFO - Collecting details for show 16/21: Community War Memorial Auditorium (11/21/1978)
2025-08-10 08:37:06,427 - INFO - Collecting details for show 17/21: Capital Centre (11/23/1978)
2025-08-10 08:37:08,322 - INFO - Collecting details for show 18/21: Capitol Theater (11/24/1978)
2025-08-10 08:37:09,855 - INFO - Collecting details for show 19/21: Jai-Alai Fronton (12/12/1978)
2025-08-10 08:37:12,345 - INFO - Collecting details for show 20/21: Curtis Hixon Convention Hall (12/13/1978)
2025-08-10 08:37:14,296 - INFO - Progress: 20/21 shows processed. Rate: 0.5/min
2025-08-10 08:37:14,296 - INFO - Collecting details for show 21/21: Boutwell Auditorium (12/15/1978)
2025-08-10 08:37:16,374 - INFO - Page 52 complete: 21 shows collected
2025-08-10 08:37:16,374 - INFO - Processing page 53
2025-08-10 08:37:18,910 - INFO - Found 21 shows on page 53
2025-08-10 08:37:18,910 - INFO - Collecting details for show 1/21: Nashville Municipal Auditorium (12/16/1978)
2025-08-10 08:37:20,309 - INFO - Collecting details for show 2/21: Fox Theater (12/17/1978)
2025-08-10 08:37:22,421 - INFO - Collecting details for show 3/21: Memorial Coliseum, Mississippi State Fairgrounds (12/19/1978)
2025-08-10 08:37:23,871 - INFO - Collecting details for show 4/21: The Summit (12/21/1978)
2025-08-10 08:37:26,332 - INFO - Collecting details for show 5/21: Dallas County Convention Center Arena (12/22/1978)
2025-08-10 08:37:28,388 - INFO - Progress: 5/21 shows processed. Rate: 0.5/min
2025-08-10 08:37:28,388 - INFO - Collecting details for show 6/21: Golden Hall, Community Concorse (12/27/1978)
2025-08-10 08:37:30,414 - INFO - Collecting details for show 7/21: Golden Hall, Community Concorse (12/28/1978)
2025-08-10 08:37:32,358 - INFO - Collecting details for show 8/21: Pauley Pavilion, UCLA (12/30/1978)
2025-08-10 08:37:34,302 - INFO - Collecting details for show 9/21: Winterland Arena (12/31/1978)
2025-08-10 08:37:36,446 - INFO - Collecting details for show 10/21: The Spectrum (1/5/1979)
2025-08-10 08:37:38,423 - INFO - Progress: 10/21 shows processed. Rate: 0.5/min
2025-08-10 08:37:38,424 - INFO - Collecting details for show 11/21: Madison Square Garden (1/7/1979)
2025-08-10 08:37:40,382 - INFO - Collecting details for show 12/21: Madison Square Garden (1/8/1979)
2025-08-10 08:37:41,879 - INFO - Collecting details for show 13/21: Nassau Coliseum (1/10/1979)
2025-08-10 08:37:43,851 - INFO - Collecting details for show 14/21: Nassau Coliseum (1/11/1979)
2025-08-10 08:37:46,278 - INFO - Collecting details for show 15/21: The Spectrum (1/12/1979)
2025-08-10 08:37:48,350 - INFO - Progress: 15/21 shows processed. Rate: 0.5/min
2025-08-10 08:37:48,350 - INFO - Collecting details for show 16/21: Utica Memorial Coliseum (1/14/1979)
2025-08-10 08:37:50,780 - INFO - Collecting details for show 17/21: Springfield Civic Center (1/15/1979)
2025-08-10 08:37:51,863 - INFO - Collecting details for show 18/21: Veterans Memorial Coliseum (1/17/1979)
2025-08-10 08:37:54,495 - INFO - Collecting details for show 19/21: Providence Civic Center (1/18/1979)
2025-08-10 08:37:55,853 - INFO - Collecting details for show 20/21: Shea's Buffalo Theater (1/20/1979)
2025-08-10 08:37:58,250 - INFO - Progress: 20/21 shows processed. Rate: 0.5/min
2025-08-10 08:37:58,250 - INFO - Collecting details for show 21/21: Masonic Temple (1/21/1979)
2025-08-10 08:38:00,538 - INFO - Page 53 complete: 21 shows collected
2025-08-10 08:38:00,538 - INFO - Processing page 54
2025-08-10 08:38:03,052 - INFO - Found 21 shows on page 54
2025-08-10 08:38:03,052 - INFO - Collecting details for show 1/21: Market Square Arena (2/3/1979)
2025-08-10 08:38:04,298 - INFO - Collecting details for show 2/21: Dane County Coliseum (2/4/1979)
2025-08-10 08:38:06,421 - INFO - Collecting details for show 3/21: Tulsa Fairgrounds Pavilion (2/6/1979)
2025-08-10 08:38:08,316 - INFO - Collecting details for show 4/21: SIU Arena, U. of Southern Illinois (2/7/1979)
2025-08-10 08:38:10,267 - INFO - Collecting details for show 5/21: Soldiers' and Sailors' Memorial Hall (2/9/1979)
2025-08-10 08:38:12,284 - INFO - Progress: 5/21 shows processed. Rate: 0.5/min
2025-08-10 08:38:12,285 - INFO - Collecting details for show 6/21: Soldiers' and Sailors' Memorial Hall (2/10/1979)
2025-08-10 08:38:14,315 - INFO - Collecting details for show 7/21: Kiel Auditorium (2/11/1979)
2025-08-10 08:38:16,419 - INFO - Collecting details for show 8/21: Oakland-Alameda County Coliseum (2/17/1979)
2025-08-10 08:38:18,348 - INFO - Collecting details for show 9/21: Spartan Stadium, San Jose State U. (4/22/1979)
2025-08-10 08:38:20,401 - INFO - Collecting details for show 10/21: Charlotte Coliseum (5/3/1979)
2025-08-10 08:38:22,434 - INFO - Progress: 10/21 shows processed. Rate: 0.5/min
2025-08-10 08:38:22,434 - INFO - Collecting details for show 11/21: Hampton Coliseum (5/4/1979)
2025-08-10 08:38:23,874 - INFO - Collecting details for show 12/21: Baltimore Civic Center (5/5/1979)
2025-08-10 08:38:25,939 - INFO - Collecting details for show 13/21: Allan Kirby Field House, Lafayette College (5/7/1979)
2025-08-10 08:38:27,892 - INFO - Collecting details for show 14/21: Recreation Hall, Penn State U (5/8/1979)
2025-08-10 08:38:30,283 - INFO - Collecting details for show 15/21: Broome County Arena (5/9/1979)
2025-08-10 08:38:32,359 - INFO - Progress: 15/21 shows processed. Rate: 0.5/min
2025-08-10 08:38:32,360 - INFO - Collecting details for show 16/21: Billerica Forum (5/11/1979)
2025-08-10 08:38:34,389 - INFO - Collecting details for show 17/21: Alumni Stadium, U. of Mass (5/12/1979)
2025-08-10 08:38:35,885 - INFO - Collecting details for show 18/21: Cumberland County Civic Center (5/13/1979)
2025-08-10 08:38:38,346 - INFO - Collecting details for show 19/21: Sacramento Memorial Auditorium (6/28/1979)
2025-08-10 08:38:40,403 - INFO - Collecting details for show 20/21: Portland International Speedway (6/30/1979)
2025-08-10 08:38:42,403 - INFO - Progress: 20/21 shows processed. Rate: 0.5/min
2025-08-10 08:38:42,403 - INFO - Collecting details for show 21/21: Seattle Center Coliseum (7/1/1979)
2025-08-10 08:38:44,367 - INFO - Page 54 complete: 21 shows collected
2025-08-10 08:38:44,367 - INFO - Processing page 55
2025-08-10 08:38:46,600 - INFO - Found 21 shows on page 55
2025-08-10 08:38:46,601 - INFO - Collecting details for show 1/21: Oakland Auditorium Arena (8/4/1979)
2025-08-10 08:38:47,866 - INFO - Collecting details for show 2/21: Oakland Auditorium Arena (8/5/1979)
2025-08-10 08:38:50,421 - INFO - Collecting details for show 3/21: Red Rocks Amphitheatre (8/12/1979)
2025-08-10 08:38:52,370 - INFO - Collecting details for show 4/21: McNichols Sports Arena (8/13/1979)
2025-08-10 08:38:53,886 - INFO - Collecting details for show 5/21: McNichols Sports Arena (8/14/1979)
2025-08-10 08:38:56,343 - INFO - Progress: 5/21 shows processed. Rate: 0.5/min
2025-08-10 08:38:56,343 - INFO - Collecting details for show 6/21: Glenns Falls Civic Center (8/31/1979)
2025-08-10 08:38:58,441 - INFO - Collecting details for show 7/21: Holleder Memorial Stadium (9/1/1979)
2025-08-10 08:39:00,549 - INFO - Collecting details for show 8/21: Augusta Civic Center (9/2/1979)
2025-08-10 08:39:02,599 - INFO - Collecting details for show 9/21: Madison Square Garden (9/4/1979)
2025-08-10 08:39:04,492 - INFO - Collecting details for show 10/21: Madison Square Garden (9/5/1979)
2025-08-10 08:39:06,368 - INFO - Progress: 10/21 shows processed. Rate: 0.5/min
2025-08-10 08:39:06,369 - INFO - Collecting details for show 11/21: Madison Square Garden (9/6/1979)
2025-08-10 08:39:08,324 - INFO - Collecting details for show 12/21: Springfield Civic Center (10/24/1979)
2025-08-10 08:39:10,422 - INFO - Collecting details for show 13/21: Veterans Memorial Coliseum (10/25/1979)
2025-08-10 08:39:12,380 - INFO - Collecting details for show 14/21: Cape Cod Coliseum (10/27/1979)
2025-08-10 08:39:14,306 - INFO - Collecting details for show 15/21: Cape Cod Coliseum (10/28/1979)
2025-08-10 08:39:16,394 - INFO - Progress: 15/21 shows processed. Rate: 0.5/min
2025-08-10 08:39:16,395 - INFO - Collecting details for show 16/21: Nassau Coliseum (10/31/1979)
2025-08-10 08:39:18,480 - INFO - Collecting details for show 17/21: Nassau Coliseum (11/1/1979)
2025-08-10 08:39:20,427 - INFO - Collecting details for show 18/21: Nassau Coliseum (11/2/1979)
2025-08-10 08:39:22,306 - INFO - Collecting details for show 19/21: Providence Civic Center (11/4/1979)
2025-08-10 08:39:24,269 - INFO - Collecting details for show 20/21: The Spectrum (11/5/1979)
2025-08-10 08:39:26,323 - INFO - Progress: 20/21 shows processed. Rate: 0.5/min
2025-08-10 08:39:26,324 - INFO - Collecting details for show 21/21: The Spectrum (11/6/1979)
2025-08-10 08:39:28,387 - INFO - Page 55 complete: 21 shows collected
2025-08-10 08:39:28,387 - INFO - Processing page 56
2025-08-10 08:39:30,695 - INFO - Found 21 shows on page 56
2025-08-10 08:39:30,695 - INFO - Collecting details for show 1/21: Capital Centre (11/8/1979)
2025-08-10 08:39:32,391 - INFO - Collecting details for show 2/21: War Memorial Auditorium (11/9/1979)
2025-08-10 08:39:34,318 - INFO - Collecting details for show 3/21: Crisler Arena (11/10/1979)
2025-08-10 08:39:36,276 - INFO - Collecting details for show 4/21: Golden Hall, Community Concorse (11/23/1979)
2025-08-10 08:39:37,879 - INFO - Collecting details for show 5/21: Golden Hall, Community Concorse (11/24/1979)
2025-08-10 08:39:39,866 - INFO - Progress: 5/21 shows processed. Rate: 0.5/min
2025-08-10 08:39:39,866 - INFO - Collecting details for show 6/21: Pauley Pavilion, UCLA (11/25/1979)
2025-08-10 08:39:42,344 - INFO - Collecting details for show 7/21: Cleveland Public Hall (11/29/1979)
2025-08-10 08:39:44,292 - INFO - Collecting details for show 8/21: Stanley Theatre (11/30/1979)
2025-08-10 08:39:46,417 - INFO - Collecting details for show 9/21: Stanley Theatre (12/1/1979)
2025-08-10 08:39:48,309 - INFO - Collecting details for show 10/21: Uptown Theater (12/3/1979)
2025-08-10 08:39:49,885 - INFO - Progress: 10/21 shows processed. Rate: 0.5/min
2025-08-10 08:39:49,886 - INFO - Collecting details for show 11/21: Uptown Theater (12/4/1979)
2025-08-10 08:39:52,311 - INFO - Collecting details for show 12/21: Uptown Theater (12/5/1979)
2025-08-10 08:39:53,876 - INFO - Collecting details for show 13/21: Indiana Convention Center (12/7/1979)
2025-08-10 08:39:56,387 - INFO - Collecting details for show 14/21: Kiel Auditorium (12/9/1979)
2025-08-10 08:39:58,446 - INFO - Collecting details for show 15/21: Soldiers' and Sailors' Memorial Hall (12/10/1979)
2025-08-10 08:40:00,492 - INFO - Progress: 15/21 shows processed. Rate: 0.5/min
2025-08-10 08:40:00,492 - INFO - Collecting details for show 16/21: Soldiers' and Sailors' Memorial Hall (12/11/1979)
2025-08-10 08:40:03,316 - INFO - Collecting details for show 17/21: Oakland Auditorium Arena (12/26/1979)
2025-08-10 08:40:04,444 - INFO - Collecting details for show 18/21: Oakland Auditorium Arena (12/27/1979)
2025-08-10 08:40:05,916 - INFO - Collecting details for show 19/21: Oakland Auditorium Arena (12/28/1979)
2025-08-10 08:40:08,303 - INFO - Collecting details for show 20/21: Oakland Auditorium Arena (12/30/1979)
2025-08-10 08:40:10,741 - INFO - Progress: 20/21 shows processed. Rate: 0.5/min
2025-08-10 08:40:10,742 - INFO - Collecting details for show 21/21: Oakland Auditorium Arena (12/31/1979)
2025-08-10 08:40:12,378 - INFO - Page 56 complete: 21 shows collected
2025-08-10 08:40:12,378 - INFO - Processing page 57
2025-08-10 08:40:14,706 - INFO - Found 21 shows on page 57
2025-08-10 08:40:14,707 - INFO - Collecting details for show 1/21: Oakland-Alameda County Coliseum (1/13/1980)
2025-08-10 08:40:16,348 - INFO - Collecting details for show 2/21: Capitol Theater (3/30/1980)
2025-08-10 08:40:17,862 - INFO - Collecting details for show 3/21: Capitol Theater (3/31/1980)
2025-08-10 08:40:20,316 - INFO - Collecting details for show 4/21: Capitol Theater (4/1/1980)
2025-08-10 08:40:22,468 - INFO - Collecting details for show 5/21: NBC Studios (4/5/1980)
2025-08-10 08:40:24,259 - INFO - Progress: 5/21 shows processed. Rate: 0.5/min
2025-08-10 08:40:24,260 - INFO - Collecting details for show 6/21: Boutwell Auditorium (4/28/1980)
2025-08-10 08:40:26,319 - INFO - Collecting details for show 7/21: Fox Theater (4/29/1980)
2025-08-10 08:40:28,395 - INFO - Collecting details for show 8/21: Greensboro Coliseum (5/1/1980)
2025-08-10 08:40:29,893 - INFO - Collecting details for show 9/21: Hampton Coliseum (5/2/1980)
2025-08-10 08:40:32,341 - INFO - Collecting details for show 10/21: Baltimore Civic Center (5/4/1980)
2025-08-10 08:40:34,574 - INFO - Progress: 10/21 shows processed. Rate: 0.5/min
2025-08-10 08:40:34,574 - INFO - Collecting details for show 11/21: Rec Hall, Penn State U (5/6/1980)
2025-08-10 08:40:36,197 - INFO - Collecting details for show 12/21: Barton Hall, Cornell University (5/7/1980)
2025-08-10 08:40:38,355 - INFO - Collecting details for show 13/21: Glenns Falls Civic Center (5/8/1980)
2025-08-10 08:40:40,458 - INFO - Collecting details for show 14/21: Hartford Civic Center (5/10/1980)
2025-08-10 08:40:42,453 - INFO - Collecting details for show 15/21: Cumberland County Civic Center (5/11/1980)
2025-08-10 08:40:44,325 - INFO - Progress: 15/21 shows processed. Rate: 0.5/min
2025-08-10 08:40:44,325 - INFO - Collecting details for show 16/21: Boston Garden (5/12/1980)
2025-08-10 08:40:46,468 - INFO - Collecting details for show 17/21: Nassau Coliseum (5/14/1980)
2025-08-10 08:40:48,379 - INFO - Collecting details for show 18/21: Nassau Coliseum (5/15/1980)
2025-08-10 08:40:50,436 - INFO - Collecting details for show 19/21: Nassau Coliseum (5/16/1980)
2025-08-10 08:40:52,421 - INFO - Collecting details for show 20/21: Des Moines Civic Center (5/29/1980)
2025-08-10 08:40:54,433 - INFO - Progress: 20/21 shows processed. Rate: 0.5/min
2025-08-10 08:40:54,433 - INFO - Collecting details for show 21/21: Milwaukee Auditorium (5/30/1980)
2025-08-10 08:40:56,386 - INFO - Page 57 complete: 21 shows collected
2025-08-10 08:40:56,386 - INFO - Processing page 58
2025-08-10 08:40:58,675 - INFO - Found 21 shows on page 58
2025-08-10 08:40:58,676 - INFO - Collecting details for show 1/21: Metropolitan Sports Center (5/31/1980)
2025-08-10 08:41:00,526 - INFO - Collecting details for show 2/21: Compton Terrace Amphitheatre (6/5/1980)
2025-08-10 08:41:01,871 - INFO - Collecting details for show 3/21: Folsom Field, U. of Colorado (6/7/1980)
2025-08-10 08:41:04,401 - INFO - Collecting details for show 4/21: Folsom Field, U. of Colorado (6/8/1980)
2025-08-10 08:41:06,462 - INFO - Collecting details for show 5/21: Portland Memorial Coliseum (6/12/1980)
2025-08-10 08:41:08,620 - INFO - Progress: 5/21 shows processed. Rate: 0.5/min
2025-08-10 08:41:08,621 - INFO - Collecting details for show 6/21: Seattle Center Coliseum (6/13/1980)
2025-08-10 08:41:10,656 - INFO - Collecting details for show 7/21: Spokane Coliseum (6/14/1980)
2025-08-10 08:41:12,413 - INFO - Collecting details for show 8/21: West High Auditorium (6/19/1980)
2025-08-10 08:41:14,385 - INFO - Collecting details for show 9/21: West High Auditorium (6/20/1980)
2025-08-10 08:41:16,443 - INFO - Collecting details for show 10/21: West High Auditorium (6/21/1980)
2025-08-10 08:41:18,383 - INFO - Progress: 10/21 shows processed. Rate: 0.5/min
2025-08-10 08:41:18,383 - INFO - Collecting details for show 11/21: Pauley Pavilion, UCLA (6/29/1980)
2025-08-10 08:41:20,470 - INFO - Collecting details for show 12/21: San Diego Sports Arena (7/1/1980)
2025-08-10 08:41:22,120 - INFO - Collecting details for show 13/21: Mississippi River Festival (8/16/1980)
2025-08-10 08:41:24,771 - INFO - Collecting details for show 14/21: Kansas City Municipal Auditorium Arena (8/17/1980)
2025-08-10 08:41:26,517 - INFO - Collecting details for show 15/21: Uptown Theater (8/19/1980)
2025-08-10 08:41:28,474 - INFO - Progress: 15/21 shows processed. Rate: 0.5/min
2025-08-10 08:41:28,475 - INFO - Collecting details for show 16/21: Uptown Theater (8/20/1980)
2025-08-10 08:41:30,438 - INFO - Collecting details for show 17/21: Uptown Theater (8/21/1980)
2025-08-10 08:41:32,405 - INFO - Collecting details for show 18/21: Alpine Valley Music Theatre (8/23/1980)
2025-08-10 08:41:33,871 - INFO - Collecting details for show 19/21: Grand Center (8/24/1980)
2025-08-10 08:41:36,521 - INFO - Collecting details for show 20/21: Cleveland Public Hall (8/26/1980)
2025-08-10 08:41:38,473 - INFO - Progress: 20/21 shows processed. Rate: 0.5/min
2025-08-10 08:41:38,473 - INFO - Collecting details for show 21/21: Pine Knob Music Theater (8/27/1980)
2025-08-10 08:41:39,971 - INFO - Page 58 complete: 21 shows collected
2025-08-10 08:41:39,971 - INFO - Processing page 59
2025-08-10 08:41:42,759 - INFO - Found 21 shows on page 59
2025-08-10 08:41:42,759 - INFO - Collecting details for show 1/21: The Spectrum (8/29/1980)
2025-08-10 08:41:44,346 - INFO - Collecting details for show 2/21: The Spectrum (8/30/1980)
2025-08-10 08:41:46,361 - INFO - Collecting details for show 3/21: Capital Centre (8/31/1980)
2025-08-10 08:41:48,334 - INFO - Collecting details for show 4/21: Community War Memorial Auditorium (9/2/1980)
2025-08-10 08:41:49,899 - INFO - Collecting details for show 5/21: Springfield Civic Center (9/3/1980)
2025-08-10 08:41:51,921 - INFO - Progress: 5/21 shows processed. Rate: 0.5/min
2025-08-10 08:41:51,921 - INFO - Collecting details for show 6/21: Providence Civic Center (9/4/1980)
2025-08-10 08:41:54,404 - INFO - Collecting details for show 7/21: State Fairgrounds (9/6/1980)
2025-08-10 08:41:56,307 - INFO - Collecting details for show 8/21: Warfield Theater (9/25/1980)
2025-08-10 08:41:57,887 - INFO - Collecting details for show 9/21: Warfield Theater (9/26/1980)
2025-08-10 08:42:00,536 - INFO - Collecting details for show 10/21: Warfield Theater (9/27/1980)
2025-08-10 08:42:02,595 - INFO - Progress: 10/21 shows processed. Rate: 0.5/min
2025-08-10 08:42:02,595 - INFO - Collecting details for show 11/21: Warfield Theater (9/29/1980)
2025-08-10 08:42:04,433 - INFO - Collecting details for show 12/21: Warfield Theater (9/30/1980)
2025-08-10 08:42:06,417 - INFO - Collecting details for show 13/21: Warfield Theater (10/2/1980)
2025-08-10 08:42:08,451 - INFO - Collecting details for show 14/21: Warfield Theater (10/3/1980)
2025-08-10 08:42:10,523 - INFO - Collecting details for show 15/21: Warfield Theater (10/4/1980)
2025-08-10 08:42:11,895 - INFO - Progress: 15/21 shows processed. Rate: 0.5/min
2025-08-10 08:42:11,896 - INFO - Collecting details for show 16/21: Warfield Theater (10/6/1980)
2025-08-10 08:42:14,462 - INFO - Collecting details for show 17/21: Warfield Theater (10/7/1980)
2025-08-10 08:42:16,450 - INFO - Collecting details for show 18/21: Warfield Theater (10/9/1980)
2025-08-10 08:42:18,423 - INFO - Collecting details for show 19/21: Warfield Theater (10/10/1980)
2025-08-10 08:42:19,907 - INFO - Collecting details for show 20/21: Warfield Theater (10/11/1980)
2025-08-10 08:42:22,375 - INFO - Progress: 20/21 shows processed. Rate: 0.5/min
2025-08-10 08:42:22,375 - INFO - Collecting details for show 21/21: Warfield Theater (10/13/1980)
2025-08-10 08:42:24,362 - INFO - Page 59 complete: 21 shows collected
2025-08-10 08:42:24,362 - INFO - Processing page 60
2025-08-10 08:42:26,560 - INFO - Found 21 shows on page 60
2025-08-10 08:42:26,561 - INFO - Collecting details for show 1/21: Warfield Theater (10/14/1980)
2025-08-10 08:42:27,935 - INFO - Collecting details for show 2/21: Saenger Performing Arts Center (10/18/1980)
2025-08-10 08:42:29,905 - INFO - Collecting details for show 3/21: Saenger Performing Arts Center (10/19/1980)
2025-08-10 08:42:32,446 - INFO - Collecting details for show 4/21: Warfield Theater (10/22/1980)
2025-08-10 08:42:34,496 - INFO - Collecting details for show 5/21: Radio City Music Hall (10/23/1980)
2025-08-10 08:42:35,904 - INFO - Progress: 5/21 shows processed. Rate: 0.5/min
2025-08-10 08:42:35,904 - INFO - Collecting details for show 6/21: Radio City Music Hall (10/25/1980)
2025-08-10 08:42:38,507 - INFO - Collecting details for show 7/21: Radio City Music Hall (10/26/1980)
2025-08-10 08:42:39,888 - INFO - Collecting details for show 8/21: Radio City Music Hall (10/27/1980)
2025-08-10 08:42:41,913 - INFO - Collecting details for show 9/21: Radio City Music Hall (10/29/1980)
2025-08-10 08:42:44,467 - INFO - Collecting details for show 10/21: Radio City Music Hall (10/30/1980)
2025-08-10 08:42:45,927 - INFO - Progress: 10/21 shows processed. Rate: 0.5/min
2025-08-10 08:42:45,927 - INFO - Collecting details for show 11/21: Radio City Music Hall (10/31/1980)
2025-08-10 08:42:48,570 - INFO - Collecting details for show 12/21: The Sportatorium (11/26/1980)
2025-08-10 08:42:50,481 - INFO - Collecting details for show 13/21: Lakeland Civic Center (11/28/1980)
2025-08-10 08:42:51,907 - INFO - Collecting details for show 14/21: Alligator Alley Gym, U. of Florida (11/29/1980)
2025-08-10 08:42:54,579 - INFO - Collecting details for show 15/21: Fox Theater (11/30/1980)
2025-08-10 08:42:56,477 - INFO - Progress: 15/21 shows processed. Rate: 0.5/min
2025-08-10 08:42:56,478 - INFO - Collecting details for show 16/21: Mill Valley Recreation Center (12/6/1980)
2025-08-10 08:42:58,358 - INFO - Collecting details for show 17/21: Swing Auditorium (12/12/1980)
2025-08-10 08:43:00,447 - INFO - Collecting details for show 18/21: Long Beach Arena (12/13/1980)
2025-08-10 08:43:01,891 - INFO - Collecting details for show 19/21: Long Beach Arena (12/14/1980)
2025-08-10 08:43:04,562 - INFO - Collecting details for show 20/21: Oakland Auditorium Arena (12/26/1980)
2025-08-10 08:43:06,381 - INFO - Progress: 20/21 shows processed. Rate: 0.5/min
2025-08-10 08:43:06,382 - INFO - Collecting details for show 21/21: Oakland Auditorium Arena (12/27/1980)
2025-08-10 08:43:08,426 - INFO - Page 60 complete: 21 shows collected
2025-08-10 08:43:08,426 - INFO - Processing page 61
2025-08-10 08:43:10,592 - INFO - Found 21 shows on page 61
2025-08-10 08:43:10,593 - INFO - Collecting details for show 1/21: Oakland Auditorium Arena (12/28/1980)
2025-08-10 08:43:12,350 - INFO - Collecting details for show 2/21: Oakland Auditorium Arena (12/30/1980)
2025-08-10 08:43:14,456 - INFO - Collecting details for show 3/21: Oakland Auditorium Arena (12/31/1980)
2025-08-10 08:43:15,942 - INFO - Collecting details for show 4/21: Uptown Theater (2/26/1981)
2025-08-10 08:43:18,550 - INFO - Collecting details for show 5/21: Uptown Theater (2/27/1981)
2025-08-10 08:43:20,479 - INFO - Progress: 5/21 shows processed. Rate: 0.5/min
2025-08-10 08:43:20,479 - INFO - Collecting details for show 6/21: Uptown Theater (2/28/1981)
2025-08-10 08:43:22,452 - INFO - Collecting details for show 7/21: Cleveland Music Hall (3/2/1981)
2025-08-10 08:43:24,653 - INFO - Collecting details for show 8/21: Cleveland Music Hall (3/3/1981)
2025-08-10 08:43:26,430 - INFO - Collecting details for show 9/21: Stanley Theatre (3/5/1981)
2025-08-10 08:43:28,573 - INFO - Collecting details for show 10/21: Stanley Theatre (3/6/1981)
2025-08-10 08:43:30,566 - INFO - Progress: 10/21 shows processed. Rate: 0.5/min
2025-08-10 08:43:30,567 - INFO - Collecting details for show 11/21: Cole Field House, U. of Maryland (3/7/1981)
2025-08-10 08:43:32,538 - INFO - Collecting details for show 12/21: Madison Square Garden (3/9/1981)
2025-08-10 08:43:34,420 - INFO - Collecting details for show 13/21: Madison Square Garden (3/10/1981)
2025-08-10 08:43:36,590 - INFO - Collecting details for show 14/21: Boston Garden (3/12/1981)
2025-08-10 08:43:37,879 - INFO - Collecting details for show 15/21: Utica Memorial Auditorium (3/13/1981)
2025-08-10 08:43:40,429 - INFO - Progress: 15/21 shows processed. Rate: 0.5/min
2025-08-10 08:43:40,429 - INFO - Collecting details for show 16/21: Veterans' Memorial Coliseum (3/14/1981)
2025-08-10 08:43:41,907 - INFO - Collecting details for show 17/21: Rainbow Theatre (3/20/1981)
2025-08-10 08:43:44,299 - INFO - Collecting details for show 18/21: Rainbow Theatre (3/21/1981)
2025-08-10 08:43:46,443 - INFO - Collecting details for show 19/21: Rainbow Theatre (3/23/1981)
2025-08-10 08:43:48,643 - INFO - Collecting details for show 20/21: Rainbow Theatre (3/24/1981)
2025-08-10 08:43:50,387 - INFO - Progress: 20/21 shows processed. Rate: 0.5/min
2025-08-10 08:43:50,388 - INFO - Collecting details for show 21/21: Gruga Halle (3/28/1981)
2025-08-10 08:43:52,515 - INFO - Page 61 complete: 21 shows collected
2025-08-10 08:43:52,516 - INFO - Processing page 62
2025-08-10 08:43:54,758 - INFO - Found 21 shows on page 62
2025-08-10 08:43:54,758 - INFO - Collecting details for show 1/21: Greensboro Coliseum (4/30/1981)
2025-08-10 08:43:56,568 - INFO - Collecting details for show 2/21: Hampton Coliseum (5/1/1981)
2025-08-10 08:43:58,522 - INFO - Collecting details for show 3/21: The Spectrum (5/2/1981)
2025-08-10 08:44:00,359 - INFO - Collecting details for show 4/21: The Spectrum (5/4/1981)
2025-08-10 08:44:02,674 - INFO - Collecting details for show 5/21: Glenns Falls Civic Center (5/5/1981)
2025-08-10 08:44:04,522 - INFO - Progress: 5/21 shows processed. Rate: 0.5/min
2025-08-10 08:44:04,522 - INFO - Collecting details for show 6/21: Nassau Coliseum (5/6/1981)
2025-08-10 08:44:06,465 - INFO - Collecting details for show 7/21: NBC Studios (5/7/1981)
2025-08-10 08:44:08,386 - INFO - Collecting details for show 8/21: Nassau Coliseum (5/8/1981)
2025-08-10 08:44:09,877 - INFO - Collecting details for show 9/21: Nassau Coliseum (5/9/1981)
2025-08-10 08:44:12,525 - INFO - Collecting details for show 10/21: Veterans Memorial Coliseum (5/11/1981)
2025-08-10 08:44:14,489 - INFO - Progress: 10/21 shows processed. Rate: 0.5/min
2025-08-10 08:44:14,490 - INFO - Collecting details for show 11/21: Veterans Memorial Coliseum (5/12/1981)
2025-08-10 08:44:16,432 - INFO - Collecting details for show 12/21: Providence Civic Center (5/13/1981)
2025-08-10 08:44:18,412 - INFO - Collecting details for show 13/21: Athletic Center, Rutgers U (5/15/1981)
2025-08-10 08:44:21,038 - INFO - Collecting details for show 14/21: Barton Hall, Cornell University (5/16/1981)
2025-08-10 08:44:21,887 - INFO - Collecting details for show 15/21: Onondaga County War Memorial (5/17/1981)
2025-08-10 08:44:24,283 - INFO - Progress: 15/21 shows processed. Rate: 0.5/min
2025-08-10 08:44:24,284 - INFO - Collecting details for show 16/21: Warfield Theater (5/22/1981)
2025-08-10 08:44:25,953 - INFO - Collecting details for show 17/21: The Summit (7/2/1981)
2025-08-10 08:44:28,489 - INFO - Collecting details for show 18/21: Manor Downs (7/4/1981)
2025-08-10 08:44:30,426 - INFO - Collecting details for show 19/21: Zoo Amphitheater (7/5/1981)
2025-08-10 08:44:32,456 - INFO - Collecting details for show 20/21: Kansas City Municipal Auditorium Arena (7/7/1981)
2025-08-10 08:44:34,448 - INFO - Progress: 20/21 shows processed. Rate: 0.5/min
2025-08-10 08:44:34,449 - INFO - Collecting details for show 21/21: Kiel Auditorium (7/8/1981)
2025-08-10 08:44:36,383 - INFO - Page 62 complete: 21 shows collected
2025-08-10 08:44:36,383 - INFO - Processing page 63
2025-08-10 08:44:38,944 - INFO - Found 21 shows on page 63
2025-08-10 08:44:38,945 - INFO - Collecting details for show 1/21: St. Paul Civic Center (7/10/1981)
2025-08-10 08:44:39,903 - INFO - Collecting details for show 2/21: Alpine Valley Music Theatre (7/11/1981)
2025-08-10 08:44:42,447 - INFO - Collecting details for show 3/21: McNichols Sports Arena (7/13/1981)
2025-08-10 08:44:44,333 - INFO - Collecting details for show 4/21: McNichols Sports Arena (7/14/1981)
2025-08-10 08:44:46,442 - INFO - Collecting details for show 5/21: Salt Palace (8/12/1981)
2025-08-10 08:44:48,306 - INFO - Progress: 5/21 shows processed. Rate: 0.5/min
2025-08-10 08:44:48,306 - INFO - Collecting details for show 6/21: Seattle Center Coliseum (8/14/1981)
2025-08-10 08:44:50,338 - INFO - Collecting details for show 7/21: Portland Memorial Coliseum (8/15/1981)
2025-08-10 08:44:52,396 - INFO - Collecting details for show 8/21: McArthur Court, U. of Oregon (8/16/1981)
2025-08-10 08:44:54,351 - INFO - Collecting details for show 9/21: Long Beach Arena (8/27/1981)
2025-08-10 08:44:56,376 - INFO - Collecting details for show 10/21: Long Beach Arena (8/28/1981)
2025-08-10 08:44:58,353 - INFO - Progress: 10/21 shows processed. Rate: 0.5/min
2025-08-10 08:44:58,353 - INFO - Collecting details for show 11/21: Compton Terrace Amphitheatre (8/30/1981)
2025-08-10 08:45:00,458 - INFO - Collecting details for show 12/21: Aladdin Theater (8/31/1981)
2025-08-10 08:45:02,969 - INFO - Collecting details for show 13/21: Greek Theatre (9/11/1981)
2025-08-10 08:45:03,911 - INFO - Collecting details for show 14/21: Greek Theatre (9/12/1981)
2025-08-10 08:45:06,551 - INFO - Collecting details for show 15/21: Greek Theatre (9/13/1981)
2025-08-10 08:45:08,487 - INFO - Progress: 15/21 shows processed. Rate: 0.5/min
2025-08-10 08:45:08,488 - INFO - Collecting details for show 16/21: Stabler Arena, Lehigh U. (9/25/1981)
2025-08-10 08:45:10,436 - INFO - Collecting details for show 17/21: War Memorial Auditorium (9/26/1981)
2025-08-10 08:45:12,475 - INFO - Collecting details for show 18/21: Capital Centre (9/27/1981)
2025-08-10 08:45:14,405 - INFO - Collecting details for show 19/21: Playhouse Theater (9/30/1981)
2025-08-10 08:45:16,423 - INFO - Collecting details for show 20/21: Rainbow Theatre (10/2/1981)
2025-08-10 08:45:18,292 - INFO - Progress: 20/21 shows processed. Rate: 0.5/min
2025-08-10 08:45:18,293 - INFO - Collecting details for show 21/21: Rainbow Theatre (10/3/1981)
2025-08-10 08:45:20,395 - INFO - Page 63 complete: 21 shows collected
2025-08-10 08:45:20,395 - INFO - Processing page 64
2025-08-10 08:45:22,888 - INFO - Found 21 shows on page 64
2025-08-10 08:45:22,889 - INFO - Collecting details for show 1/21: Rainbow Theatre (10/4/1981)
2025-08-10 08:45:23,942 - INFO - Collecting details for show 2/21: Rainbow Theatre (10/6/1981)
2025-08-10 08:45:26,446 - INFO - Collecting details for show 3/21: Forum Theater (10/8/1981)
2025-08-10 08:45:28,565 - INFO - Collecting details for show 4/21: StadtHalle (10/10/1981)
2025-08-10 08:45:29,921 - INFO - Collecting details for show 5/21: Olympia Halle (10/12/1981)
2025-08-10 08:45:32,497 - INFO - Progress: 5/21 shows processed. Rate: 0.5/min
2025-08-10 08:45:32,497 - INFO - Collecting details for show 6/21: Walter Koebel Halle (10/13/1981)
2025-08-10 08:45:34,690 - INFO - Collecting details for show 7/21: Club Melk Weg (10/15/1981)
2025-08-10 08:45:36,371 - INFO - Collecting details for show 8/21: Club Melk Weg (10/16/1981)
2025-08-10 08:45:38,434 - INFO - Collecting details for show 9/21: The Hippodrome (10/17/1981)
2025-08-10 08:45:40,637 - INFO - Collecting details for show 10/21: Sports Palace (10/19/1981)
2025-08-10 08:45:42,484 - INFO - Progress: 10/21 shows processed. Rate: 0.5/min
2025-08-10 08:45:42,485 - INFO - Collecting details for show 11/21: Civic Arena (11/29/1981)
2025-08-10 08:45:44,372 - INFO - Collecting details for show 12/21: Hara Arena (11/30/1981)
2025-08-10 08:45:46,335 - INFO - Collecting details for show 13/21: Assembly Hall, U. of Illinois (12/2/1981)
2025-08-10 08:45:48,531 - INFO - Collecting details for show 14/21: Dane County Coliseum (12/3/1981)
2025-08-10 08:45:49,924 - INFO - Collecting details for show 15/21: Market Square Arena (12/5/1981)
2025-08-10 08:45:51,892 - INFO - Progress: 15/21 shows processed. Rate: 0.5/min
2025-08-10 08:45:51,893 - INFO - Collecting details for show 16/21: Rosemont Horizon (12/6/1981)
2025-08-10 08:45:54,434 - INFO - Collecting details for show 17/21: Des Moines Civic Center (12/7/1981)
2025-08-10 08:45:56,347 - INFO - Collecting details for show 18/21: Events Center, U. of Colorado (12/9/1981)
2025-08-10 08:45:58,417 - INFO - Collecting details for show 19/21: Fiesta Hall, San Mateo County Fairgrounds (12/12/1981)
2025-08-10 08:45:59,913 - INFO - Collecting details for show 20/21: Oakland Auditorium Arena (12/26/1981)
2025-08-10 08:46:02,668 - INFO - Progress: 20/21 shows processed. Rate: 0.5/min
2025-08-10 08:46:02,668 - INFO - Collecting details for show 21/21: Oakland Auditorium Arena (12/27/1981)
2025-08-10 08:46:04,387 - INFO - Page 64 complete: 21 shows collected
2025-08-10 08:46:04,387 - INFO - Processing page 65
2025-08-10 08:46:06,606 - INFO - Found 21 shows on page 65
2025-08-10 08:46:06,606 - INFO - Collecting details for show 1/21: Oakland Auditorium Arena (12/28/1981)
2025-08-10 08:46:08,493 - INFO - Collecting details for show 2/21: Oakland Auditorium Arena (12/30/1981)
2025-08-10 08:46:10,406 - INFO - Collecting details for show 3/21: Oakland Auditorium Arena (12/31/1981)
2025-08-10 08:46:11,904 - INFO - Collecting details for show 4/21: Warfield Theater (2/16/1982)
2025-08-10 08:46:14,351 - INFO - Collecting details for show 5/21: Warfield Theater (2/17/1982)
2025-08-10 08:46:16,441 - INFO - Progress: 5/21 shows processed. Rate: 0.5/min
2025-08-10 08:46:16,441 - INFO - Collecting details for show 6/21: Golden Hall, Community Concorse (2/19/1982)
2025-08-10 08:46:18,610 - INFO - Collecting details for show 7/21: Golden Hall, Community Concorse (2/20/1982)
2025-08-10 08:46:20,292 - INFO - Collecting details for show 8/21: Pauley Pavilion, UCLA (2/21/1982)
2025-08-10 08:46:22,384 - INFO - Collecting details for show 9/21: Reno Centennial Coliseum (3/13/1982)
2025-08-10 08:46:24,343 - INFO - Collecting details for show 10/21: Recreation Hall, UC Davis (3/14/1982)
2025-08-10 08:46:26,340 - INFO - Progress: 10/21 shows processed. Rate: 0.5/min
2025-08-10 08:46:26,340 - INFO - Collecting details for show 11/21: Cameron Indoor Stadium, Duke U. (4/2/1982)
2025-08-10 08:46:28,738 - INFO - Collecting details for show 12/21: The Scope (4/3/1982)
2025-08-10 08:46:30,397 - INFO - Collecting details for show 13/21: The Spectrum (4/5/1982)
2025-08-10 08:46:32,731 - INFO - Collecting details for show 14/21: The Spectrum (4/6/1982)
2025-08-10 08:46:33,925 - INFO - Collecting details for show 15/21: Onondaga County War Memorial (4/8/1982)
2025-08-10 08:46:36,429 - INFO - Progress: 15/21 shows processed. Rate: 0.5/min
2025-08-10 08:46:36,429 - INFO - Collecting details for show 16/21: Community War Memorial Auditorium (4/9/1982)
2025-08-10 08:46:38,457 - INFO - Collecting details for show 17/21: Nassau Coliseum (4/11/1982)
2025-08-10 08:46:40,398 - INFO - Collecting details for show 18/21: Nassau Coliseum (4/12/1982)
2025-08-10 08:46:42,362 - INFO - Collecting details for show 19/21: Glenns Falls Civic Center (4/14/1982)
2025-08-10 08:46:44,366 - INFO - Collecting details for show 20/21: Providence Civic Center (4/15/1982)
2025-08-10 08:46:45,929 - INFO - Progress: 20/21 shows processed. Rate: 0.5/min
2025-08-10 08:46:45,930 - INFO - Collecting details for show 21/21: Hartford Civic Center (4/17/1982)
2025-08-10 08:46:48,338 - INFO - Page 65 complete: 21 shows collected
2025-08-10 08:46:48,338 - INFO - Processing page 66
2025-08-10 08:46:50,776 - INFO - Found 21 shows on page 66
2025-08-10 08:46:50,776 - INFO - Collecting details for show 1/21: Hartford Civic Center (4/18/1982)
2025-08-10 08:46:52,467 - INFO - Collecting details for show 2/21: Baltimore Civic Center (4/19/1982)
2025-08-10 08:46:54,390 - INFO - Collecting details for show 3/21: Greek Theatre (5/21/1982)
2025-08-10 08:46:56,374 - INFO - Collecting details for show 4/21: Greek Theatre (5/22/1982)
2025-08-10 08:46:58,381 - INFO - Collecting details for show 5/21: Greek Theatre (5/23/1982)
2025-08-10 08:47:00,394 - INFO - Progress: 5/21 shows processed. Rate: 0.5/min
2025-08-10 08:47:00,395 - INFO - Collecting details for show 6/21: Moscone Convention Center (5/28/1982)
2025-08-10 08:47:02,556 - INFO - Collecting details for show 7/21: Ventura County Fairgrounds (7/17/1982)
2025-08-10 08:47:04,532 - INFO - Collecting details for show 8/21: Ventura County Fairgrounds (7/18/1982)
2025-08-10 08:47:05,922 - INFO - Collecting details for show 9/21: Compton Terrace Amphitheatre (7/25/1982)
2025-08-10 08:47:08,477 - INFO - Collecting details for show 10/21: Red Rocks Amphitheatre (7/27/1982)
2025-08-10 08:47:10,494 - INFO - Progress: 10/21 shows processed. Rate: 0.5/min
2025-08-10 08:47:10,495 - INFO - Collecting details for show 11/21: Red Rocks Amphitheatre (7/28/1982)
2025-08-10 08:47:12,351 - INFO - Collecting details for show 12/21: Red Rocks Amphitheatre (7/29/1982)
2025-08-10 08:47:14,360 - INFO - Collecting details for show 13/21: Manor Downs (7/31/1982)
2025-08-10 08:47:16,344 - INFO - Collecting details for show 14/21: Zoo Amphitheater (8/1/1982)
2025-08-10 08:47:18,324 - INFO - Collecting details for show 15/21: Starlight Theater (8/3/1982)
2025-08-10 08:47:19,897 - INFO - Progress: 15/21 shows processed. Rate: 0.5/min
2025-08-10 08:47:19,898 - INFO - Collecting details for show 16/21: Kiel Auditorium (8/4/1982)
2025-08-10 08:47:22,704 - INFO - Collecting details for show 17/21: St. Paul Civic Center (8/6/1982)
2025-08-10 08:47:24,347 - INFO - Collecting details for show 18/21: Alpine Valley Music Theatre (8/7/1982)
2025-08-10 08:47:26,404 - INFO - Collecting details for show 19/21: Alpine Valley Music Theatre (8/8/1982)
2025-08-10 08:47:27,913 - INFO - Collecting details for show 20/21: Fieldhouse, U. Of Iowa (8/10/1982)
2025-08-10 08:47:29,910 - INFO - Progress: 20/21 shows processed. Rate: 0.5/min
2025-08-10 08:47:29,910 - INFO - Collecting details for show 21/21: Oregon County Fair (8/28/1982)
2025-08-10 08:47:32,497 - INFO - Page 66 complete: 21 shows collected
2025-08-10 08:47:32,497 - INFO - Processing page 67
2025-08-10 08:47:34,747 - INFO - Found 21 shows on page 67
2025-08-10 08:47:34,747 - INFO - Collecting details for show 1/21: Seattle Center Coliseum (8/29/1982)
2025-08-10 08:47:36,366 - INFO - Collecting details for show 2/21: Glen Helen Regional Park (9/5/1982)
2025-08-10 08:47:37,924 - INFO - Collecting details for show 3/21: Saenger Performing Arts Center (9/9/1982)
2025-08-10 08:47:40,405 - INFO - Collecting details for show 4/21: West Palm Beach Auditorium (9/11/1982)
2025-08-10 08:47:42,412 - INFO - Collecting details for show 5/21: Lakeland Civic Center (9/12/1982)
2025-08-10 08:47:44,430 - INFO - Progress: 5/21 shows processed. Rate: 0.5/min
2025-08-10 08:47:44,430 - INFO - Collecting details for show 6/21: U. of Virginia (9/14/1982)
2025-08-10 08:47:46,496 - INFO - Collecting details for show 7/21: Capital Centre (9/15/1982)
2025-08-10 08:47:48,336 - INFO - Collecting details for show 8/21: Cumberland County Civic Center (9/17/1982)
2025-08-10 08:47:50,388 - INFO - Collecting details for show 9/21: Boston Garden (9/18/1982)
2025-08-10 08:47:52,361 - INFO - Collecting details for show 10/21: Madison Square Garden (9/20/1982)
2025-08-10 08:47:54,395 - INFO - Progress: 10/21 shows processed. Rate: 0.5/min
2025-08-10 08:47:54,396 - INFO - Collecting details for show 11/21: Madison Square Garden (9/21/1982)
2025-08-10 08:47:56,394 - INFO - Collecting details for show 12/21: Veterans Memorial Coliseum (9/23/1982)
2025-08-10 08:47:58,355 - INFO - Collecting details for show 13/21: Carrier Dome, Syracuse U. (9/24/1982)
2025-08-10 08:48:00,427 - INFO - Collecting details for show 14/21: Frost Amphitheatre (10/9/1982)
2025-08-10 08:48:02,666 - INFO - Collecting details for show 15/21: Frost Amphitheatre (10/10/1982)
2025-08-10 08:48:04,399 - INFO - Progress: 15/21 shows processed. Rate: 0.5/min
2025-08-10 08:48:04,400 - INFO - Collecting details for show 16/21: Santa Fe Downs (10/17/1982)
2025-08-10 08:48:06,563 - INFO - Collecting details for show 17/21: Bob Marley Performing Arts Center (11/26/1982)
2025-08-10 08:48:08,350 - INFO - Collecting details for show 18/21: Oakland Auditorium Arena (12/26/1982)
2025-08-10 08:48:09,881 - INFO - Collecting details for show 19/21: Oakland Auditorium Arena (12/27/1982)
2025-08-10 08:48:12,349 - INFO - Collecting details for show 20/21: Oakland Auditorium Arena (12/28/1982)
2025-08-10 08:48:14,366 - INFO - Progress: 20/21 shows processed. Rate: 0.5/min
2025-08-10 08:48:14,367 - INFO - Collecting details for show 21/21: Oakland Auditorium Arena (12/30/1982)
2025-08-10 08:48:16,483 - INFO - Page 67 complete: 21 shows collected
2025-08-10 08:48:16,483 - INFO - Processing page 68
2025-08-10 08:48:18,591 - INFO - Found 21 shows on page 68
2025-08-10 08:48:18,592 - INFO - Collecting details for show 1/21: Oakland Auditorium Arena (12/31/1982)
2025-08-10 08:48:20,321 - INFO - Collecting details for show 2/21: Compton Terrace Amphitheatre (3/25/1983)
2025-08-10 08:48:21,982 - INFO - Collecting details for show 3/21: Aladdin Theater (3/26/1983)
2025-08-10 08:48:24,278 - INFO - Collecting details for show 4/21: Irvine Meadows (3/27/1983)
2025-08-10 08:48:26,380 - INFO - Collecting details for show 5/21: Warfield Theater (3/29/1983)
2025-08-10 08:48:28,342 - INFO - Progress: 5/21 shows processed. Rate: 0.5/min
2025-08-10 08:48:28,342 - INFO - Collecting details for show 6/21: Warfield Theater (3/30/1983)
2025-08-10 08:48:30,766 - INFO - Collecting details for show 7/21: Warfield Theater (3/31/1983)
2025-08-10 08:48:32,369 - INFO - Collecting details for show 8/21: Hampton Coliseum (4/9/1983)
2025-08-10 08:48:34,323 - INFO - Collecting details for show 9/21: Morgantown Civic Center (4/10/1983)
2025-08-10 08:48:36,301 - INFO - Collecting details for show 10/21: Broome County Arena (4/12/1983)
2025-08-10 08:48:38,345 - INFO - Progress: 10/21 shows processed. Rate: 0.5/min
2025-08-10 08:48:38,346 - INFO - Collecting details for show 11/21: Patrick Field House, U. of Vermont (4/13/1983)
2025-08-10 08:48:40,347 - INFO - Collecting details for show 12/21: Community War Memorial Auditorium (4/15/1983)
2025-08-10 08:48:41,922 - INFO - Collecting details for show 13/21: Meadowlands Arena (4/16/1983)
2025-08-10 08:48:44,352 - INFO - Collecting details for show 14/21: Meadowlands Arena (4/17/1983)
2025-08-10 08:48:46,864 - INFO - Collecting details for show 15/21: Alfond Arena, U. of Maine (4/19/1983)
2025-08-10 08:48:48,371 - INFO - Progress: 15/21 shows processed. Rate: 0.5/min
2025-08-10 08:48:48,371 - INFO - Collecting details for show 16/21: Providence Civic Center (4/20/1983)
2025-08-10 08:48:50,362 - INFO - Collecting details for show 17/21: Veterans Memorial Coliseum (4/22/1983)
2025-08-10 08:48:51,929 - INFO - Collecting details for show 18/21: Veterans Memorial Coliseum (4/23/1983)
2025-08-10 08:48:54,387 - INFO - Collecting details for show 19/21: The Spectrum (4/25/1983)
2025-08-10 08:48:56,340 - INFO - Collecting details for show 20/21: The Spectrum (4/26/1983)
2025-08-10 08:48:58,352 - INFO - Progress: 20/21 shows processed. Rate: 0.5/min
2025-08-10 08:48:58,352 - INFO - Collecting details for show 21/21: Greek Theatre (5/13/1983)
2025-08-10 08:49:00,373 - INFO - Page 68 complete: 21 shows collected
2025-08-10 08:49:00,373 - INFO - Processing page 69
2025-08-10 08:49:02,880 - INFO - Found 21 shows on page 69
2025-08-10 08:49:02,881 - INFO - Collecting details for show 1/21: Greek Theatre (5/14/1983)
2025-08-10 08:49:04,364 - INFO - Collecting details for show 2/21: Greek Theatre (5/15/1983)
2025-08-10 08:49:05,896 - INFO - Collecting details for show 3/21: Saratoga Performing Arts Center (6/18/1983)
2025-08-10 08:49:08,466 - INFO - Collecting details for show 4/21: Merriweather Post Pavilion (6/20/1983)
2025-08-10 08:49:10,392 - INFO - Collecting details for show 5/21: Merriweather Post Pavilion (6/21/1983)
2025-08-10 08:49:12,398 - INFO - Progress: 5/21 shows processed. Rate: 0.5/min
2025-08-10 08:49:12,399 - INFO - Collecting details for show 6/21: City Island (6/22/1983)
2025-08-10 08:49:14,331 - INFO - Collecting details for show 7/21: Dane County Coliseum (6/24/1983)
2025-08-10 08:49:16,362 - INFO - Collecting details for show 8/21: St. Paul Civic Center (6/25/1983)
2025-08-10 08:49:18,338 - INFO - Collecting details for show 9/21: Poplar Creek Music Theater (6/27/1983)
2025-08-10 08:49:20,307 - INFO - Collecting details for show 10/21: Poplar Creek Music Theater (6/28/1983)
2025-08-10 08:49:21,935 - INFO - Progress: 10/21 shows processed. Rate: 0.5/min
2025-08-10 08:49:21,936 - INFO - Collecting details for show 11/21: Ventura County Fairgrounds (7/30/1983)
2025-08-10 08:49:24,328 - INFO - Collecting details for show 12/21: Ventura County Fairgrounds (7/31/1983)
2025-08-10 08:49:26,363 - INFO - Collecting details for show 13/21: Frost Amphitheatre (8/20/1983)
2025-08-10 08:49:28,409 - INFO - Collecting details for show 14/21: Frost Amphitheatre (8/21/1983)
2025-08-10 08:49:30,359 - INFO - Collecting details for show 15/21: Portland Memorial Coliseum (8/26/1983)
2025-08-10 08:49:32,377 - INFO - Progress: 15/21 shows processed. Rate: 0.5/min
2025-08-10 08:49:32,378 - INFO - Collecting details for show 16/21: Seattle Center Coliseum (8/27/1983)
2025-08-10 08:49:33,947 - INFO - Collecting details for show 17/21: Silva Hall, Hult Center (8/29/1983)
2025-08-10 08:49:36,382 - INFO - Collecting details for show 18/21: Silva Hall, Hult Center (8/30/1983)
2025-08-10 08:49:38,439 - INFO - Collecting details for show 19/21: Silva Hall, Hult Center (8/31/1983)
2025-08-10 08:49:40,408 - INFO - Collecting details for show 20/21: Boise Pavillion Boise State U. (9/2/1983)
2025-08-10 08:49:42,513 - INFO - Progress: 20/21 shows processed. Rate: 0.5/min
2025-08-10 08:49:42,514 - INFO - Collecting details for show 21/21: Park West Ski Resort (9/4/1983)
2025-08-10 08:49:44,365 - INFO - Page 69 complete: 21 shows collected
2025-08-10 08:49:44,366 - INFO - Processing page 70
2025-08-10 08:49:46,571 - INFO - Found 21 shows on page 70
2025-08-10 08:49:46,571 - INFO - Collecting details for show 1/21: Red Rocks Amphitheatre (9/6/1983)
2025-08-10 08:49:48,391 - INFO - Collecting details for show 2/21: Red Rocks Amphitheatre (9/7/1983)
2025-08-10 08:49:50,398 - INFO - Collecting details for show 3/21: Red Rocks Amphitheatre (9/8/1983)
2025-08-10 08:49:52,352 - INFO - Collecting details for show 4/21: Santa Fe Downs (9/10/1983)
2025-08-10 08:49:54,263 - INFO - Collecting details for show 5/21: Santa Fe Downs (9/11/1983)
2025-08-10 08:49:56,369 - INFO - Progress: 5/21 shows processed. Rate: 0.5/min
2025-08-10 08:49:56,369 - INFO - Collecting details for show 6/21: Manor Downs (9/13/1983)
2025-08-10 08:49:57,959 - INFO - Collecting details for show 7/21: Nevada County Fairgrounds (9/18/1983)
2025-08-10 08:50:00,531 - INFO - Collecting details for show 8/21: Santa Cruz County Fairgrounds (9/24/1983)
2025-08-10 08:50:02,848 - INFO - Collecting details for show 9/21: Richmond Coliseum (10/8/1983)
2025-08-10 08:50:03,941 - INFO - Collecting details for show 10/21: Greensboro Coliseum (10/9/1983)
2025-08-10 08:50:06,430 - INFO - Progress: 10/21 shows processed. Rate: 0.5/min
2025-08-10 08:50:06,430 - INFO - Collecting details for show 11/21: Madison Square Garden (10/11/1983)
2025-08-10 08:50:08,320 - INFO - Collecting details for show 12/21: Madison Square Garden (10/12/1983)
2025-08-10 08:50:10,458 - INFO - Collecting details for show 13/21: Hartford Civic Center (10/14/1983)
2025-08-10 08:50:11,923 - INFO - Collecting details for show 14/21: Hartford Civic Center (10/15/1983)
2025-08-10 08:50:14,338 - INFO - Collecting details for show 15/21: Olympic Center (10/17/1983)
2025-08-10 08:50:16,522 - INFO - Progress: 15/21 shows processed. Rate: 0.5/min
2025-08-10 08:50:16,522 - INFO - Collecting details for show 16/21: Cumberland County Civic Center (10/18/1983)
2025-08-10 08:50:18,525 - INFO - Collecting details for show 17/21: The Centrum (10/20/1983)
2025-08-10 08:50:20,409 - INFO - Collecting details for show 18/21: The Centrum (10/21/1983)
2025-08-10 08:50:22,321 - INFO - Collecting details for show 19/21: Carrier Dome, Syracuse U. (10/22/1983)
2025-08-10 08:50:24,386 - INFO - Collecting details for show 20/21: Marin County Veterans Auditorium (10/30/1983)
2025-08-10 08:50:26,427 - INFO - Progress: 20/21 shows processed. Rate: 0.5/min
2025-08-10 08:50:26,428 - INFO - Collecting details for show 21/21: Marin County Veterans Auditorium (10/31/1983)
2025-08-10 08:50:28,325 - INFO - Page 70 complete: 21 shows collected
2025-08-10 08:50:28,325 - INFO - Processing page 71
2025-08-10 08:50:30,589 - INFO - Found 21 shows on page 71
2025-08-10 08:50:30,589 - INFO - Collecting details for show 1/21: S.F Civic Auditorium (12/27/1983)
2025-08-10 08:50:32,386 - INFO - Collecting details for show 2/21: S.F Civic Auditorium (12/28/1983)
2025-08-10 08:50:34,368 - INFO - Collecting details for show 3/21: S.F Civic Auditorium (12/30/1983)
2025-08-10 08:50:36,362 - INFO - Collecting details for show 4/21: S.F Civic Auditorium (12/31/1983)
2025-08-10 08:50:38,318 - INFO - Collecting details for show 5/21: Marin County Veterans Auditorium (3/28/1984)
2025-08-10 08:50:40,333 - INFO - Progress: 5/21 shows processed. Rate: 0.5/min
2025-08-10 08:50:40,333 - INFO - Collecting details for show 6/21: Marin County Veterans Auditorium (3/29/1984)
2025-08-10 08:50:41,940 - INFO - Collecting details for show 7/21: Marin County Veterans Auditorium (3/31/1984)
2025-08-10 08:50:44,420 - INFO - Collecting details for show 8/21: Marin County Veterans Auditorium (4/1/1984)
2025-08-10 08:50:46,360 - INFO - Collecting details for show 9/21: Aladdin Theater (4/6/1984)
2025-08-10 08:50:48,345 - INFO - Collecting details for show 10/21: Irvine Meadows (4/7/1984)
2025-08-10 08:50:49,963 - INFO - Progress: 10/21 shows processed. Rate: 0.5/min
2025-08-10 08:50:49,963 - INFO - Collecting details for show 11/21: Hampton Coliseum (4/13/1984)
2025-08-10 08:50:52,344 - INFO - Collecting details for show 12/21: Hampton Coliseum (4/14/1984)
2025-08-10 08:50:54,397 - INFO - Collecting details for show 13/21: Community War Memorial Auditorium (4/16/1984)
2025-08-10 08:50:56,352 - INFO - Collecting details for show 14/21: Niagara Falls Convention Center (4/17/1984)
2025-08-10 08:50:57,937 - INFO - Collecting details for show 15/21: Philadelphia Civic Arena (4/19/1984)
2025-08-10 08:51:00,358 - INFO - Progress: 15/21 shows processed. Rate: 0.5/min
2025-08-10 08:51:00,359 - INFO - Collecting details for show 16/21: Philadelphia Civic Arena (4/20/1984)
2025-08-10 08:51:02,444 - INFO - Collecting details for show 17/21: Philadelphia Civic Arena (4/21/1984)
2025-08-10 08:51:04,460 - INFO - Collecting details for show 18/21: Veterans Memorial Coliseum (4/23/1984)
2025-08-10 08:51:06,513 - INFO - Collecting details for show 19/21: Veterans Memorial Coliseum (4/24/1984)
2025-08-10 08:51:07,930 - INFO - Collecting details for show 20/21: Providence Civic Center (4/26/1984)
2025-08-10 08:51:10,439 - INFO - Progress: 20/21 shows processed. Rate: 0.5/min
2025-08-10 08:51:10,440 - INFO - Collecting details for show 21/21: Providence Civic Center (4/27/1984)
2025-08-10 08:51:11,943 - INFO - Page 71 complete: 21 shows collected
2025-08-10 08:51:11,943 - INFO - Processing page 72
2025-08-10 08:51:14,640 - INFO - Found 21 shows on page 72
2025-08-10 08:51:14,641 - INFO - Collecting details for show 1/21: Nassau Coliseum (4/29/1984)
2025-08-10 08:51:16,344 - INFO - Collecting details for show 2/21: Nassau Coliseum (4/30/1984)
2025-08-10 08:51:18,343 - INFO - Collecting details for show 3/21: Silva Hall, Hult Center (5/6/1984)
2025-08-10 08:51:20,430 - INFO - Collecting details for show 4/21: Silva Hall, Hult Center (5/7/1984)
2025-08-10 08:51:22,329 - INFO - Collecting details for show 5/21: Silva Hall, Hult Center (5/8/1984)
2025-08-10 08:51:24,402 - INFO - Progress: 5/21 shows processed. Rate: 0.5/min
2025-08-10 08:51:24,402 - INFO - Collecting details for show 6/21: Cal Expo (6/9/1984)
2025-08-10 08:51:26,355 - INFO - Collecting details for show 7/21: Cal Expo (6/10/1984)
2025-08-10 08:51:27,939 - INFO - Collecting details for show 8/21: Red Rocks Amphitheatre (6/12/1984)
2025-08-10 08:51:29,945 - INFO - Collecting details for show 9/21: Red Rocks Amphitheatre (6/13/1984)
2025-08-10 08:51:32,872 - INFO - Collecting details for show 10/21: Red Rocks Amphitheatre (6/14/1984)
2025-08-10 08:51:35,933 - INFO - Progress: 10/21 shows processed. Rate: 0.5/min
2025-08-10 08:51:35,933 - INFO - Collecting details for show 11/21: Kingswood Music Theater (6/21/1984)
2025-08-10 08:51:36,858 - INFO - Collecting details for show 12/21: City Island (6/23/1984)
2025-08-10 08:51:38,694 - INFO - Collecting details for show 13/21: Saratoga Performing Arts Center (6/24/1984)
2025-08-10 08:51:40,619 - INFO - Collecting details for show 14/21: Merriweather Post Pavilion (6/26/1984)
2025-08-10 08:51:42,653 - INFO - Collecting details for show 15/21: Merriweather Post Pavilion (6/27/1984)
2025-08-10 08:51:44,606 - INFO - Progress: 15/21 shows processed. Rate: 0.5/min
2025-08-10 08:51:44,606 - INFO - Collecting details for show 16/21: Blossom Music Center (6/29/1984)
2025-08-10 08:51:46,749 - INFO - Collecting details for show 17/21: Indianapolis Sports and Music Center (6/30/1984)
2025-08-10 08:51:48,568 - INFO - Collecting details for show 18/21: Pine Knob Music Theater (7/1/1984)
2025-08-10 08:51:50,617 - INFO - Collecting details for show 19/21: Starlight Theater (7/3/1984)
2025-08-10 08:51:52,589 - INFO - Collecting details for show 20/21: Five Seasons Center (7/4/1984)
2025-08-10 08:51:54,691 - INFO - Progress: 20/21 shows processed. Rate: 0.5/min
2025-08-10 08:51:54,692 - INFO - Collecting details for show 21/21: Alpine Valley Music Theatre (7/6/1984)
2025-08-10 08:51:56,122 - INFO - Page 72 complete: 21 shows collected
2025-08-10 08:51:56,122 - INFO - Processing page 73
2025-08-10 08:51:58,874 - INFO - Found 21 shows on page 73
2025-08-10 08:51:58,874 - INFO - Collecting details for show 1/21: Alpine Valley Music Theatre (7/7/1984)
2025-08-10 08:52:00,548 - INFO - Collecting details for show 2/21: Greek Theatre (7/13/1984)
2025-08-10 08:52:02,714 - INFO - Collecting details for show 3/21: Greek Theatre (7/14/1984)
2025-08-10 08:52:04,883 - INFO - Collecting details for show 4/21: Greek Theatre (7/15/1984)
2025-08-10 08:52:06,595 - INFO - Collecting details for show 5/21: Ventura County Fairgrounds (7/21/1984)
2025-08-10 08:52:08,200 - INFO - Progress: 5/21 shows processed. Rate: 0.5/min
2025-08-10 08:52:08,200 - INFO - Collecting details for show 6/21: Ventura County Fairgrounds (7/22/1984)
2025-08-10 08:52:10,611 - INFO - Collecting details for show 7/21: Charlotte Coliseum (10/5/1984)
2025-08-10 08:52:12,580 - INFO - Collecting details for show 8/21: Richmond Coliseum (10/6/1984)
2025-08-10 08:52:14,195 - INFO - Collecting details for show 9/21: The Centrum (10/8/1984)
2025-08-10 08:52:16,665 - INFO - Collecting details for show 10/21: The Centrum (10/9/1984)
2025-08-10 08:52:18,587 - INFO - Progress: 10/21 shows processed. Rate: 0.5/min
2025-08-10 08:52:18,587 - INFO - Collecting details for show 11/21: Augusta Civic Center (10/11/1984)
2025-08-10 08:52:20,180 - INFO - Collecting details for show 12/21: Augusta Civic Center (10/12/1984)
2025-08-10 08:52:22,616 - INFO - Collecting details for show 13/21: Hartford Civic Center (10/14/1984)
2025-08-10 08:52:24,605 - INFO - Collecting details for show 14/21: Hartford Civic Center (10/15/1984)
2025-08-10 08:52:26,760 - INFO - Collecting details for show 15/21: Meadowlands Arena (10/17/1984)
2025-08-10 08:52:28,589 - INFO - Progress: 15/21 shows processed. Rate: 0.5/min
2025-08-10 08:52:28,590 - INFO - Collecting details for show 16/21: Meadowlands Arena (10/18/1984)
2025-08-10 08:52:30,620 - INFO - Collecting details for show 17/21: Carrier Dome, Syracuse U. (10/20/1984)
2025-08-10 08:52:32,597 - INFO - Collecting details for show 18/21: Berkeley Community Theater (10/27/1984)
2025-08-10 08:52:34,591 - INFO - Collecting details for show 19/21: Berkeley Community Theater (10/28/1984)
2025-08-10 08:52:36,655 - INFO - Collecting details for show 20/21: Berkeley Community Theater (10/30/1984)
2025-08-10 08:52:38,509 - INFO - Progress: 20/21 shows processed. Rate: 0.5/min
2025-08-10 08:52:38,509 - INFO - Collecting details for show 21/21: Berkeley Community Theater (10/31/1984)
2025-08-10 08:52:40,609 - INFO - Page 73 complete: 21 shows collected
2025-08-10 08:52:40,609 - INFO - Processing page 74
2025-08-10 08:52:42,852 - INFO - Found 21 shows on page 74
2025-08-10 08:52:42,853 - INFO - Collecting details for show 1/21: Berkeley Community Theater (11/2/1984)
2025-08-10 08:52:44,610 - INFO - Collecting details for show 2/21: Berkeley Community Theater (11/3/1984)
2025-08-10 08:52:46,818 - INFO - Collecting details for show 3/21: S.F Civic Auditorium (12/28/1984)
2025-08-10 08:52:48,604 - INFO - Collecting details for show 4/21: S.F Civic Auditorium (12/29/1984)
2025-08-10 08:52:50,191 - INFO - Collecting details for show 5/21: S.F Civic Auditorium (12/31/1984)
2025-08-10 08:52:52,683 - INFO - Progress: 5/21 shows processed. Rate: 0.5/min
2025-08-10 08:52:52,683 - INFO - Collecting details for show 6/21: Henry J. Kaiser Convention Center (2/18/1985)
2025-08-10 08:52:54,591 - INFO - Collecting details for show 7/21: Henry J. Kaiser Convention Center (2/19/1985)
2025-08-10 08:52:56,589 - INFO - Collecting details for show 8/21: Henry J. Kaiser Convention Center (2/20/1985)
2025-08-10 08:52:58,608 - INFO - Collecting details for show 9/21: Berkeley Community Theater (3/9/1985)
2025-08-10 08:53:00,611 - INFO - Collecting details for show 10/21: Berkeley Community Theater (3/10/1985)
2025-08-10 08:53:03,095 - INFO - Progress: 10/21 shows processed. Rate: 0.5/min
2025-08-10 08:53:03,096 - INFO - Collecting details for show 11/21: Berkeley Community Theater (3/12/1985)
2025-08-10 08:53:04,675 - INFO - Collecting details for show 12/21: Berkeley Community Theater (3/13/1985)
2025-08-10 08:53:06,646 - INFO - Collecting details for show 13/21: Hampton Coliseum (3/21/1985)
2025-08-10 08:53:08,598 - INFO - Collecting details for show 14/21: Hampton Coliseum (3/22/1985)
2025-08-10 08:53:10,171 - INFO - Collecting details for show 15/21: Springfield Civic Center (3/24/1985)
2025-08-10 08:53:12,185 - INFO - Progress: 15/21 shows processed. Rate: 0.5/min
2025-08-10 08:53:12,185 - INFO - Collecting details for show 16/21: Springfield Civic Center (3/25/1985)
2025-08-10 08:53:14,183 - INFO - Collecting details for show 17/21: Nassau Coliseum (3/27/1985)
2025-08-10 08:53:16,590 - INFO - Collecting details for show 18/21: Nassau Coliseum (3/28/1985)
2025-08-10 08:53:18,555 - INFO - Collecting details for show 19/21: Nassau Coliseum (3/29/1985)
2025-08-10 08:53:20,626 - INFO - Collecting details for show 20/21: Cumberland County Civic Center (3/31/1985)
2025-08-10 08:53:22,635 - INFO - Progress: 20/21 shows processed. Rate: 0.5/min
2025-08-10 08:53:22,635 - INFO - Collecting details for show 21/21: Cumberland County Civic Center (4/1/1985)
2025-08-10 08:53:24,578 - INFO - Page 74 complete: 21 shows collected
2025-08-10 08:53:24,579 - INFO - Processing page 75
2025-08-10 08:53:26,813 - INFO - Found 21 shows on page 75
2025-08-10 08:53:26,813 - INFO - Collecting details for show 1/21: Providence Civic Center (4/3/1985)
2025-08-10 08:53:28,621 - INFO - Collecting details for show 2/21: Providence Civic Center (4/4/1985)
2025-08-10 08:53:30,567 - INFO - Collecting details for show 3/21: The Spectrum (4/6/1985)
2025-08-10 08:53:32,189 - INFO - Collecting details for show 4/21: The Spectrum (4/7/1985)
2025-08-10 08:53:34,667 - INFO - Collecting details for show 5/21: The Spectrum (4/8/1985)
2025-08-10 08:53:36,641 - INFO - Progress: 5/21 shows processed. Rate: 0.5/min
2025-08-10 08:53:36,641 - INFO - Collecting details for show 6/21: Irvine Meadows (4/13/1985)
2025-08-10 08:53:38,580 - INFO - Collecting details for show 7/21: Irvine Meadows (4/14/1985)
2025-08-10 08:53:40,586 - INFO - Collecting details for show 8/21: Frost Amphitheatre (4/27/1985)
2025-08-10 08:53:42,586 - INFO - Collecting details for show 9/21: Frost Amphitheatre (4/28/1985)
2025-08-10 08:53:44,637 - INFO - Collecting details for show 10/21: Greek Theatre (6/14/1985)
2025-08-10 08:53:46,225 - INFO - Progress: 10/21 shows processed. Rate: 0.5/min
2025-08-10 08:53:46,226 - INFO - Collecting details for show 11/21: Greek Theatre (6/15/1985)
2025-08-10 08:53:48,566 - INFO - Collecting details for show 12/21: Greek Theatre (6/16/1985)
2025-08-10 08:53:50,629 - INFO - Collecting details for show 13/21: Alpine Valley Music Theatre (6/21/1985)
2025-08-10 08:53:52,661 - INFO - Collecting details for show 14/21: Alpine Valley Music Theatre (6/22/1985)
2025-08-10 08:53:54,657 - INFO - Collecting details for show 15/21: River Bend Music Center (6/24/1985)
2025-08-10 08:53:56,201 - INFO - Progress: 15/21 shows processed. Rate: 0.5/min
2025-08-10 08:53:56,202 - INFO - Collecting details for show 16/21: Blossom Music Center (6/25/1985)
2025-08-10 08:53:58,553 - INFO - Collecting details for show 17/21: Saratoga Performing Arts Center (6/27/1985)
2025-08-10 08:54:00,210 - INFO - Collecting details for show 18/21: Hershey Park Stadium (6/28/1985)
2025-08-10 08:54:02,709 - INFO - Collecting details for show 19/21: Merriweather Post Pavilion (6/30/1985)
2025-08-10 08:54:04,616 - INFO - Collecting details for show 20/21: Merriweather Post Pavilion (7/1/1985)
2025-08-10 08:54:06,210 - INFO - Progress: 20/21 shows processed. Rate: 0.5/min
2025-08-10 08:54:06,211 - INFO - Collecting details for show 21/21: Civic Arena (7/2/1985)
2025-08-10 08:54:08,667 - INFO - Page 75 complete: 21 shows collected
2025-08-10 08:54:08,667 - INFO - Processing page 76
2025-08-10 08:54:10,847 - INFO - Found 21 shows on page 76
2025-08-10 08:54:10,847 - INFO - Collecting details for show 1/21: Ventura County Fairgrounds (7/13/1985)
2025-08-10 08:54:12,580 - INFO - Collecting details for show 2/21: Ventura County Fairgrounds (7/14/1985)
2025-08-10 08:54:14,240 - INFO - Collecting details for show 3/21: Boreal Ridge Ski Resort (8/24/1985)
2025-08-10 08:54:16,576 - INFO - Collecting details for show 4/21: Southern Star Amphitheater (8/30/1985)
2025-08-10 08:54:18,268 - INFO - Collecting details for show 5/21: Manor Downs (8/31/1985)
2025-08-10 08:54:20,625 - INFO - Progress: 5/21 shows processed. Rate: 0.5/min
2025-08-10 08:54:20,626 - INFO - Collecting details for show 6/21: Zoo Amphitheater (9/2/1985)
2025-08-10 08:54:22,606 - INFO - Collecting details for show 7/21: Starlight Theater (9/3/1985)
2025-08-10 08:54:24,595 - INFO - Collecting details for show 8/21: Red Rocks Amphitheatre (9/5/1985)
2025-08-10 08:54:26,191 - INFO - Collecting details for show 9/21: Red Rocks Amphitheatre (9/6/1985)
2025-08-10 08:54:28,671 - INFO - Collecting details for show 10/21: Red Rocks Amphitheatre (9/7/1985)
2025-08-10 08:54:30,216 - INFO - Progress: 10/21 shows processed. Rate: 0.5/min
2025-08-10 08:54:30,216 - INFO - Collecting details for show 11/21: Henry J. Kaiser Convention Center (9/10/1985)
2025-08-10 08:54:32,209 - INFO - Collecting details for show 12/21: Henry J. Kaiser Convention Center (9/11/1985)
2025-08-10 08:54:34,570 - INFO - Collecting details for show 13/21: Henry J. Kaiser Convention Center (9/12/1985)
2025-08-10 08:54:36,647 - INFO - Collecting details for show 14/21: Devore Field, Southwestern College (9/15/1985)
2025-08-10 08:54:38,658 - INFO - Collecting details for show 15/21: The Sportatorium (10/25/1985)
2025-08-10 08:54:40,629 - INFO - Progress: 15/21 shows processed. Rate: 0.5/min
2025-08-10 08:54:40,630 - INFO - Collecting details for show 16/21: Sun Dome (10/26/1985)
2025-08-10 08:54:42,636 - INFO - Collecting details for show 17/21: Fox Theater (10/28/1985)
2025-08-10 08:54:44,705 - INFO - Collecting details for show 18/21: Fox Theater (10/29/1985)
2025-08-10 08:54:46,570 - INFO - Collecting details for show 19/21: Carolina Coliseum, U. of South Carolina (10/31/1985)
2025-08-10 08:54:48,631 - INFO - Collecting details for show 20/21: Richmond Coliseum (11/1/1985)
2025-08-10 08:54:50,636 - INFO - Progress: 20/21 shows processed. Rate: 0.5/min
2025-08-10 08:54:50,636 - INFO - Collecting details for show 21/21: Richmond Coliseum (11/2/1985)
2025-08-10 08:54:52,588 - INFO - Page 76 complete: 21 shows collected
2025-08-10 08:54:52,589 - INFO - Processing page 77
2025-08-10 08:54:54,910 - INFO - Found 21 shows on page 77
2025-08-10 08:54:54,910 - INFO - Collecting details for show 1/21: The Centrum (11/4/1985)
2025-08-10 08:54:56,187 - INFO - Collecting details for show 2/21: The Centrum (11/5/1985)
2025-08-10 08:54:58,648 - INFO - Collecting details for show 3/21: Community War Memorial Auditorium (11/7/1985)
2025-08-10 08:55:00,584 - INFO - Collecting details for show 4/21: Community War Memorial Auditorium (11/8/1985)
2025-08-10 08:55:03,079 - INFO - Collecting details for show 5/21: Meadowlands Arena (11/10/1985)
2025-08-10 08:55:04,719 - INFO - Progress: 5/21 shows processed. Rate: 0.5/min
2025-08-10 08:55:04,720 - INFO - Collecting details for show 6/21: Meadowlands Arena (11/11/1985)
2025-08-10 08:55:06,601 - INFO - Collecting details for show 7/21: Long Beach Arena (11/16/1985)
2025-08-10 08:55:08,629 - INFO - Collecting details for show 8/21: Long Beach Arena (11/17/1985)
2025-08-10 08:55:10,673 - INFO - Collecting details for show 9/21: Henry J. Kaiser Convention Center (11/20/1985)
2025-08-10 08:55:12,577 - INFO - Collecting details for show 10/21: Henry J. Kaiser Convention Center (11/21/1985)
2025-08-10 08:55:14,696 - INFO - Progress: 10/21 shows processed. Rate: 0.5/min
2025-08-10 08:55:14,696 - INFO - Collecting details for show 11/21: Henry J. Kaiser Convention Center (11/22/1985)
2025-08-10 08:55:16,580 - INFO - Collecting details for show 12/21: Oakland-Alameda County Coliseum (12/30/1985)
2025-08-10 08:55:18,684 - INFO - Collecting details for show 13/21: Oakland-Alameda County Coliseum (12/31/1985)
2025-08-10 08:55:20,189 - INFO - Collecting details for show 14/21: Henry J. Kaiser Convention Center (2/8/1986)
2025-08-10 08:55:22,616 - INFO - Collecting details for show 15/21: Henry J. Kaiser Convention Center (2/9/1986)
2025-08-10 08:55:24,673 - INFO - Progress: 15/21 shows processed. Rate: 0.5/min
2025-08-10 08:55:24,674 - INFO - Collecting details for show 16/21: Henry J. Kaiser Convention Center (2/11/1986)
2025-08-10 08:55:26,256 - INFO - Collecting details for show 17/21: Henry J. Kaiser Convention Center (2/12/1986)
2025-08-10 08:55:28,593 - INFO - Collecting details for show 18/21: Henry J. Kaiser Convention Center (2/14/1986)
2025-08-10 08:55:30,622 - INFO - Collecting details for show 19/21: Hampton Coliseum (3/19/1986)
2025-08-10 08:55:32,738 - INFO - Collecting details for show 20/21: Hampton Coliseum (3/20/1986)
2025-08-10 08:55:34,615 - INFO - Progress: 20/21 shows processed. Rate: 0.5/min
2025-08-10 08:55:34,615 - INFO - Collecting details for show 21/21: Hampton Coliseum (3/21/1986)
2025-08-10 08:55:36,654 - INFO - Page 77 complete: 21 shows collected
2025-08-10 08:55:36,655 - INFO - Processing page 78
2025-08-10 08:55:38,822 - INFO - Found 21 shows on page 78
2025-08-10 08:55:38,823 - INFO - Collecting details for show 1/21: The Spectrum (3/23/1986)
2025-08-10 08:55:40,195 - INFO - Collecting details for show 2/21: The Spectrum (3/24/1986)
2025-08-10 08:55:42,752 - INFO - Collecting details for show 3/21: The Spectrum (3/25/1986)
2025-08-10 08:55:44,620 - INFO - Collecting details for show 4/21: Cumberland County Civic Center (3/27/1986)
2025-08-10 08:55:46,624 - INFO - Collecting details for show 5/21: Cumberland County Civic Center (3/28/1986)
2025-08-10 08:55:48,646 - INFO - Progress: 5/21 shows processed. Rate: 0.5/min
2025-08-10 08:55:48,647 - INFO - Collecting details for show 6/21: Providence Civic Center (3/30/1986)
2025-08-10 08:55:50,693 - INFO - Collecting details for show 7/21: Providence Civic Center (3/31/1986)
2025-08-10 08:55:52,683 - INFO - Collecting details for show 8/21: Providence Civic Center (4/1/1986)
2025-08-10 08:55:54,656 - INFO - Collecting details for show 9/21: Hartford Civic Center (4/3/1986)
2025-08-10 08:55:56,606 - INFO - Collecting details for show 10/21: Hartford Civic Center (4/4/1986)
2025-08-10 08:55:58,813 - INFO - Progress: 10/21 shows processed. Rate: 0.5/min
2025-08-10 08:55:58,814 - INFO - Collecting details for show 11/21: Irvine Meadows (4/12/1986)
2025-08-10 08:56:00,633 - INFO - Collecting details for show 12/21: Irvine Meadows (4/13/1986)
2025-08-10 08:56:02,685 - INFO - Collecting details for show 13/21: Berkeley Community Theater (4/18/1986)
2025-08-10 08:56:04,657 - INFO - Collecting details for show 14/21: Berkeley Community Theater (4/19/1986)
2025-08-10 08:56:06,632 - INFO - Collecting details for show 15/21: Berkeley Community Theater (4/21/1986)
2025-08-10 08:56:08,143 - INFO - Progress: 15/21 shows processed. Rate: 0.5/min
2025-08-10 08:56:08,143 - INFO - Collecting details for show 16/21: Berkeley Community Theater (4/22/1986)
2025-08-10 08:56:10,716 - INFO - Collecting details for show 17/21: Cal Expo (5/3/1986)
2025-08-10 08:56:12,650 - INFO - Collecting details for show 18/21: Cal Expo (5/4/1986)
2025-08-10 08:56:14,698 - INFO - Collecting details for show 19/21: Frost Amphitheatre (5/10/1986)
2025-08-10 08:56:16,695 - INFO - Collecting details for show 20/21: Frost Amphitheatre (5/11/1986)
2025-08-10 08:56:18,206 - INFO - Progress: 20/21 shows processed. Rate: 0.5/min
2025-08-10 08:56:18,207 - INFO - Collecting details for show 21/21: Greek Theatre (6/20/1986)
2025-08-10 08:56:20,617 - INFO - Page 78 complete: 21 shows collected
2025-08-10 08:56:20,617 - INFO - Processing page 79
2025-08-10 08:56:22,879 - INFO - Found 21 shows on page 79
2025-08-10 08:56:22,879 - INFO - Collecting details for show 1/21: Greek Theatre (6/21/1986)
2025-08-10 08:56:24,873 - INFO - Collecting details for show 2/21: Greek Theatre (6/22/1986)
2025-08-10 08:56:26,656 - INFO - Collecting details for show 3/21: Hubert H. Humphrey Metrodome (6/26/1986)
2025-08-10 08:56:28,624 - INFO - Collecting details for show 4/21: Alpine Valley Music Theatre (6/28/1986)
2025-08-10 08:56:30,667 - INFO - Collecting details for show 5/21: Alpine Valley Music Theatre (6/29/1986)
2025-08-10 08:56:32,751 - INFO - Progress: 5/21 shows processed. Rate: 0.5/min
2025-08-10 08:56:32,751 - INFO - Collecting details for show 6/21: River Bend Music Center (6/30/1986)
2025-08-10 08:56:34,194 - INFO - Collecting details for show 7/21: Rubber Bowl, U. of Akron (7/2/1986)
2025-08-10 08:56:36,980 - INFO - Collecting details for show 8/21: Rich Stadium (7/4/1986)
2025-08-10 08:56:38,950 - INFO - Collecting details for show 9/21: RFK Stadium (7/6/1986)
2025-08-10 08:56:41,082 - INFO - Collecting details for show 10/21: RFK Stadium (7/7/1986)
2025-08-10 08:56:42,876 - INFO - Progress: 10/21 shows processed. Rate: 0.5/min
2025-08-10 08:56:42,877 - INFO - Collecting details for show 11/21: Oakland-Alameda County Coliseum (12/15/1986)
2025-08-10 08:56:44,230 - INFO - Collecting details for show 12/21: Oakland-Alameda County Coliseum (12/16/1986)
2025-08-10 08:56:46,623 - INFO - Collecting details for show 13/21: Oakland-Alameda County Coliseum (12/17/1986)
2025-08-10 08:56:48,177 - INFO - Collecting details for show 14/21: Henry J. Kaiser Convention Center (12/27/1986)
2025-08-10 08:56:50,741 - INFO - Collecting details for show 15/21: Henry J. Kaiser Convention Center (12/28/1986)
2025-08-10 08:56:52,632 - INFO - Progress: 15/21 shows processed. Rate: 0.5/min
2025-08-10 08:56:52,632 - INFO - Collecting details for show 16/21: Henry J. Kaiser Convention Center (12/30/1986)
2025-08-10 08:56:54,220 - INFO - Collecting details for show 17/21: Henry J. Kaiser Convention Center (12/31/1986)
2025-08-10 08:56:56,633 - INFO - Collecting details for show 18/21: S.F Civic Auditorium (1/28/1987)
2025-08-10 08:56:58,689 - INFO - Collecting details for show 19/21: S.F Civic Auditorium (1/29/1987)
2025-08-10 08:57:00,628 - INFO - Collecting details for show 20/21: S.F Civic Auditorium (1/30/1987)
2025-08-10 08:57:02,887 - INFO - Progress: 20/21 shows processed. Rate: 0.5/min
2025-08-10 08:57:02,887 - INFO - Collecting details for show 21/21: Henry J. Kaiser Convention Center (3/1/1987)
2025-08-10 08:57:04,692 - INFO - Page 79 complete: 21 shows collected
2025-08-10 08:57:04,692 - INFO - Processing page 80
2025-08-10 08:57:06,999 - INFO - Found 21 shows on page 80
2025-08-10 08:57:07,000 - INFO - Collecting details for show 1/21: Henry J. Kaiser Convention Center (3/2/1987)
2025-08-10 08:57:08,827 - INFO - Collecting details for show 2/21: Henry J. Kaiser Convention Center (3/3/1987)
2025-08-10 08:57:10,755 - INFO - Collecting details for show 3/21: Hampton Coliseum (3/22/1987)
2025-08-10 08:57:12,655 - INFO - Collecting details for show 4/21: Hampton Coliseum (3/23/1987)
2025-08-10 08:57:14,756 - INFO - Collecting details for show 5/21: Hampton Coliseum (3/24/1987)
2025-08-10 08:57:16,190 - INFO - Progress: 5/21 shows processed. Rate: 0.5/min
2025-08-10 08:57:16,191 - INFO - Collecting details for show 6/21: Hartford Civic Center (3/26/1987)
2025-08-10 08:57:18,632 - INFO - Collecting details for show 7/21: Hartford Civic Center (3/27/1987)
2025-08-10 08:57:20,709 - INFO - Collecting details for show 8/21: The Spectrum (3/29/1987)
2025-08-10 08:57:22,912 - INFO - Collecting details for show 9/21: The Spectrum (3/30/1987)
2025-08-10 08:57:24,660 - INFO - Collecting details for show 10/21: The Spectrum (3/31/1987)
2025-08-10 08:57:26,720 - INFO - Progress: 10/21 shows processed. Rate: 0.5/min
2025-08-10 08:57:26,721 - INFO - Collecting details for show 11/21: The Centrum (4/2/1987)
2025-08-10 08:57:28,638 - INFO - Collecting details for show 12/21: The Centrum (4/3/1987)
2025-08-10 08:57:30,788 - INFO - Collecting details for show 13/21: The Centrum (4/4/1987)
2025-08-10 08:57:32,766 - INFO - Collecting details for show 14/21: Meadowlands Arena (4/6/1987)
2025-08-10 08:57:34,733 - INFO - Collecting details for show 15/21: Meadowlands Arena (4/7/1987)
2025-08-10 08:57:36,788 - INFO - Progress: 15/21 shows processed. Rate: 0.5/min
2025-08-10 08:57:36,789 - INFO - Collecting details for show 16/21: UIC Pavilion (4/9/1987)
2025-08-10 08:57:38,217 - INFO - Collecting details for show 17/21: UIC Pavilion (4/10/1987)
2025-08-10 08:57:40,878 - INFO - Collecting details for show 18/21: UIC Pavilion (4/11/1987)
2025-08-10 08:57:42,207 - INFO - Collecting details for show 19/21: Irvine Meadows (4/17/1987)
2025-08-10 08:57:44,728 - INFO - Collecting details for show 20/21: Irvine Meadows (4/18/1987)
2025-08-10 08:57:46,618 - INFO - Progress: 20/21 shows processed. Rate: 0.5/min
2025-08-10 08:57:46,618 - INFO - Collecting details for show 21/21: Irvine Meadows (4/19/1987)
2025-08-10 08:57:48,685 - INFO - Page 80 complete: 21 shows collected
2025-08-10 08:57:48,685 - INFO - Processing page 81
2025-08-10 08:57:50,892 - INFO - Found 21 shows on page 81
2025-08-10 08:57:50,892 - INFO - Collecting details for show 1/21: Frost Amphitheatre (5/2/1987)
2025-08-10 08:57:52,704 - INFO - Collecting details for show 2/21: Frost Amphitheatre (5/3/1987)
2025-08-10 08:57:54,231 - INFO - Collecting details for show 3/21: Laguna Seca Recreation Area (5/9/1987)
2025-08-10 08:57:56,216 - INFO - Collecting details for show 4/21: Laguna Seca Recreation Area (5/10/1987)
2025-08-10 08:57:58,240 - INFO - Collecting details for show 5/21: Ventura County Fairgrounds (6/12/1987)
2025-08-10 08:58:00,682 - INFO - Progress: 5/21 shows processed. Rate: 0.5/min
2025-08-10 08:58:00,682 - INFO - Collecting details for show 6/21: Ventura County Fairgrounds (6/13/1987)
2025-08-10 08:58:02,210 - INFO - Collecting details for show 7/21: Ventura County Fairgrounds (6/14/1987)
2025-08-10 08:58:04,875 - INFO - Collecting details for show 8/21: Greek Theatre (6/19/1987)
2025-08-10 08:58:06,193 - INFO - Collecting details for show 9/21: Greek Theatre (6/20/1987)
2025-08-10 08:58:08,733 - INFO - Collecting details for show 10/21: Greek Theatre (6/21/1987)
2025-08-10 08:58:10,704 - INFO - Progress: 10/21 shows processed. Rate: 0.5/min
2025-08-10 08:58:10,704 - INFO - Collecting details for show 11/21: Alpine Valley Music Theatre (6/26/1987)
2025-08-10 08:58:12,738 - INFO - Collecting details for show 12/21: Alpine Valley Music Theatre (6/27/1987)
2025-08-10 08:58:14,596 - INFO - Collecting details for show 13/21: Alpine Valley Music Theatre (6/28/1987)
2025-08-10 08:58:16,661 - INFO - Collecting details for show 14/21: Kingswood Music Theater (6/30/1987)
2025-08-10 08:58:18,196 - INFO - Collecting details for show 15/21: Silver Stadium (7/2/1987)
2025-08-10 08:58:20,228 - INFO - Progress: 15/21 shows processed. Rate: 0.5/min
2025-08-10 08:58:20,228 - INFO - Collecting details for show 16/21: Sullivan Stadium (7/4/1987)
2025-08-10 08:58:22,812 - INFO - Collecting details for show 17/21: Civic Arena (7/6/1987)
2025-08-10 08:58:24,830 - INFO - Collecting details for show 18/21: Roanoke Civic Center (7/7/1987)
2025-08-10 08:58:26,674 - INFO - Collecting details for show 19/21: Roanoke Civic Center (7/8/1987)
2025-08-10 08:58:28,638 - INFO - Collecting details for show 20/21: John F Kennedy Stadium (7/10/1987)
2025-08-10 08:58:30,670 - INFO - Progress: 20/21 shows processed. Rate: 0.5/min
2025-08-10 08:58:30,670 - INFO - Collecting details for show 21/21: Giants Stadium (7/12/1987)
2025-08-10 08:58:32,620 - INFO - Page 81 complete: 21 shows collected
2025-08-10 08:58:32,620 - INFO - Processing page 82
2025-08-10 08:58:34,925 - INFO - Found 21 shows on page 82
2025-08-10 08:58:34,926 - INFO - Collecting details for show 1/21: Autzen Stadium, U. of Oregon (7/19/1987)
2025-08-10 08:58:36,696 - INFO - Collecting details for show 2/21: Oakland-Alameda County Stadium (7/24/1987)
2025-08-10 08:58:38,734 - INFO - Collecting details for show 3/21: Anaheim Stadium (7/26/1987)
2025-08-10 08:58:40,210 - INFO - Collecting details for show 4/21: Red Rocks Amphitheatre (8/11/1987)
2025-08-10 08:58:42,690 - INFO - Collecting details for show 5/21: Red Rocks Amphitheatre (8/12/1987)
2025-08-10 08:58:44,647 - INFO - Progress: 5/21 shows processed. Rate: 0.5/min
2025-08-10 08:58:44,647 - INFO - Collecting details for show 6/21: Red Rocks Amphitheatre (8/13/1987)
2025-08-10 08:58:46,211 - INFO - Collecting details for show 7/21: Town Park (8/15/1987)
2025-08-10 08:58:48,646 - INFO - Collecting details for show 8/21: Town Park (8/16/1987)
2025-08-10 08:58:50,210 - INFO - Collecting details for show 9/21: Compton Terrace Amphitheatre (8/18/1987)
2025-08-10 08:58:52,755 - INFO - Collecting details for show 10/21: Park West Ski Resort (8/20/1987)
2025-08-10 08:58:54,704 - INFO - Progress: 10/21 shows processed. Rate: 0.5/min
2025-08-10 08:58:54,705 - INFO - Collecting details for show 11/21: Calaveras County Fairgrounds (8/22/1987)
2025-08-10 08:58:56,228 - INFO - Collecting details for show 12/21: Calaveras County Fairgrounds (8/23/1987)
2025-08-10 08:58:58,219 - INFO - Collecting details for show 13/21: Providence Civic Center (9/7/1987)
2025-08-10 08:59:00,608 - INFO - Collecting details for show 14/21: Providence Civic Center (9/8/1987)
2025-08-10 08:59:02,692 - INFO - Collecting details for show 15/21: Providence Civic Center (9/9/1987)
2025-08-10 08:59:04,759 - INFO - Progress: 15/21 shows processed. Rate: 0.5/min
2025-08-10 08:59:04,759 - INFO - Collecting details for show 16/21: Capital Centre (9/11/1987)
2025-08-10 08:59:06,737 - INFO - Collecting details for show 17/21: Capital Centre (9/12/1987)
2025-08-10 08:59:08,245 - INFO - Collecting details for show 18/21: Capital Centre (9/13/1987)
2025-08-10 08:59:10,640 - INFO - Collecting details for show 19/21: Madison Square Garden (9/15/1987)
2025-08-10 08:59:12,688 - INFO - Collecting details for show 20/21: Madison Square Garden (9/16/1987)
2025-08-10 08:59:14,627 - INFO - Progress: 20/21 shows processed. Rate: 0.5/min
2025-08-10 08:59:14,627 - INFO - Collecting details for show 21/21: Madison Square Garden (9/18/1987)
2025-08-10 08:59:16,729 - INFO - Page 82 complete: 21 shows collected
2025-08-10 08:59:16,729 - INFO - Processing page 83
2025-08-10 08:59:19,084 - INFO - Found 21 shows on page 83
2025-08-10 08:59:19,084 - INFO - Collecting details for show 1/21: Madison Square Garden (9/19/1987)
2025-08-10 08:59:20,798 - INFO - Collecting details for show 2/21: Madison Square Garden (9/20/1987)
2025-08-10 08:59:22,717 - INFO - Collecting details for show 3/21: The Spectrum (9/22/1987)
2025-08-10 08:59:24,678 - INFO - Collecting details for show 4/21: The Spectrum (9/23/1987)
2025-08-10 08:59:26,990 - INFO - Collecting details for show 5/21: The Spectrum (9/24/1987)
2025-08-10 08:59:28,687 - INFO - Progress: 5/21 shows processed. Rate: 0.5/min
2025-08-10 08:59:28,687 - INFO - Collecting details for show 6/21: Shoreline Amphitheatre (10/2/1987)
2025-08-10 08:59:30,211 - INFO - Collecting details for show 7/21: Shoreline Amphitheatre (10/3/1987)
2025-08-10 08:59:32,685 - INFO - Collecting details for show 8/21: Shoreline Amphitheatre (10/4/1987)
2025-08-10 08:59:34,228 - INFO - Collecting details for show 9/21: Henry J. Kaiser Convention Center (11/6/1987)
2025-08-10 08:59:36,734 - INFO - Collecting details for show 10/21: Henry J. Kaiser Convention Center (11/7/1987)
2025-08-10 08:59:38,898 - INFO - Progress: 10/21 shows processed. Rate: 0.5/min
2025-08-10 08:59:38,899 - INFO - Collecting details for show 11/21: Henry J. Kaiser Convention Center (11/8/1987)
2025-08-10 08:59:40,657 - INFO - Collecting details for show 12/21: Long Beach Arena (11/13/1987)
2025-08-10 08:59:42,682 - INFO - Collecting details for show 13/21: Long Beach Arena (11/14/1987)
2025-08-10 08:59:44,704 - INFO - Collecting details for show 14/21: Long Beach Arena (11/15/1987)
2025-08-10 08:59:46,674 - INFO - Collecting details for show 15/21: Oakland-Alameda County Coliseum (12/27/1987)
2025-08-10 08:59:48,174 - INFO - Progress: 15/21 shows processed. Rate: 0.5/min
2025-08-10 08:59:48,174 - INFO - Collecting details for show 16/21: Oakland-Alameda County Coliseum (12/28/1987)
2025-08-10 08:59:50,694 - INFO - Collecting details for show 17/21: Oakland-Alameda County Coliseum (12/30/1987)
2025-08-10 08:59:52,644 - INFO - Collecting details for show 18/21: Oakland-Alameda County Coliseum (12/31/1987)
2025-08-10 08:59:54,743 - INFO - Collecting details for show 19/21: Henry J. Kaiser Convention Center (2/13/1988)
2025-08-10 08:59:56,739 - INFO - Collecting details for show 20/21: Henry J. Kaiser Convention Center (2/14/1988)
2025-08-10 08:59:58,998 - INFO - Progress: 20/21 shows processed. Rate: 0.5/min
2025-08-10 08:59:58,998 - INFO - Collecting details for show 21/21: Henry J. Kaiser Convention Center (2/16/1988)
2025-08-10 09:00:00,618 - INFO - Page 83 complete: 21 shows collected
2025-08-10 09:00:00,619 - INFO - Processing page 84
2025-08-10 09:00:04,541 - INFO - Found 21 shows on page 84
2025-08-10 09:00:04,542 - INFO - Collecting details for show 1/21: Henry J. Kaiser Convention Center (2/17/1988)
2025-08-10 09:00:05,737 - INFO - Collecting details for show 2/21: S.F Civic Auditorium (3/12/1988)
2025-08-10 09:00:07,455 - INFO - Collecting details for show 3/21: Henry J. Kaiser Convention Center (3/16/1988)
2025-08-10 09:00:09,324 - INFO - Collecting details for show 4/21: Henry J. Kaiser Convention Center (3/17/1988)
2025-08-10 09:00:11,264 - INFO - Collecting details for show 5/21: Henry J. Kaiser Convention Center (3/18/1988)
2025-08-10 09:00:13,477 - INFO - Progress: 5/21 shows processed. Rate: 0.5/min
2025-08-10 09:00:13,477 - INFO - Collecting details for show 6/21: The Omni (3/24/1988)
2025-08-10 09:00:15,280 - INFO - Collecting details for show 7/21: Hampton Coliseum (3/26/1988)
2025-08-10 09:00:17,759 - INFO - Collecting details for show 8/21: Hampton Coliseum (3/27/1988)
2025-08-10 09:00:19,467 - INFO - Collecting details for show 9/21: Hampton Coliseum (3/28/1988)
2025-08-10 09:00:21,397 - INFO - Collecting details for show 10/21: Meadowlands Arena (3/30/1988)
2025-08-10 09:00:23,363 - INFO - Progress: 10/21 shows processed. Rate: 0.5/min
2025-08-10 09:00:23,363 - INFO - Collecting details for show 11/21: Meadowlands Arena (3/31/1988)
2025-08-10 09:00:25,296 - INFO - Collecting details for show 12/21: Meadowlands Arena (4/1/1988)
2025-08-10 09:00:27,304 - INFO - Collecting details for show 13/21: Hartford Civic Center (4/3/1988)
2025-08-10 09:00:29,283 - INFO - Collecting details for show 14/21: Hartford Civic Center (4/4/1988)
2025-08-10 09:00:30,839 - INFO - Collecting details for show 15/21: Hartford Civic Center (4/5/1988)
2025-08-10 09:00:33,276 - INFO - Progress: 15/21 shows processed. Rate: 0.5/min
2025-08-10 09:00:33,277 - INFO - Collecting details for show 16/21: The Centrum (4/7/1988)
2025-08-10 09:00:34,781 - INFO - Collecting details for show 17/21: The Centrum (4/8/1988)
2025-08-10 09:00:37,256 - INFO - Collecting details for show 18/21: The Centrum (4/9/1988)
2025-08-10 09:00:39,235 - INFO - Collecting details for show 19/21: Joe Louis Arena (4/11/1988)
2025-08-10 09:00:40,800 - INFO - Collecting details for show 20/21: Rosemont Horizon (4/13/1988)
2025-08-10 09:00:43,347 - INFO - Progress: 20/21 shows processed. Rate: 0.5/min
2025-08-10 09:00:43,347 - INFO - Collecting details for show 21/21: Rosemont Horizon (4/14/1988)
2025-08-10 09:00:45,326 - INFO - Page 84 complete: 21 shows collected
2025-08-10 09:00:45,326 - INFO - Processing page 85
2025-08-10 09:00:47,551 - INFO - Found 21 shows on page 85
2025-08-10 09:00:47,551 - INFO - Collecting details for show 1/21: Rosemont Horizon (4/15/1988)
2025-08-10 09:00:49,273 - INFO - Collecting details for show 2/21: Irvine Meadows (4/22/1988)
2025-08-10 09:00:51,467 - INFO - Collecting details for show 3/21: Irvine Meadows (4/23/1988)
2025-08-10 09:00:53,337 - INFO - Collecting details for show 4/21: Irvine Meadows (4/24/1988)
2025-08-10 09:00:54,785 - INFO - Collecting details for show 5/21: Frost Amphitheatre (4/30/1988)
2025-08-10 09:00:57,442 - INFO - Progress: 5/21 shows processed. Rate: 0.5/min
2025-08-10 09:00:57,443 - INFO - Collecting details for show 6/21: Frost Amphitheatre (5/1/1988)
2025-08-10 09:00:59,330 - INFO - Collecting details for show 7/21: Metropolitan Sports Center (6/17/1988)
2025-08-10 09:01:01,431 - INFO - Collecting details for show 8/21: Alpine Valley Music Theatre (6/19/1988)
2025-08-10 09:01:03,452 - INFO - Collecting details for show 9/21: Alpine Valley Music Theatre (6/20/1988)
2025-08-10 09:01:05,434 - INFO - Collecting details for show 10/21: Alpine Valley Music Theatre (6/22/1988)
2025-08-10 09:01:07,339 - INFO - Progress: 10/21 shows processed. Rate: 0.5/min
2025-08-10 09:01:07,340 - INFO - Collecting details for show 11/21: Alpine Valley Music Theatre (6/23/1988)
2025-08-10 09:01:09,444 - INFO - Collecting details for show 12/21: Buckeye Lake Music Center (6/25/1988)
2025-08-10 09:01:11,298 - INFO - Collecting details for show 13/21: Civic Arena (6/26/1988)
2025-08-10 09:01:13,311 - INFO - Collecting details for show 14/21: Saratoga Performing Arts Center (6/28/1988)
2025-08-10 09:01:15,341 - INFO - Collecting details for show 15/21: Silver Stadium (6/30/1988)
2025-08-10 09:01:17,301 - INFO - Progress: 15/21 shows processed. Rate: 0.5/min
2025-08-10 09:01:17,302 - INFO - Collecting details for show 16/21: Oxford Plains Speedway (7/2/1988)
2025-08-10 09:01:18,790 - INFO - Collecting details for show 17/21: Oxford Plains Speedway (7/3/1988)
2025-08-10 09:01:20,802 - INFO - Collecting details for show 18/21: Greek Theatre (7/15/1988)
2025-08-10 09:01:23,282 - INFO - Collecting details for show 19/21: Greek Theatre (7/16/1988)
2025-08-10 09:01:25,395 - INFO - Collecting details for show 20/21: Greek Theatre (7/17/1988)
2025-08-10 09:01:27,406 - INFO - Progress: 20/21 shows processed. Rate: 0.5/min
2025-08-10 09:01:27,406 - INFO - Collecting details for show 21/21: Laguna Seca Recreation Area (7/29/1988)
2025-08-10 09:01:28,841 - INFO - Page 85 complete: 21 shows collected
2025-08-10 09:01:28,842 - INFO - Processing page 86
2025-08-10 09:01:31,498 - INFO - Found 21 shows on page 86
2025-08-10 09:01:31,499 - INFO - Collecting details for show 1/21: Laguna Seca Recreation Area (7/30/1988)
2025-08-10 09:01:33,328 - INFO - Collecting details for show 2/21: Laguna Seca Recreation Area (7/31/1988)
2025-08-10 09:01:34,779 - INFO - Collecting details for show 3/21: Tacoma Dome (8/26/1988)
2025-08-10 09:01:37,317 - INFO - Collecting details for show 4/21: Autzen Stadium, U. of Oregon (8/28/1988)
2025-08-10 09:01:38,766 - INFO - Collecting details for show 5/21: Capital Centre (9/2/1988)
2025-08-10 09:01:40,801 - INFO - Progress: 5/21 shows processed. Rate: 0.5/min
2025-08-10 09:01:40,802 - INFO - Collecting details for show 6/21: Capital Centre (9/3/1988)
2025-08-10 09:01:43,797 - INFO - Collecting details for show 7/21: Capital Centre (9/5/1988)
2025-08-10 09:01:45,682 - INFO - Collecting details for show 8/21: Capital Centre (9/6/1988)
2025-08-10 09:01:47,326 - INFO - Collecting details for show 9/21: The Spectrum (9/8/1988)
2025-08-10 09:01:49,386 - INFO - Collecting details for show 10/21: The Spectrum (9/9/1988)
2025-08-10 09:01:51,343 - INFO - Progress: 10/21 shows processed. Rate: 0.5/min
2025-08-10 09:01:51,344 - INFO - Collecting details for show 11/21: The Spectrum (9/11/1988)
2025-08-10 09:01:52,801 - INFO - Collecting details for show 12/21: The Spectrum (9/12/1988)
2025-08-10 09:01:55,479 - INFO - Collecting details for show 13/21: Madison Square Garden (9/14/1988)
2025-08-10 09:01:56,777 - INFO - Collecting details for show 14/21: Madison Square Garden (9/15/1988)
2025-08-10 09:01:59,297 - INFO - Collecting details for show 15/21: Madison Square Garden (9/16/1988)
2025-08-10 09:02:01,277 - INFO - Progress: 15/21 shows processed. Rate: 0.5/min
2025-08-10 09:02:01,277 - INFO - Collecting details for show 16/21: Madison Square Garden (9/18/1988)
2025-08-10 09:02:03,453 - INFO - Collecting details for show 17/21: Madison Square Garden (9/19/1988)
2025-08-10 09:02:05,281 - INFO - Collecting details for show 18/21: Madison Square Garden (9/20/1988)
2025-08-10 09:02:07,351 - INFO - Collecting details for show 19/21: Madison Square Garden (9/22/1988)
2025-08-10 09:02:09,251 - INFO - Collecting details for show 20/21: Madison Square Garden (9/23/1988)
2025-08-10 09:02:11,271 - INFO - Progress: 20/21 shows processed. Rate: 0.5/min
2025-08-10 09:02:11,271 - INFO - Collecting details for show 21/21: Madison Square Garden (9/24/1988)
2025-08-10 09:02:13,314 - INFO - Page 86 complete: 21 shows collected
2025-08-10 09:02:13,314 - INFO - Processing page 87
2025-08-10 09:02:15,613 - INFO - Found 21 shows on page 87
2025-08-10 09:02:15,614 - INFO - Collecting details for show 1/21: Shoreline Amphitheatre (9/30/1988)
2025-08-10 09:02:17,458 - INFO - Collecting details for show 2/21: Shoreline Amphitheatre (10/1/1988)
2025-08-10 09:02:18,811 - INFO - Collecting details for show 3/21: Shoreline Amphitheatre (10/2/1988)
2025-08-10 09:02:21,507 - INFO - Collecting details for show 4/21: Miami Arena (10/14/1988)
2025-08-10 09:02:23,315 - INFO - Collecting details for show 5/21: Bayfront Center Arena (10/15/1988)
2025-08-10 09:02:25,379 - INFO - Progress: 5/21 shows processed. Rate: 0.5/min
2025-08-10 09:02:25,380 - INFO - Collecting details for show 6/21: Bayfront Center Arena (10/16/1988)
2025-08-10 09:02:27,302 - INFO - Collecting details for show 7/21: Keifer Lakefront Arena (10/18/1988)
2025-08-10 09:02:29,404 - INFO - Collecting details for show 8/21: The Summit (10/20/1988)
2025-08-10 09:02:30,798 - INFO - Collecting details for show 9/21: Reunion Arena (10/21/1988)
2025-08-10 09:02:33,492 - INFO - Collecting details for show 10/21: Long Beach Arena (12/9/1988)
2025-08-10 09:02:35,268 - INFO - Progress: 10/21 shows processed. Rate: 0.5/min
2025-08-10 09:02:35,268 - INFO - Collecting details for show 11/21: Long Beach Arena (12/10/1988)
2025-08-10 09:02:37,357 - INFO - Collecting details for show 12/21: Long Beach Arena (12/11/1988)
2025-08-10 09:02:38,785 - INFO - Collecting details for show 13/21: Oakland-Alameda County Coliseum (12/28/1988)
2025-08-10 09:02:41,254 - INFO - Collecting details for show 14/21: Oakland-Alameda County Coliseum (12/29/1988)
2025-08-10 09:02:42,788 - INFO - Collecting details for show 15/21: Oakland-Alameda County Coliseum (12/31/1988)
2025-08-10 09:02:44,808 - INFO - Progress: 15/21 shows processed. Rate: 0.5/min
2025-08-10 09:02:44,808 - INFO - Collecting details for show 16/21: Henry J. Kaiser Convention Center (2/5/1989)
2025-08-10 09:02:46,769 - INFO - Collecting details for show 17/21: Henry J. Kaiser Convention Center (2/6/1989)
2025-08-10 09:02:49,309 - INFO - Collecting details for show 18/21: Henry J. Kaiser Convention Center (2/7/1989)
2025-08-10 09:02:51,311 - INFO - Collecting details for show 19/21: Great Western LA Forum (2/10/1989)
2025-08-10 09:02:52,819 - INFO - Collecting details for show 20/21: Great Western LA Forum (2/11/1989)
2025-08-10 09:02:55,219 - INFO - Progress: 20/21 shows processed. Rate: 0.5/min
2025-08-10 09:02:55,220 - INFO - Collecting details for show 21/21: Great Western LA Forum (2/12/1989)
2025-08-10 09:02:56,797 - INFO - Page 87 complete: 21 shows collected
2025-08-10 09:02:56,797 - INFO - Processing page 88
2025-08-10 09:02:59,472 - INFO - Found 21 shows on page 88
2025-08-10 09:02:59,472 - INFO - Collecting details for show 1/21: The Omni (3/27/1989)
2025-08-10 09:03:01,251 - INFO - Collecting details for show 2/21: The Omni (3/28/1989)
2025-08-10 09:03:03,555 - INFO - Collecting details for show 3/21: Greensboro Coliseum (3/30/1989)
2025-08-10 09:03:05,460 - INFO - Collecting details for show 4/21: Greensboro Coliseum (3/31/1989)
2025-08-10 09:03:07,364 - INFO - Collecting details for show 5/21: Civic Arena (4/2/1989)
2025-08-10 09:03:09,382 - INFO - Progress: 5/21 shows processed. Rate: 0.5/min
2025-08-10 09:03:09,383 - INFO - Collecting details for show 6/21: Civic Arena (4/3/1989)
2025-08-10 09:03:10,803 - INFO - Collecting details for show 7/21: Crisler Arena (4/5/1989)
2025-08-10 09:03:13,294 - INFO - Collecting details for show 8/21: Crisler Arena (4/6/1989)
2025-08-10 09:03:15,378 - INFO - Collecting details for show 9/21: Riverfront Arena (4/8/1989)
2025-08-10 09:03:17,379 - INFO - Collecting details for show 10/21: Freedom Hall (4/9/1989)
2025-08-10 09:03:19,416 - INFO - Progress: 10/21 shows processed. Rate: 0.5/min
2025-08-10 09:03:19,416 - INFO - Collecting details for show 11/21: Rosemont Horizon (4/11/1989)
2025-08-10 09:03:21,362 - INFO - Collecting details for show 12/21: Rosemont Horizon (4/12/1989)
2025-08-10 09:03:22,796 - INFO - Collecting details for show 13/21: Rosemont Horizon (4/13/1989)
2025-08-10 09:03:24,810 - INFO - Collecting details for show 14/21: The MECCA (4/15/1989)
2025-08-10 09:03:27,302 - INFO - Collecting details for show 15/21: The MECCA (4/16/1989)
2025-08-10 09:03:29,452 - INFO - Progress: 15/21 shows processed. Rate: 0.5/min
2025-08-10 09:03:29,452 - INFO - Collecting details for show 16/21: Metropolitan Sports Center (4/17/1989)
2025-08-10 09:03:31,467 - INFO - Collecting details for show 17/21: Irvine Meadows (4/28/1989)
2025-08-10 09:03:33,415 - INFO - Collecting details for show 18/21: Irvine Meadows (4/29/1989)
2025-08-10 09:03:35,328 - INFO - Collecting details for show 19/21: Irvine Meadows (4/30/1989)
2025-08-10 09:03:37,329 - INFO - Collecting details for show 20/21: Frost Amphitheatre (5/6/1989)
2025-08-10 09:03:39,389 - INFO - Progress: 20/21 shows processed. Rate: 0.5/min
2025-08-10 09:03:39,390 - INFO - Collecting details for show 21/21: Frost Amphitheatre (5/7/1989)
2025-08-10 09:03:40,764 - INFO - Page 88 complete: 21 shows collected
2025-08-10 09:03:40,764 - INFO - Processing page 89
2025-08-10 09:03:43,828 - INFO - Found 21 shows on page 89
2025-08-10 09:03:43,828 - INFO - Collecting details for show 1/21: Oakland-Alameda County Stadium (5/27/1989)
2025-08-10 09:03:45,269 - INFO - Collecting details for show 2/21: Shoreline Amphitheatre (6/18/1989)
2025-08-10 09:03:47,325 - INFO - Collecting details for show 3/21: Shoreline Amphitheatre (6/19/1989)
2025-08-10 09:03:49,242 - INFO - Collecting details for show 4/21: Shoreline Amphitheatre (6/21/1989)
2025-08-10 09:03:51,224 - INFO - Collecting details for show 5/21: Sullivan Stadium (7/2/1989)
2025-08-10 09:03:53,420 - INFO - Progress: 5/21 shows processed. Rate: 0.5/min
2025-08-10 09:03:53,421 - INFO - Collecting details for show 6/21: Rich Stadium (7/4/1989)
2025-08-10 09:03:55,263 - WARNING - Got 500 but response contains HTML, attempting to parse: https://jerrygarcia.com/show/1989-07-04-rich-stadium-buffalo-ny-usa/
2025-08-10 09:03:55,295 - INFO - ✅ Successfully parsed show data despite 500 error: https://jerrygarcia.com/show/1989-07-04-rich-stadium-buffalo-ny-usa/
2025-08-10 09:03:55,299 - INFO - Collecting details for show 7/21: John F Kennedy Stadium (7/7/1989)
2025-08-10 09:03:56,805 - INFO - Collecting details for show 8/21: Giants Stadium (7/9/1989)
2025-08-10 09:03:59,347 - INFO - Collecting details for show 9/21: Giants Stadium (7/10/1989)
2025-08-10 09:04:01,360 - INFO - Collecting details for show 10/21: RFK Stadium (7/12/1989)
2025-08-10 09:04:02,788 - INFO - Progress: 10/21 shows processed. Rate: 0.5/min
2025-08-10 09:04:02,789 - INFO - Collecting details for show 11/21: RFK Stadium (7/13/1989)
2025-08-10 09:04:05,319 - INFO - Collecting details for show 12/21: Deer Creek Music Center (7/15/1989)
2025-08-10 09:04:07,342 - INFO - Collecting details for show 13/21: Alpine Valley Music Theatre (7/17/1989)
2025-08-10 09:04:09,311 - INFO - Collecting details for show 14/21: Alpine Valley Music Theatre (7/18/1989)
2025-08-10 09:04:10,799 - INFO - Collecting details for show 15/21: Alpine Valley Music Theatre (7/19/1989)
2025-08-10 09:04:13,356 - INFO - Progress: 15/21 shows processed. Rate: 0.5/min
2025-08-10 09:04:13,357 - INFO - Collecting details for show 16/21: Cal Expo (8/4/1989)
2025-08-10 09:04:15,298 - INFO - Collecting details for show 17/21: Cal Expo (8/5/1989)
2025-08-10 09:04:17,342 - INFO - Collecting details for show 18/21: Cal Expo (8/6/1989)
2025-08-10 09:04:19,369 - INFO - Collecting details for show 19/21: Greek Theatre (8/17/1989)
2025-08-10 09:04:21,269 - INFO - Collecting details for show 20/21: Greek Theatre (8/18/1989)
2025-08-10 09:04:22,800 - INFO - Progress: 20/21 shows processed. Rate: 0.5/min
2025-08-10 09:04:22,800 - INFO - Collecting details for show 21/21: Greek Theatre (8/19/1989)
2025-08-10 09:04:24,802 - INFO - Page 89 complete: 21 shows collected
2025-08-10 09:04:24,802 - INFO - Processing page 90
2025-08-10 09:04:27,674 - INFO - Found 21 shows on page 90
2025-08-10 09:04:27,675 - INFO - Collecting details for show 1/21: Shoreline Amphitheatre (9/29/1989)
2025-08-10 09:04:28,807 - INFO - Collecting details for show 2/21: Shoreline Amphitheatre (9/30/1989)
2025-08-10 09:04:31,280 - INFO - Collecting details for show 3/21: Shoreline Amphitheatre (10/1/1989)
2025-08-10 09:04:33,278 - INFO - Collecting details for show 4/21: Hampton Coliseum (10/8/1989)
2025-08-10 09:04:35,326 - INFO - Collecting details for show 5/21: Hampton Coliseum (10/9/1989)
2025-08-10 09:04:37,308 - INFO - Progress: 5/21 shows processed. Rate: 0.5/min
2025-08-10 09:04:37,309 - INFO - Collecting details for show 6/21: Meadowlands Arena (10/11/1989)
2025-08-10 09:04:39,434 - INFO - Collecting details for show 7/21: Meadowlands Arena (10/12/1989)
2025-08-10 09:04:41,384 - INFO - Collecting details for show 8/21: Meadowlands Arena (10/14/1989)
2025-08-10 09:04:43,457 - INFO - Collecting details for show 9/21: Meadowlands Arena (10/15/1989)
2025-08-10 09:04:45,262 - INFO - Collecting details for show 10/21: Meadowlands Arena (10/16/1989)
2025-08-10 09:04:47,282 - INFO - Progress: 10/21 shows processed. Rate: 0.5/min
2025-08-10 09:04:47,282 - INFO - Collecting details for show 11/21: The Spectrum (10/18/1989)
2025-08-10 09:04:49,334 - INFO - Collecting details for show 12/21: The Spectrum (10/19/1989)
2025-08-10 09:04:51,212 - INFO - Collecting details for show 13/21: The Spectrum (10/20/1989)
2025-08-10 09:04:53,310 - INFO - Collecting details for show 14/21: Charlotte Coliseum (10/22/1989)
2025-08-10 09:04:55,359 - INFO - Collecting details for show 15/21: Charlotte Coliseum (10/23/1989)
2025-08-10 09:04:57,247 - INFO - Progress: 15/21 shows processed. Rate: 0.5/min
2025-08-10 09:04:57,247 - INFO - Collecting details for show 16/21: Miami Arena (10/25/1989)
2025-08-10 09:04:58,820 - INFO - Collecting details for show 17/21: Miami Arena (10/26/1989)
2025-08-10 09:05:00,815 - INFO - Collecting details for show 18/21: Oakland-Alameda County Coliseum (12/6/1989)
2025-08-10 09:05:03,666 - INFO - Collecting details for show 19/21: Great Western LA Forum (12/8/1989)
2025-08-10 09:05:05,483 - INFO - Collecting details for show 20/21: Great Western LA Forum (12/9/1989)
2025-08-10 09:05:06,783 - INFO - Progress: 20/21 shows processed. Rate: 0.5/min
2025-08-10 09:05:06,783 - INFO - Collecting details for show 21/21: Great Western LA Forum (12/10/1989)
2025-08-10 09:05:08,788 - INFO - Page 90 complete: 21 shows collected
2025-08-10 09:05:08,788 - INFO - Processing page 91
2025-08-10 09:05:11,683 - INFO - Found 21 shows on page 91
2025-08-10 09:05:11,683 - INFO - Collecting details for show 1/21: Oakland-Alameda County Coliseum (12/27/1989)
2025-08-10 09:05:13,338 - INFO - Collecting details for show 2/21: Oakland-Alameda County Coliseum (12/28/1989)
2025-08-10 09:05:14,769 - INFO - Collecting details for show 3/21: Oakland-Alameda County Coliseum (12/30/1989)
2025-08-10 09:05:17,327 - INFO - Collecting details for show 4/21: Oakland-Alameda County Coliseum (12/31/1989)
2025-08-10 09:05:19,308 - INFO - Collecting details for show 5/21: Oakland-Alameda County Coliseum (2/25/1990)
2025-08-10 09:05:21,304 - INFO - Progress: 5/21 shows processed. Rate: 0.5/min
2025-08-10 09:05:21,305 - INFO - Collecting details for show 6/21: Oakland-Alameda County Coliseum (2/26/1990)
2025-08-10 09:05:22,814 - INFO - Collecting details for show 7/21: Oakland-Alameda County Coliseum (2/27/1990)
2025-08-10 09:05:25,307 - INFO - Collecting details for show 8/21: Capital Centre (3/14/1990)
2025-08-10 09:05:27,312 - INFO - Collecting details for show 9/21: Capital Centre (3/15/1990)
2025-08-10 09:05:29,316 - INFO - Collecting details for show 10/21: Capital Centre (3/16/1990)
2025-08-10 09:05:30,788 - INFO - Progress: 10/21 shows processed. Rate: 0.5/min
2025-08-10 09:05:30,788 - INFO - Collecting details for show 11/21: Hartford Civic Center (3/18/1990)
2025-08-10 09:05:33,497 - INFO - Collecting details for show 12/21: Hartford Civic Center (3/19/1990)
2025-08-10 09:05:35,517 - INFO - Collecting details for show 13/21: Copps Coliseum (3/21/1990)
2025-08-10 09:05:37,352 - INFO - Collecting details for show 14/21: Copps Coliseum (3/22/1990)
2025-08-10 09:05:39,289 - INFO - Collecting details for show 15/21: Knickerbocker Arena (3/24/1990)
2025-08-10 09:05:41,151 - WARNING - Got 500 but response contains HTML, attempting to parse: https://jerrygarcia.com/show/1990-03-24-knickerbocker-arena-albany-ny-usa/
2025-08-10 09:05:41,186 - INFO - ✅ Successfully parsed show data despite 500 error: https://jerrygarcia.com/show/1990-03-24-knickerbocker-arena-albany-ny-usa/
2025-08-10 09:05:41,191 - INFO - Progress: 15/21 shows processed. Rate: 0.5/min
2025-08-10 09:05:41,192 - INFO - Collecting details for show 16/21: Knickerbocker Arena (3/25/1990)
2025-08-10 09:05:43,311 - INFO - Collecting details for show 17/21: Knickerbocker Arena (3/26/1990)
2025-08-10 09:05:45,360 - INFO - Collecting details for show 18/21: Nassau Coliseum (3/28/1990)
2025-08-10 09:05:47,422 - INFO - Collecting details for show 19/21: Nassau Coliseum (3/29/1990)
2025-08-10 09:05:48,835 - INFO - Collecting details for show 20/21: Nassau Coliseum (3/30/1990)
2025-08-10 09:05:51,766 - INFO - Progress: 20/21 shows processed. Rate: 0.5/min
2025-08-10 09:05:51,766 - INFO - Collecting details for show 21/21: The Omni (4/1/1990)
2025-08-10 09:05:52,781 - INFO - Page 91 complete: 21 shows collected
2025-08-10 09:05:52,781 - INFO - Processing page 92
2025-08-10 09:05:55,511 - INFO - Found 21 shows on page 92
2025-08-10 09:05:55,512 - INFO - Collecting details for show 1/21: The Omni (4/2/1990)
2025-08-10 09:05:57,443 - INFO - Collecting details for show 2/21: The Omni (4/3/1990)
2025-08-10 09:05:59,334 - INFO - Collecting details for show 3/21: Cal State Dominguez Hills (5/5/1990)
2025-08-10 09:06:01,315 - INFO - Collecting details for show 4/21: Cal State Dominguez Hills (5/6/1990)
2025-08-10 09:06:03,395 - INFO - Collecting details for show 5/21: Cal Expo (6/8/1990)
2025-08-10 09:06:04,843 - INFO - Progress: 5/21 shows processed. Rate: 0.5/min
2025-08-10 09:06:04,843 - INFO - Collecting details for show 6/21: Cal Expo (6/9/1990)
2025-08-10 09:06:07,464 - INFO - Collecting details for show 7/21: Cal Expo (6/10/1990)
2025-08-10 09:06:09,360 - INFO - Collecting details for show 8/21: Shoreline Amphitheatre (6/15/1990)
2025-08-10 09:06:11,353 - INFO - Collecting details for show 9/21: Shoreline Amphitheatre (6/16/1990)
2025-08-10 09:06:13,330 - INFO - Collecting details for show 10/21: Shoreline Amphitheatre (6/17/1990)
2025-08-10 09:06:15,325 - INFO - Progress: 10/21 shows processed. Rate: 0.5/min
2025-08-10 09:06:15,326 - INFO - Collecting details for show 11/21: Autzen Stadium, U. of Oregon (6/23/1990)
2025-08-10 09:06:16,801 - INFO - Collecting details for show 12/21: Autzen Stadium, U. of Oregon (6/24/1990)
2025-08-10 09:06:19,401 - INFO - Collecting details for show 13/21: Sandstone Ampitheatre (7/4/1990)
2025-08-10 09:06:21,376 - INFO - Collecting details for show 14/21: Cardinal Stadium (7/6/1990)
2025-08-10 09:06:23,350 - INFO - Collecting details for show 15/21: Three Rivers Stadium (7/8/1990)
2025-08-10 09:06:25,314 - INFO - Progress: 15/21 shows processed. Rate: 0.5/min
2025-08-10 09:06:25,314 - INFO - Collecting details for show 16/21: Carter-Finley Stadium (7/10/1990)
2025-08-10 09:06:27,337 - INFO - Collecting details for show 17/21: RFK Stadium (7/12/1990)
2025-08-10 09:06:28,814 - INFO - Collecting details for show 18/21: Foxboro Stadium (7/14/1990)
2025-08-10 09:06:30,772 - INFO - Collecting details for show 19/21: Rich Stadium (7/16/1990)
2025-08-10 09:06:33,507 - INFO - Collecting details for show 20/21: Deer Creek Music Center (7/18/1990)
2025-08-10 09:06:34,783 - INFO - Progress: 20/21 shows processed. Rate: 0.5/min
2025-08-10 09:06:34,783 - INFO - Collecting details for show 21/21: Deer Creek Music Center (7/19/1990)
2025-08-10 09:06:36,788 - INFO - Page 92 complete: 21 shows collected
2025-08-10 09:06:36,789 - INFO - Processing page 93
2025-08-10 09:06:39,626 - INFO - Found 21 shows on page 93
2025-08-10 09:06:39,626 - INFO - Collecting details for show 1/21: World Music Theater (7/21/1990)
2025-08-10 09:06:41,404 - INFO - Collecting details for show 2/21: World Music Theater (7/22/1990)
2025-08-10 09:06:43,480 - INFO - Collecting details for show 3/21: World Music Theater (7/23/1990)
2025-08-10 09:06:44,782 - INFO - Collecting details for show 4/21: Richfield Coliseum (9/7/1990)
2025-08-10 09:06:47,626 - INFO - Collecting details for show 5/21: Richfield Coliseum (9/8/1990)
2025-08-10 09:06:49,983 - INFO - Progress: 5/21 shows processed. Rate: 0.5/min
2025-08-10 09:06:49,984 - INFO - Collecting details for show 6/21: The Spectrum (9/10/1990)
2025-08-10 09:06:51,476 - INFO - Collecting details for show 7/21: The Spectrum (9/11/1990)
2025-08-10 09:06:53,461 - INFO - Collecting details for show 8/21: The Spectrum (9/12/1990)
2025-08-10 09:06:54,824 - INFO - Collecting details for show 9/21: Madison Square Garden (9/14/1990)
2025-08-10 09:06:57,375 - INFO - Collecting details for show 10/21: Madison Square Garden (9/15/1990)
2025-08-10 09:06:59,832 - INFO - Progress: 10/21 shows processed. Rate: 0.5/min
2025-08-10 09:06:59,832 - INFO - Collecting details for show 11/21: Madison Square Garden (9/16/1990)
2025-08-10 09:07:00,795 - INFO - Collecting details for show 12/21: Madison Square Garden (9/18/1990)
2025-08-10 09:07:03,413 - INFO - Collecting details for show 13/21: Madison Square Garden (9/19/1990)
2025-08-10 09:07:04,811 - INFO - Collecting details for show 14/21: Madison Square Garden (9/20/1990)
2025-08-10 09:07:06,780 - INFO - Collecting details for show 15/21: Ice Stadium (10/13/1990)
2025-08-10 09:07:09,286 - INFO - Progress: 15/21 shows processed. Rate: 0.5/min
2025-08-10 09:07:09,286 - INFO - Collecting details for show 16/21: Gruga Halle (10/17/1990)
2025-08-10 09:07:10,803 - INFO - Collecting details for show 17/21: Internationales Congress Centrum (10/19/1990)
2025-08-10 09:07:13,304 - INFO - Collecting details for show 18/21: Internationales Congress Centrum (10/20/1990)
2025-08-10 09:07:15,341 - INFO - Collecting details for show 19/21: Festhalle (10/22/1990)
2025-08-10 09:07:17,396 - INFO - Collecting details for show 20/21: Sportsahalle (10/24/1990)
2025-08-10 09:07:19,386 - INFO - Progress: 20/21 shows processed. Rate: 0.5/min
2025-08-10 09:07:19,386 - INFO - Collecting details for show 21/21: The Zenith (10/27/1990)
2025-08-10 09:07:21,461 - INFO - Page 93 complete: 21 shows collected
2025-08-10 09:07:21,461 - INFO - Processing page 94
2025-08-10 09:07:23,645 - INFO - Found 21 shows on page 94
2025-08-10 09:07:23,645 - INFO - Collecting details for show 1/21: The Zenith (10/28/1990)
2025-08-10 09:07:25,230 - INFO - Collecting details for show 2/21: Wembley Arena (10/30/1990)
2025-08-10 09:07:26,795 - INFO - Collecting details for show 3/21: Wembley Arena (10/31/1990)
2025-08-10 09:07:29,579 - INFO - Collecting details for show 4/21: Wembley Arena (11/1/1990)
2025-08-10 09:07:31,230 - INFO - Collecting details for show 5/21: Oakland-Alameda County Coliseum (12/3/1990)
2025-08-10 09:07:33,262 - INFO - Progress: 5/21 shows processed. Rate: 0.5/min
2025-08-10 09:07:33,262 - INFO - Collecting details for show 6/21: Oakland-Alameda County Coliseum (12/4/1990)
2025-08-10 09:07:34,798 - INFO - Collecting details for show 7/21: Compton Terrace Amphitheatre (12/8/1990)
2025-08-10 09:07:36,811 - INFO - Collecting details for show 8/21: Compton Terrace Amphitheatre (12/9/1990)
2025-08-10 09:07:39,206 - INFO - Collecting details for show 9/21: McNichols Sports Arena (12/12/1990)
2025-08-10 09:07:41,317 - INFO - Collecting details for show 10/21: McNichols Sports Arena (12/13/1990)
2025-08-10 09:07:43,350 - INFO - Progress: 10/21 shows processed. Rate: 0.5/min
2025-08-10 09:07:43,350 - INFO - Collecting details for show 11/21: McNichols Sports Arena (12/14/1990)
2025-08-10 09:07:45,259 - INFO - Collecting details for show 12/21: Oakland-Alameda County Coliseum (12/27/1990)
2025-08-10 09:07:47,201 - INFO - Collecting details for show 13/21: Oakland-Alameda County Coliseum (12/28/1990)
2025-08-10 09:07:49,415 - INFO - Collecting details for show 14/21: Oakland-Alameda County Coliseum (12/30/1990)
2025-08-10 09:07:51,250 - INFO - Collecting details for show 15/21: Oakland-Alameda County Coliseum (12/31/1990)
2025-08-10 09:07:53,270 - INFO - Progress: 15/21 shows processed. Rate: 0.5/min
2025-08-10 09:07:53,271 - INFO - Collecting details for show 16/21: Oakland-Alameda County Coliseum (2/19/1991)
2025-08-10 09:07:55,352 - INFO - Collecting details for show 17/21: Oakland-Alameda County Coliseum (2/20/1991)
2025-08-10 09:07:56,811 - INFO - Collecting details for show 18/21: Oakland-Alameda County Coliseum (2/21/1991)
2025-08-10 09:07:58,815 - INFO - Collecting details for show 19/21: Capital Centre (3/17/1991)
2025-08-10 09:08:01,315 - INFO - Collecting details for show 20/21: Capital Centre (3/18/1991)
2025-08-10 09:08:03,306 - INFO - Progress: 20/21 shows processed. Rate: 0.5/min
2025-08-10 09:08:03,306 - INFO - Collecting details for show 21/21: Capital Centre (3/20/1991)
2025-08-10 09:08:05,331 - INFO - Page 94 complete: 21 shows collected
2025-08-10 09:08:05,331 - INFO - Processing page 95
2025-08-10 09:08:07,648 - INFO - Found 21 shows on page 95
2025-08-10 09:08:07,649 - INFO - Collecting details for show 1/21: Capital Centre (3/21/1991)
2025-08-10 09:08:09,309 - INFO - Collecting details for show 2/21: Knickerbocker Arena (3/23/1991)
2025-08-10 09:08:10,796 - INFO - Collecting details for show 3/21: Knickerbocker Arena (3/24/1991)
2025-08-10 09:08:13,266 - INFO - Collecting details for show 4/21: Knickerbocker Arena (3/25/1991)
2025-08-10 09:08:14,831 - INFO - Collecting details for show 5/21: Nassau Coliseum (3/27/1991)
2025-08-10 09:08:16,816 - INFO - Progress: 5/21 shows processed. Rate: 0.5/min
2025-08-10 09:08:16,816 - INFO - Collecting details for show 6/21: Nassau Coliseum (3/28/1991)
2025-08-10 09:08:18,810 - INFO - Collecting details for show 7/21: Nassau Coliseum (3/29/1991)
2025-08-10 09:08:21,293 - INFO - Collecting details for show 8/21: Greensboro Coliseum (3/31/1991)
2025-08-10 09:08:23,217 - INFO - Collecting details for show 9/21: Greensboro Coliseum (4/1/1991)
2025-08-10 09:08:25,205 - INFO - Collecting details for show 10/21: The Omni (4/3/1991)
2025-08-10 09:08:27,275 - INFO - Progress: 10/21 shows processed. Rate: 0.5/min
2025-08-10 09:08:27,275 - INFO - Collecting details for show 11/21: The Omni (4/4/1991)
2025-08-10 09:08:29,307 - INFO - Collecting details for show 12/21: The Omni (4/5/1991)
2025-08-10 09:08:30,794 - INFO - Collecting details for show 13/21: Orlando Arena (4/7/1991)
2025-08-10 09:08:33,338 - INFO - Collecting details for show 14/21: Orlando Arena (4/8/1991)
2025-08-10 09:08:34,841 - INFO - Collecting details for show 15/21: Orlando Arena (4/9/1991)
2025-08-10 09:08:37,392 - INFO - Progress: 15/21 shows processed. Rate: 0.5/min
2025-08-10 09:08:37,393 - INFO - Collecting details for show 16/21: Sam Boyd Silver Bowl, U.N.L.V. (4/27/1991)
2025-08-10 09:08:39,318 - INFO - Collecting details for show 17/21: Sam Boyd Silver Bowl, U.N.L.V. (4/28/1991)
2025-08-10 09:08:41,303 - INFO - Collecting details for show 18/21: Cal Expo (5/3/1991)
2025-08-10 09:08:43,332 - INFO - Collecting details for show 19/21: Cal Expo (5/4/1991)
2025-08-10 09:08:45,323 - INFO - Collecting details for show 20/21: Cal Expo (5/5/1991)
2025-08-10 09:08:47,336 - INFO - Progress: 20/21 shows processed. Rate: 0.5/min
2025-08-10 09:08:47,337 - INFO - Collecting details for show 21/21: Shoreline Amphitheatre (5/10/1991)
2025-08-10 09:08:49,285 - INFO - Page 95 complete: 21 shows collected
2025-08-10 09:08:49,286 - INFO - Processing page 96
2025-08-10 09:08:51,534 - INFO - Found 21 shows on page 96
2025-08-10 09:08:51,534 - INFO - Collecting details for show 1/21: Shoreline Amphitheatre (5/11/1991)
2025-08-10 09:08:53,354 - INFO - Collecting details for show 2/21: Shoreline Amphitheatre (5/12/1991)
2025-08-10 09:08:55,284 - INFO - Collecting details for show 3/21: Los Angeles Coliseum (6/1/1991)
2025-08-10 09:08:56,788 - INFO - Collecting details for show 4/21: Deer Creek Music Center (6/6/1991)
2025-08-10 09:08:58,839 - INFO - Collecting details for show 5/21: Deer Creek Music Center (6/7/1991)
2025-08-10 09:09:01,249 - INFO - Progress: 5/21 shows processed. Rate: 0.5/min
2025-08-10 09:09:01,249 - INFO - Collecting details for show 6/21: Buckeye Lake Music Center (6/9/1991)
2025-08-10 09:09:03,530 - INFO - Collecting details for show 7/21: Charlotte Coliseum (6/11/1991)
2025-08-10 09:09:04,821 - INFO - Collecting details for show 8/21: Charlotte Coliseum (6/12/1991)
2025-08-10 09:09:07,223 - INFO - Collecting details for show 9/21: RFK Stadium (6/14/1991)
2025-08-10 09:09:08,807 - INFO - Collecting details for show 10/21: Giants Stadium (6/16/1991)
2025-08-10 09:09:10,803 - INFO - Progress: 10/21 shows processed. Rate: 0.5/min
2025-08-10 09:09:10,803 - INFO - Collecting details for show 11/21: Giants Stadium (6/17/1991)
2025-08-10 09:09:13,501 - INFO - Collecting details for show 12/21: Pine Knob Music Theater (6/19/1991)
2025-08-10 09:09:14,802 - INFO - Collecting details for show 13/21: Pine Knob Music Theater (6/20/1991)
2025-08-10 09:09:17,274 - INFO - Collecting details for show 14/21: Soldier Field (6/22/1991)
2025-08-10 09:09:19,315 - INFO - Collecting details for show 15/21: Sandstone Ampitheatre (6/24/1991)
2025-08-10 09:09:20,803 - INFO - Progress: 15/21 shows processed. Rate: 0.5/min
2025-08-10 09:09:20,803 - INFO - Collecting details for show 16/21: Sandstone Ampitheatre (6/25/1991)
2025-08-10 09:09:23,324 - INFO - Collecting details for show 17/21: Mile High Stadium (6/28/1991)
2025-08-10 09:09:25,373 - INFO - Collecting details for show 18/21: Cal Expo (8/12/1991)
2025-08-10 09:09:27,333 - INFO - Collecting details for show 19/21: Cal Expo (8/13/1991)
2025-08-10 09:09:29,290 - INFO - Collecting details for show 20/21: Cal Expo (8/14/1991)
2025-08-10 09:09:31,215 - INFO - Progress: 20/21 shows processed. Rate: 0.5/min
2025-08-10 09:09:31,215 - INFO - Collecting details for show 21/21: Shoreline Amphitheater (8/16/1991)
2025-08-10 09:09:33,305 - INFO - Page 96 complete: 21 shows collected
2025-08-10 09:09:33,305 - INFO - Processing page 97
2025-08-10 09:09:35,534 - INFO - Found 21 shows on page 97
2025-08-10 09:09:35,534 - INFO - Collecting details for show 1/21: Shoreline Amphitheatre (8/17/1991)
2025-08-10 09:09:37,242 - INFO - Collecting details for show 2/21: Shoreline Amphitheatre (8/18/1991)
2025-08-10 09:09:38,798 - INFO - Collecting details for show 3/21: Richfield Coliseum (9/4/1991)
2025-08-10 09:09:41,411 - INFO - Collecting details for show 4/21: Richfield Coliseum (9/5/1991)
2025-08-10 09:09:42,780 - INFO - Collecting details for show 5/21: Richfield Coliseum (9/6/1991)
2025-08-10 09:09:45,302 - INFO - Progress: 5/21 shows processed. Rate: 0.5/min
2025-08-10 09:09:45,302 - INFO - Collecting details for show 6/21: Madison Square Garden (9/8/1991)
2025-08-10 09:09:47,239 - INFO - Collecting details for show 7/21: Madison Square Garden (9/9/1991)
2025-08-10 09:09:49,248 - INFO - Collecting details for show 8/21: Madison Square Garden (9/10/1991)
2025-08-10 09:09:50,807 - INFO - Collecting details for show 9/21: Madison Square Garden (9/12/1991)
2025-08-10 09:09:53,255 - INFO - Collecting details for show 10/21: Madison Square Garden (9/13/1991)
2025-08-10 09:09:55,307 - INFO - Progress: 10/21 shows processed. Rate: 0.5/min
2025-08-10 09:09:55,307 - INFO - Collecting details for show 11/21: Madison Square Garden (9/14/1991)
2025-08-10 09:09:57,289 - INFO - Collecting details for show 12/21: Madison Square Garden (9/16/1991)
2025-08-10 09:09:59,265 - INFO - Collecting details for show 13/21: Madison Square Garden (9/17/1991)
2025-08-10 09:10:01,213 - INFO - Collecting details for show 14/21: Madison Square Garden (9/18/1991)
2025-08-10 09:10:02,817 - INFO - Collecting details for show 15/21: Boston Garden (9/20/1991)
2025-08-10 09:10:05,383 - INFO - Progress: 15/21 shows processed. Rate: 0.5/min
2025-08-10 09:10:05,383 - INFO - Collecting details for show 16/21: Boston Garden (9/21/1991)
2025-08-10 09:10:07,346 - INFO - Collecting details for show 17/21: Boston Garden (9/22/1991)
2025-08-10 09:10:09,298 - INFO - Collecting details for show 18/21: Boston Garden (9/24/1991)
2025-08-10 09:10:11,337 - INFO - Collecting details for show 19/21: Boston Garden (9/25/1991)
2025-08-10 09:10:13,360 - INFO - Collecting details for show 20/21: Boston Garden (9/26/1991)
2025-08-10 09:10:15,283 - INFO - Progress: 20/21 shows processed. Rate: 0.5/min
2025-08-10 09:10:15,284 - INFO - Collecting details for show 21/21: Oakland-Alameda County Coliseum (10/27/1991)
2025-08-10 09:10:17,308 - INFO - Page 97 complete: 21 shows collected
2025-08-10 09:10:17,308 - INFO - Processing page 98
2025-08-10 09:10:19,734 - INFO - Found 21 shows on page 98
2025-08-10 09:10:19,735 - INFO - Collecting details for show 1/21: Oakland-Alameda County Coliseum (10/28/1991)
2025-08-10 09:10:20,820 - INFO - Collecting details for show 2/21: Oakland-Alameda County Coliseum (10/30/1991)
2025-08-10 09:10:23,360 - INFO - Collecting details for show 3/21: Oakland-Alameda County Coliseum (10/31/1991)
2025-08-10 09:10:25,610 - INFO - Collecting details for show 4/21: Polo Field, Golden Gate Park (11/3/1991)
2025-08-10 09:10:26,801 - INFO - Collecting details for show 5/21: Oakland-Alameda County Coliseum (12/27/1991)
2025-08-10 09:10:28,770 - INFO - Progress: 5/21 shows processed. Rate: 0.5/min
2025-08-10 09:10:28,770 - INFO - Collecting details for show 6/21: Oakland-Alameda County Coliseum (12/28/1991)
2025-08-10 09:10:31,247 - INFO - Collecting details for show 7/21: Oakland-Alameda County Coliseum (12/30/1991)
2025-08-10 09:10:33,326 - INFO - Collecting details for show 8/21: Oakland-Alameda County Coliseum (12/31/1991)
2025-08-10 09:10:35,322 - INFO - Collecting details for show 9/21: Oakland-Alameda County Coliseum (2/22/1992)
2025-08-10 09:10:36,801 - INFO - Collecting details for show 10/21: Oakland-Alameda County Coliseum (2/23/1992)
2025-08-10 09:10:39,221 - INFO - Progress: 10/21 shows processed. Rate: 0.5/min
2025-08-10 09:10:39,222 - INFO - Collecting details for show 11/21: Oakland-Alameda County Coliseum (2/24/1992)
2025-08-10 09:10:41,338 - INFO - Collecting details for show 12/21: The Omni (3/1/1992)
2025-08-10 09:10:43,315 - INFO - Collecting details for show 13/21: The Omni (3/2/1992)
2025-08-10 09:10:45,309 - INFO - Collecting details for show 14/21: The Omni (3/3/1992)
2025-08-10 09:10:46,819 - INFO - Collecting details for show 15/21: Hampton Coliseum (3/5/1992)
2025-08-10 09:10:49,210 - INFO - Progress: 15/21 shows processed. Rate: 0.5/min
2025-08-10 09:10:49,210 - INFO - Collecting details for show 16/21: Hampton Coliseum (3/6/1992)
2025-08-10 09:10:51,436 - INFO - Collecting details for show 17/21: Capital Centre (3/8/1992)
2025-08-10 09:10:52,808 - INFO - Collecting details for show 18/21: Capital Centre (3/9/1992)
2025-08-10 09:10:55,557 - INFO - Collecting details for show 19/21: Nassau Coliseum (3/11/1992)
2025-08-10 09:10:57,268 - INFO - Collecting details for show 20/21: Nassau Coliseum (3/12/1992)
2025-08-10 09:10:59,275 - INFO - Progress: 20/21 shows processed. Rate: 0.5/min
2025-08-10 09:10:59,276 - INFO - Collecting details for show 21/21: Nassau Coliseum (3/13/1992)
2025-08-10 09:11:01,352 - INFO - Page 98 complete: 21 shows collected
2025-08-10 09:11:01,352 - INFO - Processing page 99
2025-08-10 09:11:03,625 - INFO - Found 21 shows on page 99
2025-08-10 09:11:03,626 - INFO - Collecting details for show 1/21: The Spectrum (3/16/1992)
2025-08-10 09:11:05,338 - INFO - Collecting details for show 2/21: The Spectrum (3/17/1992)
2025-08-10 09:11:07,316 - INFO - Collecting details for show 3/21: The Spectrum (3/18/1992)
2025-08-10 09:11:09,211 - INFO - Collecting details for show 4/21: Copps Coliseum (3/20/1992)
2025-08-10 09:11:11,312 - INFO - Collecting details for show 5/21: Copps Coliseum (3/21/1992)
2025-08-10 09:11:12,825 - INFO - Progress: 5/21 shows processed. Rate: 0.5/min
2025-08-10 09:11:12,826 - INFO - Collecting details for show 6/21: The Palace (3/23/1992)
2025-08-10 09:11:15,253 - INFO - Collecting details for show 7/21: The Palace (3/24/1992)
2025-08-10 09:11:17,250 - INFO - Collecting details for show 8/21: Cal Expo (5/19/1992)
2025-08-10 09:11:19,300 - INFO - Collecting details for show 9/21: Cal Expo (5/20/1992)
2025-08-10 09:11:21,304 - INFO - Collecting details for show 10/21: Cal Expo (5/21/1992)
2025-08-10 09:11:23,369 - INFO - Progress: 10/21 shows processed. Rate: 0.5/min
2025-08-10 09:11:23,370 - INFO - Collecting details for show 11/21: Shoreline Amphitheatre (5/23/1992)
2025-08-10 09:11:25,346 - INFO - Collecting details for show 12/21: Shoreline Amphitheatre (5/24/1992)
2025-08-10 09:11:27,278 - INFO - Collecting details for show 13/21: Shoreline Amphitheatre (5/25/1992)
2025-08-10 09:11:29,472 - INFO - Collecting details for show 14/21: Sam Boyd Silver Bowl, U.N.L.V. (5/29/1992)
2025-08-10 09:11:31,342 - INFO - Collecting details for show 15/21: Sam Boyd Silver Bowl, U.N.L.V. (5/30/1992)
2025-08-10 09:11:33,347 - INFO - Progress: 15/21 shows processed. Rate: 0.5/min
2025-08-10 09:11:33,348 - INFO - Collecting details for show 16/21: Sam Boyd Silver Bowl, U.N.L.V. (5/31/1992)
2025-08-10 09:11:35,398 - INFO - Collecting details for show 17/21: Rich Stadium (6/6/1992)
2025-08-10 09:11:37,350 - INFO - Collecting details for show 18/21: Richfield Coliseum (6/8/1992)
2025-08-10 09:11:39,288 - INFO - Collecting details for show 19/21: Richfield Coliseum (6/9/1992)
2025-08-10 09:11:41,313 - INFO - Collecting details for show 20/21: Knickerbocker Arena (6/11/1992)
2025-08-10 09:11:42,810 - INFO - Progress: 20/21 shows processed. Rate: 0.5/min
2025-08-10 09:11:42,810 - INFO - Collecting details for show 21/21: Knickerbocker Arena (6/12/1992)
2025-08-10 09:11:45,284 - INFO - Page 99 complete: 21 shows collected
2025-08-10 09:11:45,285 - INFO - Processing page 100
2025-08-10 09:11:47,492 - INFO - Found 21 shows on page 100
2025-08-10 09:11:47,492 - INFO - Collecting details for show 1/21: Giants Stadium (6/14/1992)
2025-08-10 09:11:49,291 - INFO - Collecting details for show 2/21: Giants Stadium (6/15/1992)
2025-08-10 09:11:51,519 - INFO - Collecting details for show 3/21: Charlotte Coliseum (6/17/1992)
2025-08-10 09:11:53,517 - INFO - Collecting details for show 4/21: Charlotte Coliseum (6/18/1992)
2025-08-10 09:11:55,842 - INFO - Collecting details for show 5/21: RFK Stadium (6/20/1992)
2025-08-10 09:11:57,416 - INFO - Progress: 5/21 shows processed. Rate: 0.5/min
2025-08-10 09:11:57,417 - INFO - Collecting details for show 6/21: Star Lake Ampitheater (6/22/1992)
2025-08-10 09:11:58,815 - INFO - Collecting details for show 7/21: Star Lake Ampitheater (6/23/1992)
2025-08-10 09:12:01,270 - INFO - Collecting details for show 8/21: Soldier Field (6/25/1992)
2025-08-10 09:12:03,625 - INFO - Collecting details for show 9/21: Soldier Field (6/26/1992)
2025-08-10 09:12:05,500 - INFO - Collecting details for show 10/21: Deer Creek Music Center (6/28/1992)
2025-08-10 09:12:07,314 - INFO - Progress: 10/21 shows processed. Rate: 0.5/min
2025-08-10 09:12:07,315 - INFO - Collecting details for show 11/21: Deer Creek Music Center (6/29/1992)
2025-08-10 09:12:09,336 - INFO - Collecting details for show 12/21: Buckeye Lake Music Center (7/1/1992)
2025-08-10 09:12:11,364 - INFO - Collecting details for show 13/21: McNichols Sports Arena (12/2/1992)
2025-08-10 09:12:13,605 - INFO - Collecting details for show 14/21: McNichols Sports Arena (12/3/1992)
2025-08-10 09:12:14,854 - INFO - Collecting details for show 15/21: Compton Terrace Amphitheatre (12/5/1992)
2025-08-10 09:12:17,332 - INFO - Progress: 15/21 shows processed. Rate: 0.5/min
2025-08-10 09:12:17,332 - INFO - Collecting details for show 16/21: Compton Terrace Amphitheatre (12/6/1992)
2025-08-10 09:12:19,300 - INFO - Collecting details for show 17/21: Oakland-Alameda County Coliseum (12/11/1992)
2025-08-10 09:12:21,389 - INFO - Collecting details for show 18/21: Oakland-Alameda County Coliseum (12/12/1992)
2025-08-10 09:12:22,838 - INFO - Collecting details for show 19/21: Oakland-Alameda County Coliseum (12/13/1992)
2025-08-10 09:12:25,298 - INFO - Collecting details for show 20/21: Oakland-Alameda County Coliseum (12/16/1992)
2025-08-10 09:12:27,319 - INFO - Progress: 20/21 shows processed. Rate: 0.5/min
2025-08-10 09:12:27,320 - INFO - Collecting details for show 21/21: Oakland-Alameda County Coliseum (12/17/1992)
2025-08-10 09:12:29,320 - INFO - Page 100 complete: 21 shows collected
2025-08-10 09:12:29,320 - INFO - Processing page 101
2025-08-10 09:12:31,447 - INFO - Found 21 shows on page 101
2025-08-10 09:12:31,447 - INFO - Collecting details for show 1/21: Oakland-Alameda County Coliseum (1/24/1993)
2025-08-10 09:12:33,336 - INFO - Collecting details for show 2/21: Oakland-Alameda County Coliseum (1/25/1993)
2025-08-10 09:12:34,852 - INFO - Collecting details for show 3/21: Oakland-Alameda County Coliseum (1/26/1993)
2025-08-10 09:12:37,314 - INFO - Collecting details for show 4/21: Oakland-Alameda County Coliseum (2/21/1993)
2025-08-10 09:12:39,259 - INFO - Collecting details for show 5/21: Oakland-Alameda County Coliseum (2/22/1993)
2025-08-10 09:12:41,395 - INFO - Progress: 5/21 shows processed. Rate: 0.5/min
2025-08-10 09:12:41,396 - INFO - Collecting details for show 6/21: Oakland-Alameda County Coliseum (2/23/1993)
2025-08-10 09:12:42,812 - INFO - Collecting details for show 7/21: Rosemont Horizon (3/9/1993)
2025-08-10 09:12:45,312 - INFO - Collecting details for show 8/21: Rosemont Horizon (3/10/1993)
2025-08-10 09:12:47,339 - INFO - Collecting details for show 9/21: Rosemont Horizon (3/11/1993)
2025-08-10 09:12:49,320 - INFO - Collecting details for show 10/21: Richfield Coliseum (3/14/1993)
2025-08-10 09:12:51,362 - INFO - Progress: 10/21 shows processed. Rate: 0.5/min
2025-08-10 09:12:51,362 - INFO - Collecting details for show 11/21: Capital Centre (3/16/1993)
2025-08-10 09:12:53,240 - INFO - Collecting details for show 12/21: Capital Centre (3/17/1993)
2025-08-10 09:12:55,229 - INFO - Collecting details for show 13/21: Capital Centre (3/18/1993)
2025-08-10 09:12:57,268 - INFO - Collecting details for show 14/21: The Omni (3/20/1993)
2025-08-10 09:12:59,275 - INFO - Collecting details for show 15/21: The Omni (3/21/1993)
2025-08-10 09:13:01,378 - INFO - Progress: 15/21 shows processed. Rate: 0.5/min
2025-08-10 09:13:01,379 - INFO - Collecting details for show 16/21: The Omni (3/22/1993)
2025-08-10 09:13:03,366 - INFO - Collecting details for show 17/21: Dean Smith Center (3/24/1993)
2025-08-10 09:13:05,311 - INFO - Collecting details for show 18/21: Dean Smith Center (3/25/1993)
2025-08-10 09:13:07,422 - INFO - Collecting details for show 19/21: Knickerbocker Arena (3/27/1993)
2025-08-10 09:13:09,279 - INFO - Collecting details for show 20/21: Knickerbocker Arena (3/28/1993)
2025-08-10 09:13:11,272 - INFO - Progress: 20/21 shows processed. Rate: 0.5/min
2025-08-10 09:13:11,272 - INFO - Collecting details for show 21/21: Knickerbocker Arena (3/29/1993)
2025-08-10 09:13:13,297 - INFO - Page 101 complete: 21 shows collected
2025-08-10 09:13:13,298 - INFO - Processing page 102
2025-08-10 09:13:15,447 - INFO - Found 21 shows on page 102
2025-08-10 09:13:15,447 - INFO - Collecting details for show 1/21: Nassau Coliseum (3/31/1993)
2025-08-10 09:13:17,359 - INFO - Collecting details for show 2/21: Nassau Coliseum (4/1/1993)
2025-08-10 09:13:19,289 - INFO - Collecting details for show 3/21: Nassau Coliseum (4/2/1993)
2025-08-10 09:13:20,869 - INFO - Collecting details for show 4/21: Nassau Coliseum (4/4/1993)
2025-08-10 09:13:22,838 - INFO - Collecting details for show 5/21: Nassau Coliseum (4/5/1993)
2025-08-10 09:13:25,248 - INFO - Progress: 5/21 shows processed. Rate: 0.5/min
2025-08-10 09:13:25,248 - INFO - Collecting details for show 6/21: Sam Boyd Silver Bowl, U.N.L.V. (5/14/1993)
2025-08-10 09:13:27,292 - INFO - Collecting details for show 7/21: Sam Boyd Silver Bowl, U.N.L.V. (5/15/1993)
2025-08-10 09:13:28,824 - INFO - Collecting details for show 8/21: Sam Boyd Silver Bowl, U.N.L.V. (5/16/1993)
2025-08-10 09:13:31,315 - INFO - Collecting details for show 9/21: Shoreline Amphitheatre (5/21/1993)
2025-08-10 09:13:33,265 - INFO - Collecting details for show 10/21: Shoreline Amphitheatre (5/22/1993)
2025-08-10 09:13:35,250 - INFO - Progress: 10/21 shows processed. Rate: 0.5/min
2025-08-10 09:13:35,250 - INFO - Collecting details for show 11/21: Shoreline Amphitheatre (5/23/1993)
2025-08-10 09:13:37,268 - INFO - Collecting details for show 12/21: Cal Expo (5/25/1993)
2025-08-10 09:13:39,250 - INFO - Collecting details for show 13/21: Cal Expo (5/26/1993)
2025-08-10 09:13:41,356 - INFO - Collecting details for show 14/21: Cal Expo (5/27/1993)
2025-08-10 09:13:43,323 - INFO - Collecting details for show 15/21: Giants Stadium (6/5/1993)
2025-08-10 09:13:45,254 - INFO - Progress: 15/21 shows processed. Rate: 0.5/min
2025-08-10 09:13:45,254 - INFO - Collecting details for show 16/21: Giants Stadium (6/6/1993)
2025-08-10 09:13:47,209 - INFO - Collecting details for show 17/21: The Palace (6/8/1993)
2025-08-10 09:13:49,279 - INFO - Collecting details for show 18/21: The Palace (6/9/1993)
2025-08-10 09:13:51,210 - INFO - Collecting details for show 19/21: Buckeye Lake Music Center (6/11/1993)
2025-08-10 09:13:53,251 - INFO - Collecting details for show 20/21: Rich Stadium (6/13/1993)
2025-08-10 09:13:55,276 - INFO - Progress: 20/21 shows processed. Rate: 0.5/min
2025-08-10 09:13:55,276 - INFO - Collecting details for show 21/21: Freedom Hall (6/15/1993)
2025-08-10 09:13:57,381 - INFO - Page 102 complete: 21 shows collected
2025-08-10 09:13:57,381 - INFO - Processing page 103
2025-08-10 09:13:59,584 - INFO - Found 21 shows on page 103
2025-08-10 09:13:59,584 - INFO - Collecting details for show 1/21: Freedom Hall (6/16/1993)
2025-08-10 09:14:01,803 - INFO - Collecting details for show 2/21: Soldier Field (6/18/1993)
2025-08-10 09:14:03,314 - INFO - Collecting details for show 3/21: Soldier Field (6/19/1993)
2025-08-10 09:14:05,392 - INFO - Collecting details for show 4/21: Deer Creek Music Center (6/21/1993)
2025-08-10 09:14:09,083 - INFO - Collecting details for show 5/21: Deer Creek Music Center (6/22/1993)
2025-08-10 09:14:09,225 - INFO - Progress: 5/21 shows processed. Rate: 0.5/min
2025-08-10 09:14:09,225 - INFO - Collecting details for show 6/21: Deer Creek Music Center (6/23/1993)
2025-08-10 09:14:11,739 - INFO - Collecting details for show 7/21: RFK Stadium (6/25/1993)
2025-08-10 09:14:13,322 - INFO - Collecting details for show 8/21: RFK Stadium (6/26/1993)
2025-08-10 09:14:15,346 - INFO - Collecting details for show 9/21: Autzen Stadium, U. of Oregon (8/21/1993)
2025-08-10 09:14:17,781 - INFO - Collecting details for show 10/21: Autzen Stadium, U. of Oregon (8/22/1993)
2025-08-10 09:14:19,744 - INFO - Progress: 10/21 shows processed. Rate: 0.5/min
2025-08-10 09:14:19,745 - INFO - Collecting details for show 11/21: Shoreline Amphitheatre (8/25/1993)
2025-08-10 09:14:21,768 - INFO - Collecting details for show 12/21: Shoreline Amphitheatre (8/26/1993)
2025-08-10 09:14:23,733 - INFO - Collecting details for show 13/21: Shoreline Amphitheatre (8/27/1993)
2025-08-10 09:14:25,334 - INFO - Collecting details for show 14/21: Richfield Coliseum (9/8/1993)
2025-08-10 09:14:27,315 - INFO - Collecting details for show 15/21: Richfield Coliseum (9/9/1993)
2025-08-10 09:14:29,752 - INFO - Progress: 15/21 shows processed. Rate: 0.5/min
2025-08-10 09:14:29,753 - INFO - Collecting details for show 16/21: Richfield Coliseum (9/10/1993)
2025-08-10 09:14:31,325 - INFO - Collecting details for show 17/21: The Spectrum (9/12/1993)
2025-08-10 09:14:33,797 - INFO - Collecting details for show 18/21: The Spectrum (9/13/1993)
2025-08-10 09:14:35,333 - INFO - Collecting details for show 19/21: The Spectrum (9/14/1993)
2025-08-10 09:14:37,716 - INFO - Collecting details for show 20/21: Madison Square Garden (9/16/1993)
2025-08-10 09:14:39,334 - INFO - Progress: 20/21 shows processed. Rate: 0.5/min
2025-08-10 09:14:39,335 - INFO - Collecting details for show 21/21: Madison Square Garden (9/17/1993)
2025-08-10 09:14:41,877 - INFO - Page 103 complete: 21 shows collected
2025-08-10 09:14:41,877 - INFO - Processing page 104
2025-08-10 09:14:43,927 - INFO - Found 21 shows on page 104
2025-08-10 09:14:43,927 - INFO - Collecting details for show 1/21: Madison Square Garden (9/18/1993)
2025-08-10 09:14:45,798 - INFO - Collecting details for show 2/21: Madison Square Garden (9/20/1993)
2025-08-10 09:14:47,342 - INFO - Collecting details for show 3/21: Madison Square Garden (9/21/1993)
2025-08-10 09:14:49,819 - INFO - Collecting details for show 4/21: Madison Square Garden (9/22/1993)
2025-08-10 09:14:51,745 - INFO - Collecting details for show 5/21: Boston Garden (9/24/1993)
2025-08-10 09:14:53,827 - INFO - Progress: 5/21 shows processed. Rate: 0.5/min
2025-08-10 09:14:53,827 - INFO - Collecting details for show 6/21: Boston Garden (9/25/1993)
2025-08-10 09:14:55,803 - INFO - Collecting details for show 7/21: Boston Garden (9/26/1993)
2025-08-10 09:14:57,696 - INFO - Collecting details for show 8/21: Boston Garden (9/28/1993)
2025-08-10 09:14:59,335 - INFO - Collecting details for show 9/21: Boston Garden (9/29/1993)
2025-08-10 09:15:01,849 - INFO - Collecting details for show 10/21: Boston Garden (9/30/1993)
2025-08-10 09:15:04,020 - INFO - Progress: 10/21 shows processed. Rate: 0.5/min
2025-08-10 09:15:04,021 - INFO - Collecting details for show 11/21: Sports Arena (12/8/1993)
2025-08-10 09:15:05,848 - INFO - Collecting details for show 12/21: Sports Arena (12/9/1993)
2025-08-10 09:15:07,767 - INFO - Collecting details for show 13/21: Sports Arena (12/10/1993)
2025-08-10 09:15:09,329 - INFO - Collecting details for show 14/21: San Diego Sports Arena (12/12/1993)
2025-08-10 09:15:11,716 - INFO - Collecting details for show 15/21: San Diego Sports Arena (12/13/1993)
2025-08-10 09:15:13,748 - INFO - Progress: 15/21 shows processed. Rate: 0.5/min
2025-08-10 09:15:13,749 - INFO - Collecting details for show 16/21: Oakland-Alameda County Coliseum (12/17/1993)
2025-08-10 09:15:15,741 - INFO - Collecting details for show 17/21: Oakland-Alameda County Coliseum (12/18/1993)
2025-08-10 09:15:17,840 - INFO - Collecting details for show 18/21: Oakland-Alameda County Coliseum (12/19/1993)
2025-08-10 09:15:19,701 - INFO - Collecting details for show 19/21: Oakland-Alameda County Coliseum (2/25/1994)
2025-08-10 09:15:21,711 - INFO - Collecting details for show 20/21: Oakland-Alameda County Coliseum (2/26/1994)
2025-08-10 09:15:23,764 - INFO - Progress: 20/21 shows processed. Rate: 0.5/min
2025-08-10 09:15:23,765 - INFO - Collecting details for show 21/21: Oakland-Alameda County Coliseum (2/27/1994)
2025-08-10 09:15:25,315 - INFO - Page 104 complete: 21 shows collected
2025-08-10 09:15:25,316 - INFO - Processing page 105
2025-08-10 09:15:28,059 - INFO - Found 21 shows on page 105
2025-08-10 09:15:28,059 - INFO - Collecting details for show 1/21: Desert Sky Pavilion (3/4/1994)
2025-08-10 09:15:29,799 - INFO - Collecting details for show 2/21: Desert Sky Pavilion (3/5/1994)
2025-08-10 09:15:31,815 - INFO - Collecting details for show 3/21: Desert Sky Pavilion (3/6/1994)
2025-08-10 09:15:33,312 - INFO - Collecting details for show 4/21: Rosemont Horizon (3/16/1994)
2025-08-10 09:15:35,757 - INFO - Collecting details for show 5/21: Rosemont Horizon (3/17/1994)
2025-08-10 09:15:37,827 - INFO - Progress: 5/21 shows processed. Rate: 0.5/min
2025-08-10 09:15:37,828 - INFO - Collecting details for show 6/21: Rosemont Horizon (3/18/1994)
2025-08-10 09:15:39,774 - INFO - Collecting details for show 7/21: Richfield Coliseum (3/20/1994)
2025-08-10 09:15:41,696 - INFO - Collecting details for show 8/21: Richfield Coliseum (3/21/1994)
2025-08-10 09:15:43,769 - INFO - Collecting details for show 9/21: Nassau Coliseum (3/23/1994)
2025-08-10 09:15:45,357 - INFO - Collecting details for show 10/21: Nassau Coliseum (3/24/1994)
2025-08-10 09:16:19,712 - WARNING - Retryable error on attempt 1, waiting 2s: ('Connection aborted.', ConnectionResetError(104, 'Connection reset by peer'))
2025-08-10 09:16:28,891 - INFO - ✅ Retry successful on attempt 2: https://jerrygarcia.com/show/1994-03-24-nassau-coliseum-uniondale-ny-usa/
2025-08-10 09:16:28,896 - INFO - Progress: 10/21 shows processed. Rate: 0.5/min
2025-08-10 09:16:28,897 - INFO - Collecting details for show 11/21: Nassau Coliseum (3/25/1994)
2025-08-10 09:16:29,573 - INFO - Collecting details for show 12/21: Nassau Coliseum (3/27/1994)
2025-08-10 09:16:31,644 - INFO - Collecting details for show 13/21: Nassau Coliseum (3/28/1994)
2025-08-10 09:16:33,677 - INFO - Collecting details for show 14/21: The Omni (3/30/1994)
2025-08-10 09:16:35,626 - INFO - Collecting details for show 15/21: The Omni (3/31/1994)
2025-08-10 09:16:37,595 - INFO - Progress: 15/21 shows processed. Rate: 0.5/min
2025-08-10 09:16:37,595 - INFO - Collecting details for show 16/21: The Omni (4/1/1994)
2025-08-10 09:16:39,556 - INFO - Collecting details for show 17/21: Sports Arena (4/4/1994)
2025-08-10 09:16:41,615 - INFO - Collecting details for show 18/21: Miami Arena (4/6/1994)
2025-08-10 09:16:43,534 - INFO - Collecting details for show 19/21: Miami Arena (4/7/1994)
2025-08-10 09:16:45,592 - INFO - Collecting details for show 20/21: Miami Arena (4/8/1994)
2025-08-10 09:16:47,582 - INFO - Progress: 20/21 shows processed. Rate: 0.5/min
2025-08-10 09:16:47,582 - INFO - Collecting details for show 21/21: Cal Expo (6/8/1994)
2025-08-10 09:16:49,600 - INFO - Page 105 complete: 21 shows collected
2025-08-10 09:16:49,601 - INFO - Processing page 106
2025-08-10 09:16:51,848 - INFO - Found 21 shows on page 106
2025-08-10 09:16:51,848 - INFO - Collecting details for show 1/21: Cal Expo (6/9/1994)
2025-08-10 09:16:53,496 - INFO - Collecting details for show 2/21: Cal Expo (6/10/1994)
2025-08-10 09:16:55,641 - INFO - Collecting details for show 3/21: Memorial Stadium (6/13/1994)
2025-08-10 09:16:57,613 - INFO - Collecting details for show 4/21: Memorial Stadium (6/14/1994)
2025-08-10 09:16:59,517 - INFO - Collecting details for show 5/21: Autzen Stadium, U. of Oregon (6/17/1994)
2025-08-10 09:17:01,521 - INFO - Progress: 5/21 shows processed. Rate: 0.5/min
2025-08-10 09:17:01,522 - INFO - Collecting details for show 6/21: Autzen Stadium, U. of Oregon (6/18/1994)
2025-08-10 09:17:03,602 - INFO - Collecting details for show 7/21: Autzen Stadium, U. of Oregon (6/19/1994)
2025-08-10 09:17:05,590 - INFO - Collecting details for show 8/21: Sam Boyd Silver Bowl, U.N.L.V. (6/24/1994)
2025-08-10 09:17:07,618 - INFO - Collecting details for show 9/21: Sam Boyd Silver Bowl, U.N.L.V. (6/25/1994)
2025-08-10 09:17:09,142 - INFO - Collecting details for show 10/21: Sam Boyd Silver Bowl, U.N.L.V. (6/26/1994)
2025-08-10 09:17:11,585 - INFO - Progress: 10/21 shows processed. Rate: 0.5/min
2025-08-10 09:17:11,585 - INFO - Collecting details for show 11/21: Shoreline Amphitheatre (7/1/1994)
2025-08-10 09:17:13,144 - INFO - Collecting details for show 12/21: Shoreline Amphitheatre (7/2/1994)
2025-08-10 09:17:15,126 - INFO - Collecting details for show 13/21: Shoreline Amphitheatre (7/3/1994)
2025-08-10 09:17:17,595 - INFO - Collecting details for show 14/21: Franklin County Airport (7/13/1994)
2025-08-10 09:17:19,140 - INFO - Collecting details for show 15/21: RFK Stadium (7/16/1994)
2025-08-10 09:17:21,578 - INFO - Progress: 15/21 shows processed. Rate: 0.5/min
2025-08-10 09:17:21,578 - INFO - Collecting details for show 16/21: RFK Stadium (7/17/1994)
2025-08-10 09:17:23,129 - INFO - Collecting details for show 17/21: Deer Creek Music Center (7/19/1994)
2025-08-10 09:17:25,137 - INFO - Collecting details for show 18/21: Deer Creek Music Center (7/20/1994)
2025-08-10 09:17:27,146 - INFO - Collecting details for show 19/21: Deer Creek Music Center (7/21/1994)
2025-08-10 09:17:29,138 - INFO - Collecting details for show 20/21: Soldier Field (7/23/1994)
2025-08-10 09:17:31,538 - INFO - Progress: 20/21 shows processed. Rate: 0.5/min
2025-08-10 09:17:31,539 - INFO - Collecting details for show 21/21: Soldier Field (7/24/1994)
2025-08-10 09:17:33,652 - INFO - Page 106 complete: 21 shows collected
2025-08-10 09:17:33,653 - INFO - Processing page 107
2025-08-10 09:17:35,833 - INFO - Found 21 shows on page 107
2025-08-10 09:17:35,833 - INFO - Collecting details for show 1/21: Riverport Amphitheatre (7/26/1994)
2025-08-10 09:17:37,132 - INFO - Collecting details for show 2/21: Riverport Amphitheatre (7/27/1994)
2025-08-10 09:17:39,607 - INFO - Collecting details for show 3/21: Buckeye Lake Music Center (7/29/1994)
2025-08-10 09:17:41,129 - INFO - Collecting details for show 4/21: The Palace (7/31/1994)
2025-08-10 09:17:43,140 - INFO - Collecting details for show 5/21: The Palace (8/1/1994)
2025-08-10 09:17:45,143 - INFO - Progress: 5/21 shows processed. Rate: 0.5/min
2025-08-10 09:17:45,143 - INFO - Collecting details for show 6/21: Giants Stadium (8/3/1994)
2025-08-10 09:17:47,128 - INFO - Collecting details for show 7/21: Giants Stadium (8/4/1994)
2025-08-10 09:17:49,556 - INFO - Collecting details for show 8/21: Shoreline Amphitheatre (9/16/1994)
2025-08-10 09:17:51,589 - INFO - Collecting details for show 9/21: Shoreline Amphitheatre (9/17/1994)
2025-08-10 09:17:53,715 - INFO - Collecting details for show 10/21: Shoreline Amphitheatre (9/18/1994)
2025-08-10 09:17:55,659 - INFO - Progress: 10/21 shows processed. Rate: 0.5/min
2025-08-10 09:17:55,659 - INFO - Collecting details for show 11/21: Berkeley Community Theater (9/24/1994)
2025-08-10 09:17:57,567 - INFO - Collecting details for show 12/21: Boston Garden (9/27/1994)
2025-08-10 09:17:59,614 - INFO - Collecting details for show 13/21: Boston Garden (9/28/1994)
2025-08-10 09:18:01,671 - INFO - Collecting details for show 14/21: Boston Garden (9/29/1994)
2025-08-10 09:18:03,563 - INFO - Collecting details for show 15/21: Boston Garden (10/1/1994)
2025-08-10 09:18:05,119 - INFO - Progress: 15/21 shows processed. Rate: 0.5/min
2025-08-10 09:18:05,120 - INFO - Collecting details for show 16/21: Boston Garden (10/2/1994)
2025-08-10 09:18:07,551 - INFO - Collecting details for show 17/21: Boston Garden (10/3/1994)
2025-08-10 09:18:09,112 - INFO - Collecting details for show 18/21: The Spectrum (10/5/1994)
2025-08-10 09:18:11,531 - INFO - Collecting details for show 19/21: The Spectrum (10/6/1994)
2025-08-10 09:18:13,587 - INFO - Collecting details for show 20/21: The Spectrum (10/7/1994)
2025-08-10 09:18:15,614 - INFO - Progress: 20/21 shows processed. Rate: 0.5/min
2025-08-10 09:18:15,614 - INFO - Collecting details for show 21/21: USAir Arena (10/9/1994)
2025-08-10 09:18:17,610 - INFO - Page 107 complete: 21 shows collected
2025-08-10 09:18:17,617 - INFO - Processing page 108
2025-08-10 09:18:19,894 - INFO - Found 21 shows on page 108
2025-08-10 09:18:19,894 - INFO - Collecting details for show 1/21: USAir Arena (10/10/1994)
2025-08-10 09:18:21,582 - INFO - Collecting details for show 2/21: USAir Arena (10/11/1994)
2025-08-10 09:18:23,540 - INFO - Collecting details for show 3/21: Madison Square Garden (10/13/1994)
2025-08-10 09:18:25,576 - INFO - Collecting details for show 4/21: Madison Square Garden (10/14/1994)
2025-08-10 09:18:27,114 - INFO - Collecting details for show 5/21: Madison Square Garden (10/15/1994)
2025-08-10 09:18:29,523 - INFO - Progress: 5/21 shows processed. Rate: 0.5/min
2025-08-10 09:18:29,523 - INFO - Collecting details for show 6/21: Madison Square Garden (10/17/1994)
2025-08-10 09:18:31,510 - INFO - Collecting details for show 7/21: Madison Square Garden (10/18/1994)
2025-08-10 09:18:33,581 - INFO - Collecting details for show 8/21: Madison Square Garden (10/19/1994)
2025-08-10 09:18:35,649 - INFO - Collecting details for show 9/21: McNichols Sports Arena (11/29/1994)
2025-08-10 09:18:37,498 - INFO - Collecting details for show 10/21: McNichols Sports Arena (11/30/1994)
2025-08-10 09:18:39,570 - INFO - Progress: 10/21 shows processed. Rate: 0.5/min
2025-08-10 09:18:39,571 - INFO - Collecting details for show 11/21: McNichols Sports Arena (12/1/1994)
2025-08-10 09:18:41,144 - INFO - Collecting details for show 12/21: Oakland-Alameda County Coliseum (12/8/1994)
2025-08-10 09:18:43,755 - INFO - Collecting details for show 13/21: Oakland-Alameda County Coliseum (12/9/1994)
2025-08-10 09:18:45,558 - INFO - Collecting details for show 14/21: Oakland-Alameda County Coliseum (12/11/1994)
2025-08-10 09:18:47,526 - INFO - Collecting details for show 15/21: Oakland-Alameda County Coliseum (12/12/1994)
2025-08-10 09:18:49,148 - INFO - Progress: 15/21 shows processed. Rate: 0.5/min
2025-08-10 09:18:49,149 - INFO - Collecting details for show 16/21: Sports Arena (12/15/1994)
2025-08-10 09:18:51,556 - INFO - Collecting details for show 17/21: Sports Arena (12/16/1994)
2025-08-10 09:18:53,526 - INFO - Collecting details for show 18/21: Sports Arena (12/18/1994)
2025-08-10 09:18:55,576 - INFO - Collecting details for show 19/21: Sports Arena (12/19/1994)
2025-08-10 09:18:57,142 - INFO - Collecting details for show 20/21: Delta Center (2/19/1995)
2025-08-10 09:18:59,526 - INFO - Progress: 20/21 shows processed. Rate: 0.5/min
2025-08-10 09:18:59,527 - INFO - Collecting details for show 21/21: Delta Center (2/20/1995)
2025-08-10 09:19:01,642 - INFO - Page 108 complete: 21 shows collected
2025-08-10 09:19:01,642 - INFO - Processing page 109
2025-08-10 09:19:03,854 - INFO - Found 21 shows on page 109
2025-08-10 09:19:03,855 - INFO - Collecting details for show 1/21: Delta Center (2/21/1995)
2025-08-10 09:19:05,633 - INFO - Collecting details for show 2/21: Oakland-Alameda County Coliseum (2/24/1995)
2025-08-10 09:19:07,625 - INFO - Collecting details for show 3/21: Oakland-Alameda County Coliseum (2/25/1995)
2025-08-10 09:19:09,520 - INFO - Collecting details for show 4/21: Oakland-Alameda County Coliseum (2/26/1995)
2025-08-10 09:19:11,573 - INFO - Collecting details for show 5/21: The Spectrum (3/17/1995)
2025-08-10 09:19:13,578 - INFO - Progress: 5/21 shows processed. Rate: 0.5/min
2025-08-10 09:19:13,578 - INFO - Collecting details for show 6/21: The Spectrum (3/18/1995)
2025-08-10 09:19:15,093 - INFO - Collecting details for show 7/21: The Spectrum (3/19/1995)
2025-08-10 09:19:17,551 - INFO - Collecting details for show 8/21: Charlotte Coliseum (3/22/1995)
2025-08-10 09:19:19,518 - INFO - Collecting details for show 9/21: Charlotte Coliseum (3/23/1995)
2025-08-10 09:19:21,145 - INFO - Collecting details for show 10/21: Charlotte Coliseum (3/24/1995)
2025-08-10 09:19:23,131 - INFO - Progress: 10/21 shows processed. Rate: 0.5/min
2025-08-10 09:19:23,132 - INFO - Collecting details for show 11/21: The Omni (3/26/1995)
2025-08-10 09:19:25,531 - INFO - Collecting details for show 12/21: The Omni (3/27/1995)
2025-08-10 09:19:27,145 - INFO - Collecting details for show 13/21: The Omni (3/29/1995)
2025-08-10 09:19:29,640 - INFO - Collecting details for show 14/21: The Omni (3/30/1995)
2025-08-10 09:19:31,545 - INFO - Collecting details for show 15/21: Pyramid Arena (4/1/1995)
2025-08-10 09:19:33,556 - INFO - Progress: 15/21 shows processed. Rate: 0.5/min
2025-08-10 09:19:33,557 - INFO - Collecting details for show 16/21: Pyramid Arena (4/2/1995)
2025-08-10 09:19:35,559 - INFO - Collecting details for show 17/21: Jefferson Civic Center Coliseum (4/4/1995)
2025-08-10 09:19:37,826 - INFO - Collecting details for show 18/21: Jefferson Civic Center Coliseum (4/5/1995)
2025-08-10 09:19:39,154 - INFO - Collecting details for show 19/21: Tampa Stadium (4/7/1995)
2025-08-10 09:19:41,120 - INFO - Collecting details for show 20/21: Sam Boyd Silver Bowl, U.N.L.V. (5/19/1995)
2025-08-10 09:19:43,563 - INFO - Progress: 20/21 shows processed. Rate: 0.5/min
2025-08-10 09:19:43,564 - INFO - Collecting details for show 21/21: Sam Boyd Silver Bowl, U.N.L.V. (5/20/1995)
2025-08-10 09:19:45,560 - INFO - Page 109 complete: 21 shows collected
2025-08-10 09:19:45,560 - INFO - Processing page 110
2025-08-10 09:19:47,824 - INFO - Found 21 shows on page 110
2025-08-10 09:19:47,824 - INFO - Collecting details for show 1/21: Sam Boyd Silver Bowl, U.N.L.V. (5/21/1995)
2025-08-10 09:19:49,587 - INFO - Collecting details for show 2/21: Memorial Stadium (5/24/1995)
2025-08-10 09:19:51,616 - INFO - Collecting details for show 3/21: Memorial Stadium (5/25/1995)
2025-08-10 09:19:53,148 - INFO - Collecting details for show 4/21: Memorial Stadium (5/26/1995)
2025-08-10 09:19:55,585 - INFO - Collecting details for show 5/21: Portland Meadows (5/28/1995)
2025-08-10 09:19:57,136 - INFO - Progress: 5/21 shows processed. Rate: 0.5/min
2025-08-10 09:19:57,137 - INFO - Collecting details for show 6/21: Portland Meadows (5/29/1995)
2025-08-10 09:19:59,571 - INFO - Collecting details for show 7/21: Shoreline Amphitheatre (6/2/1995)
2025-08-10 09:20:01,595 - INFO - Collecting details for show 8/21: Shoreline Amphitheatre (6/3/1995)
2025-08-10 09:20:03,151 - INFO - Collecting details for show 9/21: Shoreline Amphitheatre (6/4/1995)
2025-08-10 09:20:05,592 - INFO - Collecting details for show 10/21: Franklin County Airport (6/15/1995)
2025-08-10 09:20:07,697 - INFO - Progress: 10/21 shows processed. Rate: 0.5/min
2025-08-10 09:20:07,697 - INFO - Collecting details for show 11/21: Giants Stadium (6/18/1995)
2025-08-10 09:20:09,581 - INFO - Collecting details for show 12/21: Giants Stadium (6/19/1995)
2025-08-10 09:20:11,564 - INFO - Collecting details for show 13/21: Knickerbocker Arena (6/21/1995)
2025-08-10 09:20:13,225 - INFO - Collecting details for show 14/21: Knickerbocker Arena (6/22/1995)
2025-08-10 09:20:15,145 - INFO - Collecting details for show 15/21: RFK Stadium (6/24/1995)
2025-08-10 09:20:17,598 - INFO - Progress: 15/21 shows processed. Rate: 0.5/min
2025-08-10 09:20:17,598 - INFO - Collecting details for show 16/21: RFK Stadium (6/25/1995)
2025-08-10 09:20:19,588 - INFO - Collecting details for show 17/21: The Palace (6/27/1995)
2025-08-10 09:20:21,588 - INFO - Collecting details for show 18/21: The Palace (6/28/1995)
2025-08-10 09:20:23,566 - INFO - Collecting details for show 19/21: Three Rivers Stadium (6/30/1995)
2025-08-10 09:20:25,207 - INFO - Collecting details for show 20/21: Deer Creek Music Center (7/2/1995)
2025-08-10 09:20:27,590 - INFO - Progress: 20/21 shows processed. Rate: 0.5/min
2025-08-10 09:20:27,590 - INFO - Collecting details for show 21/21: Riverport Amphitheatre (7/5/1995)
2025-08-10 09:20:29,174 - INFO - Page 110 complete: 21 shows collected
2025-08-10 09:20:29,175 - INFO - Processing page 111
2025-08-10 09:20:31,618 - INFO - Found 3 shows on page 111
2025-08-10 09:20:31,618 - INFO - Collecting details for show 1/3: Riverport Amphitheatre (7/6/1995)
2025-08-10 09:20:33,606 - INFO - Collecting details for show 2/3: Soldier Field (7/8/1995)
2025-08-10 09:20:35,684 - INFO - Collecting details for show 3/3: Soldier Field (7/9/1995)
2025-08-10 09:20:37,110 - INFO - Page 111 complete: 3 shows collected
2025-08-10 09:20:37,110 - INFO - 🔧 Running automatic venue data recovery...
2025-08-10 09:20:37,110 - INFO - 🔍 Starting venue data recovery...
2025-08-10 09:20:37,284 - INFO - ✅ No shows found with missing venue data!
2025-08-10 09:20:37,700 - INFO - Collection summary saved to: stage01-collected-data/jerrygarcia/collection_summary_pages_1_to_111.json
2025-08-26 18:14:11,211 - INFO - Starting collection from pages 1 to 111
2025-08-26 18:14:11,212 - INFO - Processing page 1
2025-08-26 18:14:12,801 - INFO - Found 21 shows on page 1
2025-08-26 18:14:12,809 - INFO - Page 1 complete: 21 shows collected
2025-08-26 18:14:12,809 - INFO - Processing page 2
2025-08-26 18:14:14,277 - INFO - Found 21 shows on page 2
2025-08-26 18:14:14,283 - INFO - Page 2 complete: 21 shows collected
2025-08-26 18:14:14,283 - INFO - Processing page 3
2025-08-26 18:14:16,079 - INFO - Found 21 shows on page 3
2025-08-26 18:14:16,087 - INFO - Page 3 complete: 21 shows collected
2025-08-26 18:14:16,087 - INFO - Processing page 4
2025-08-26 18:14:18,347 - INFO - Found 21 shows on page 4
2025-08-26 18:14:18,353 - INFO - Page 4 complete: 21 shows collected
2025-08-26 18:14:18,353 - INFO - Processing page 5
2025-08-26 18:14:20,219 - INFO - Found 21 shows on page 5
2025-08-26 18:14:20,228 - INFO - Page 5 complete: 21 shows collected
2025-08-26 18:14:20,229 - INFO - Processing page 6
2025-08-26 18:14:22,212 - INFO - Found 21 shows on page 6
2025-08-26 18:14:22,218 - INFO - Page 6 complete: 21 shows collected
2025-08-26 18:14:22,218 - INFO - Processing page 7
2025-08-26 18:14:24,224 - INFO - Found 21 shows on page 7
2025-08-26 18:14:24,230 - INFO - Page 7 complete: 21 shows collected
2025-08-26 18:14:24,230 - INFO - Processing page 8
2025-08-26 18:14:26,176 - INFO - Found 21 shows on page 8
2025-08-26 18:14:26,182 - INFO - Page 8 complete: 21 shows collected
2025-08-26 18:14:26,182 - INFO - Processing page 9
2025-08-26 18:14:28,196 - INFO - Found 21 shows on page 9
2025-08-26 18:14:28,202 - INFO - Page 9 complete: 21 shows collected
2025-08-26 18:14:28,202 - INFO - Processing page 10
2025-08-26 18:14:30,274 - INFO - Found 21 shows on page 10
2025-08-26 18:14:30,280 - INFO - Page 10 complete: 21 shows collected
2025-08-26 18:14:30,280 - INFO - Processing page 11
2025-08-26 18:14:32,201 - INFO - Found 21 shows on page 11
2025-08-26 18:14:32,206 - INFO - Page 11 complete: 21 shows collected
2025-08-26 18:14:32,207 - INFO - Processing page 12
2025-08-26 18:14:34,073 - INFO - Found 21 shows on page 12
2025-08-26 18:14:34,079 - INFO - Page 12 complete: 21 shows collected
2025-08-26 18:14:34,080 - INFO - Processing page 13
2025-08-26 18:14:36,363 - INFO - Found 21 shows on page 13
2025-08-26 18:14:36,369 - INFO - Page 13 complete: 21 shows collected
2025-08-26 18:14:36,369 - INFO - Processing page 14
2025-08-26 18:14:38,332 - INFO - Found 21 shows on page 14
2025-08-26 18:14:38,340 - INFO - Page 14 complete: 21 shows collected
2025-08-26 18:14:38,340 - INFO - Processing page 15
2025-08-26 18:14:40,206 - INFO - Found 21 shows on page 15
2025-08-26 18:14:40,213 - INFO - Page 15 complete: 21 shows collected
2025-08-26 18:14:40,213 - INFO - Processing page 16
2025-08-26 18:14:42,379 - INFO - Found 21 shows on page 16
2025-08-26 18:14:42,385 - INFO - Page 16 complete: 21 shows collected
2025-08-26 18:14:42,386 - INFO - Processing page 17
2025-08-26 18:14:44,296 - INFO - Found 21 shows on page 17
2025-08-26 18:14:44,304 - INFO - Page 17 complete: 21 shows collected
2025-08-26 18:14:44,304 - INFO - Processing page 18
2025-08-26 18:14:46,357 - INFO - Found 21 shows on page 18
2025-08-26 18:14:46,364 - INFO - Page 18 complete: 21 shows collected
2025-08-26 18:14:46,364 - INFO - Processing page 19
2025-08-26 18:14:48,573 - INFO - Found 21 shows on page 19
2025-08-26 18:14:48,584 - INFO - Page 19 complete: 21 shows collected
2025-08-26 18:14:48,584 - INFO - Processing page 20
2025-08-26 18:14:50,132 - INFO - Found 21 shows on page 20
2025-08-26 18:14:50,144 - INFO - Page 20 complete: 21 shows collected
2025-08-26 18:14:50,145 - INFO - Processing page 21
2025-08-26 18:14:52,239 - INFO - Found 21 shows on page 21
2025-08-26 18:14:52,249 - INFO - Page 21 complete: 21 shows collected
2025-08-26 18:14:52,250 - INFO - Processing page 22
2025-08-26 18:14:54,291 - INFO - Found 21 shows on page 22
2025-08-26 18:14:54,298 - INFO - Page 22 complete: 21 shows collected
2025-08-26 18:14:54,299 - INFO - Processing page 23
2025-08-26 18:14:56,239 - INFO - Found 21 shows on page 23
2025-08-26 18:14:56,249 - INFO - Page 23 complete: 21 shows collected
2025-08-26 18:14:56,249 - INFO - Processing page 24
2025-08-26 18:14:58,472 - INFO - Found 21 shows on page 24
2025-08-26 18:14:58,487 - INFO - Page 24 complete: 21 shows collected
2025-08-26 18:14:58,488 - INFO - Processing page 25
2025-08-26 18:15:00,264 - INFO - Found 21 shows on page 25
2025-08-26 18:15:00,277 - INFO - Page 25 complete: 21 shows collected
2025-08-26 18:15:00,277 - INFO - Processing page 26
2025-08-26 18:15:02,703 - INFO - Found 21 shows on page 26
2025-08-26 18:15:02,715 - INFO - Page 26 complete: 21 shows collected
2025-08-26 18:15:02,715 - INFO - Processing page 27
2025-08-26 18:15:04,419 - INFO - Found 21 shows on page 27
2025-08-26 18:15:04,431 - INFO - Page 27 complete: 21 shows collected
2025-08-26 18:15:04,431 - INFO - Processing page 28
2025-08-26 18:15:06,427 - INFO - Found 21 shows on page 28
2025-08-26 18:15:06,439 - INFO - Page 28 complete: 21 shows collected
2025-08-26 18:15:06,440 - INFO - Processing page 29
2025-08-26 18:15:08,174 - INFO - Found 21 shows on page 29
2025-08-26 18:15:08,189 - INFO - Page 29 complete: 21 shows collected
2025-08-26 18:15:08,190 - INFO - Processing page 30
2025-08-26 18:15:10,474 - INFO - Found 21 shows on page 30
2025-08-26 18:15:10,485 - INFO - Page 30 complete: 21 shows collected
2025-08-26 18:15:10,485 - INFO - Processing page 31
2025-08-26 18:15:12,302 - INFO - Found 21 shows on page 31
2025-08-26 18:15:12,313 - INFO - Page 31 complete: 21 shows collected
2025-08-26 18:15:12,313 - INFO - Processing page 32
2025-08-26 18:15:14,355 - INFO - Found 21 shows on page 32
2025-08-26 18:15:14,370 - INFO - Page 32 complete: 21 shows collected
2025-08-26 18:15:14,371 - INFO - Processing page 33
2025-08-26 18:15:16,517 - INFO - Found 21 shows on page 33
2025-08-26 18:15:16,530 - INFO - Page 33 complete: 21 shows collected
2025-08-26 18:15:16,531 - INFO - Processing page 34
2025-08-26 18:15:18,389 - INFO - Found 21 shows on page 34
2025-08-26 18:15:18,405 - INFO - Page 34 complete: 21 shows collected
2025-08-26 18:15:18,405 - INFO - Processing page 35
2025-08-26 18:15:20,586 - INFO - Found 21 shows on page 35
2025-08-26 18:15:20,602 - INFO - Page 35 complete: 21 shows collected
2025-08-26 18:15:20,602 - INFO - Processing page 36
2025-08-26 18:15:22,535 - INFO - Found 21 shows on page 36
2025-08-26 18:15:22,553 - INFO - Page 36 complete: 21 shows collected
2025-08-26 18:15:22,554 - INFO - Processing page 37
2025-08-26 18:15:24,704 - INFO - Found 21 shows on page 37
2025-08-26 18:15:24,718 - INFO - Page 37 complete: 21 shows collected
2025-08-26 18:15:24,719 - INFO - Processing page 38
2025-08-26 18:15:26,558 - INFO - Found 21 shows on page 38
2025-08-26 18:15:26,572 - INFO - Page 38 complete: 21 shows collected
2025-08-26 18:15:26,572 - INFO - Processing page 39
2025-08-26 18:15:28,521 - INFO - Found 21 shows on page 39
2025-08-26 18:15:28,540 - INFO - Page 39 complete: 21 shows collected
2025-08-26 18:15:28,540 - INFO - Processing page 40
2025-08-26 18:15:30,536 - INFO - Found 21 shows on page 40
2025-08-26 18:15:30,556 - INFO - Page 40 complete: 21 shows collected
2025-08-26 18:15:30,556 - INFO - Processing page 41
2025-08-26 18:15:32,453 - INFO - Found 21 shows on page 41
2025-08-26 18:15:32,463 - INFO - Page 41 complete: 21 shows collected
2025-08-26 18:15:32,463 - INFO - Processing page 42
2025-08-26 18:15:34,374 - INFO - Found 21 shows on page 42
2025-08-26 18:15:34,391 - INFO - Page 42 complete: 21 shows collected
2025-08-26 18:15:34,391 - INFO - Processing page 43
2025-08-26 18:15:36,246 - INFO - Found 21 shows on page 43
2025-08-26 18:15:36,263 - INFO - Page 43 complete: 21 shows collected
2025-08-26 18:15:36,263 - INFO - Processing page 44
2025-08-26 18:15:38,518 - INFO - Found 21 shows on page 44
2025-08-26 18:15:38,531 - INFO - Page 44 complete: 21 shows collected
2025-08-26 18:15:38,531 - INFO - Processing page 45
2025-08-26 18:15:40,426 - INFO - Found 21 shows on page 45
2025-08-26 18:15:40,441 - INFO - Page 45 complete: 21 shows collected
2025-08-26 18:15:40,441 - INFO - Processing page 46
2025-08-26 18:15:42,471 - INFO - Found 21 shows on page 46
2025-08-26 18:15:42,486 - INFO - Page 46 complete: 21 shows collected
2025-08-26 18:15:42,486 - INFO - Processing page 47
2025-08-26 18:15:44,307 - INFO - Found 21 shows on page 47
2025-08-26 18:15:44,322 - INFO - Page 47 complete: 21 shows collected
2025-08-26 18:15:44,322 - INFO - Processing page 48
2025-08-26 18:15:46,438 - INFO - Found 21 shows on page 48
2025-08-26 18:15:46,452 - INFO - Page 48 complete: 21 shows collected
2025-08-26 18:15:46,452 - INFO - Processing page 49
2025-08-26 18:15:48,293 - INFO - Found 21 shows on page 49
2025-08-26 18:15:48,306 - INFO - Page 49 complete: 21 shows collected
2025-08-26 18:15:48,307 - INFO - Processing page 50
2025-08-26 18:15:50,380 - INFO - Found 21 shows on page 50
2025-08-26 18:15:50,426 - INFO - Page 50 complete: 21 shows collected
2025-08-26 18:15:50,427 - INFO - Processing page 51
2025-08-26 18:15:52,358 - INFO - Found 21 shows on page 51
2025-08-26 18:15:52,374 - INFO - Page 51 complete: 21 shows collected
2025-08-26 18:15:52,374 - INFO - Processing page 52
2025-08-26 18:15:54,396 - INFO - Found 21 shows on page 52
2025-08-26 18:15:54,409 - INFO - Page 52 complete: 21 shows collected
2025-08-26 18:15:54,410 - INFO - Processing page 53
2025-08-26 18:15:56,388 - INFO - Found 21 shows on page 53
2025-08-26 18:15:56,408 - INFO - Page 53 complete: 21 shows collected
2025-08-26 18:15:56,409 - INFO - Processing page 54
2025-08-26 18:15:58,513 - INFO - Found 21 shows on page 54
2025-08-26 18:15:58,529 - INFO - Page 54 complete: 21 shows collected
2025-08-26 18:15:58,529 - INFO - Processing page 55
2025-08-26 18:16:00,340 - INFO - Found 21 shows on page 55
2025-08-26 18:16:00,354 - INFO - Page 55 complete: 21 shows collected
2025-08-26 18:16:00,354 - INFO - Processing page 56
2025-08-26 18:16:02,478 - INFO - Found 21 shows on page 56
2025-08-26 18:16:02,496 - INFO - Page 56 complete: 21 shows collected
2025-08-26 18:16:02,497 - INFO - Processing page 57
2025-08-26 18:16:04,466 - INFO - Found 21 shows on page 57
2025-08-26 18:16:04,480 - INFO - Page 57 complete: 21 shows collected
2025-08-26 18:16:04,480 - INFO - Processing page 58
2025-08-26 18:16:06,314 - INFO - Found 21 shows on page 58
2025-08-26 18:16:06,329 - INFO - Page 58 complete: 21 shows collected
2025-08-26 18:16:06,329 - INFO - Processing page 59
2025-08-26 18:16:08,375 - INFO - Found 21 shows on page 59
2025-08-26 18:16:08,398 - INFO - Page 59 complete: 21 shows collected
2025-08-26 18:16:08,398 - INFO - Processing page 60
2025-08-26 18:16:10,285 - INFO - Found 21 shows on page 60
2025-08-26 18:16:10,299 - INFO - Page 60 complete: 21 shows collected
2025-08-26 18:16:10,299 - INFO - Processing page 61
2025-08-26 18:16:12,281 - INFO - Found 21 shows on page 61
2025-08-26 18:16:12,303 - INFO - Page 61 complete: 21 shows collected
2025-08-26 18:16:12,304 - INFO - Processing page 62
2025-08-26 18:16:14,315 - INFO - Found 21 shows on page 62
2025-08-26 18:16:14,330 - INFO - Page 62 complete: 21 shows collected
2025-08-26 18:16:14,330 - INFO - Processing page 63
2025-08-26 18:16:16,442 - INFO - Found 21 shows on page 63
2025-08-26 18:16:16,461 - INFO - Page 63 complete: 21 shows collected
2025-08-26 18:16:16,462 - INFO - Processing page 64
2025-08-26 18:16:18,419 - INFO - Found 21 shows on page 64
2025-08-26 18:16:18,438 - INFO - Page 64 complete: 21 shows collected
2025-08-26 18:16:18,439 - INFO - Processing page 65
2025-08-26 18:16:20,388 - INFO - Found 21 shows on page 65
2025-08-26 18:16:20,402 - INFO - Page 65 complete: 21 shows collected
2025-08-26 18:16:20,402 - INFO - Processing page 66
2025-08-26 18:16:22,481 - INFO - Found 21 shows on page 66
2025-08-26 18:16:22,495 - INFO - Page 66 complete: 21 shows collected
2025-08-26 18:16:22,495 - INFO - Processing page 67
2025-08-26 18:16:24,280 - INFO - Found 21 shows on page 67
2025-08-26 18:16:24,302 - INFO - Page 67 complete: 21 shows collected
2025-08-26 18:16:24,302 - INFO - Processing page 68
2025-08-26 18:16:26,430 - INFO - Found 21 shows on page 68
2025-08-26 18:16:26,444 - INFO - Page 68 complete: 21 shows collected
2025-08-26 18:16:26,444 - INFO - Processing page 69
2025-08-26 18:16:28,422 - INFO - Found 21 shows on page 69
2025-08-26 18:16:28,436 - INFO - Page 69 complete: 21 shows collected
2025-08-26 18:16:28,436 - INFO - Processing page 70
2025-08-26 18:16:30,391 - INFO - Found 21 shows on page 70
2025-08-26 18:16:30,407 - INFO - Page 70 complete: 21 shows collected
2025-08-26 18:16:30,407 - INFO - Processing page 71
2025-08-26 18:16:32,296 - INFO - Found 21 shows on page 71
2025-08-26 18:16:32,322 - INFO - Page 71 complete: 21 shows collected
2025-08-26 18:16:32,323 - INFO - Processing page 72
2025-08-26 18:16:34,269 - INFO - Found 21 shows on page 72
2025-08-26 18:16:34,282 - INFO - Page 72 complete: 21 shows collected
2025-08-26 18:16:34,283 - INFO - Processing page 73
2025-08-26 18:16:36,295 - INFO - Found 21 shows on page 73
2025-08-26 18:16:36,309 - INFO - Page 73 complete: 21 shows collected
2025-08-26 18:16:36,310 - INFO - Processing page 74
2025-08-26 18:16:38,338 - INFO - Found 21 shows on page 74
2025-08-26 18:16:38,352 - INFO - Page 74 complete: 21 shows collected
2025-08-26 18:16:38,352 - INFO - Processing page 75
2025-08-26 18:16:40,325 - INFO - Found 21 shows on page 75
2025-08-26 18:16:40,341 - INFO - Page 75 complete: 21 shows collected
2025-08-26 18:16:40,341 - INFO - Processing page 76
2025-08-26 18:16:42,515 - INFO - Found 21 shows on page 76
2025-08-26 18:16:42,532 - INFO - Page 76 complete: 21 shows collected
2025-08-26 18:16:42,532 - INFO - Processing page 77
2025-08-26 18:16:44,588 - INFO - Found 21 shows on page 77
2025-08-26 18:16:44,614 - INFO - Page 77 complete: 21 shows collected
2025-08-26 18:16:44,614 - INFO - Processing page 78
2025-08-26 18:16:46,697 - INFO - Found 21 shows on page 78
2025-08-26 18:16:46,713 - INFO - Page 78 complete: 21 shows collected
2025-08-26 18:16:46,714 - INFO - Processing page 79
2025-08-26 18:16:48,268 - INFO - Found 21 shows on page 79
2025-08-26 18:16:48,286 - INFO - Page 79 complete: 21 shows collected
2025-08-26 18:16:48,286 - INFO - Processing page 80
2025-08-26 18:16:50,588 - INFO - Found 21 shows on page 80
2025-08-26 18:16:50,603 - INFO - Page 80 complete: 21 shows collected
2025-08-26 18:16:50,604 - INFO - Processing page 81
2025-08-26 18:16:52,390 - INFO - Found 21 shows on page 81
2025-08-26 18:16:52,404 - INFO - Page 81 complete: 21 shows collected
2025-08-26 18:16:52,405 - INFO - Processing page 82
2025-08-26 18:16:54,398 - INFO - Found 21 shows on page 82
2025-08-26 18:16:54,411 - INFO - Page 82 complete: 21 shows collected
2025-08-26 18:16:54,411 - INFO - Processing page 83
2025-08-26 18:16:56,269 - INFO - Found 21 shows on page 83
2025-08-26 18:16:56,284 - INFO - Page 83 complete: 21 shows collected
2025-08-26 18:16:56,285 - INFO - Processing page 84
2025-08-26 18:16:58,267 - INFO - Found 21 shows on page 84
2025-08-26 18:16:58,284 - INFO - Page 84 complete: 21 shows collected
2025-08-26 18:16:58,284 - INFO - Processing page 85
2025-08-26 18:17:00,506 - INFO - Found 21 shows on page 85
2025-08-26 18:17:00,521 - INFO - Page 85 complete: 21 shows collected
2025-08-26 18:17:00,521 - INFO - Processing page 86
2025-08-26 18:17:02,348 - INFO - Found 21 shows on page 86
2025-08-26 18:17:02,363 - INFO - Page 86 complete: 21 shows collected
2025-08-26 18:17:02,363 - INFO - Processing page 87
2025-08-26 18:17:04,814 - INFO - Found 21 shows on page 87
2025-08-26 18:17:04,834 - INFO - Page 87 complete: 21 shows collected
2025-08-26 18:17:04,834 - INFO - Processing page 88
2025-08-26 18:17:06,490 - INFO - Found 21 shows on page 88
2025-08-26 18:17:06,506 - INFO - Page 88 complete: 21 shows collected
2025-08-26 18:17:06,506 - INFO - Processing page 89
2025-08-26 18:17:08,303 - INFO - Found 21 shows on page 89
2025-08-26 18:17:08,315 - INFO - Page 89 complete: 21 shows collected
2025-08-26 18:17:08,315 - INFO - Processing page 90
2025-08-26 18:17:10,367 - INFO - Found 21 shows on page 90
2025-08-26 18:17:10,382 - INFO - Page 90 complete: 21 shows collected
2025-08-26 18:17:10,383 - INFO - Processing page 91
2025-08-26 18:17:12,505 - INFO - Found 21 shows on page 91
2025-08-26 18:17:12,523 - INFO - Page 91 complete: 21 shows collected
2025-08-26 18:17:12,523 - INFO - Processing page 92
2025-08-26 18:17:14,531 - INFO - Found 21 shows on page 92
2025-08-26 18:17:14,556 - INFO - Page 92 complete: 21 shows collected
2025-08-26 18:17:14,557 - INFO - Processing page 93
2025-08-26 18:17:16,498 - INFO - Found 21 shows on page 93
2025-08-26 18:17:16,518 - INFO - Page 93 complete: 21 shows collected
2025-08-26 18:17:16,518 - INFO - Processing page 94
2025-08-26 18:17:18,463 - INFO - Found 21 shows on page 94
2025-08-26 18:17:18,478 - INFO - Page 94 complete: 21 shows collected
2025-08-26 18:17:18,478 - INFO - Processing page 95
2025-08-26 18:17:20,221 - INFO - Found 21 shows on page 95
2025-08-26 18:17:20,237 - INFO - Page 95 complete: 21 shows collected
2025-08-26 18:17:20,237 - INFO - Processing page 96
2025-08-26 18:17:22,303 - INFO - Found 21 shows on page 96
2025-08-26 18:17:22,316 - INFO - Page 96 complete: 21 shows collected
2025-08-26 18:17:22,317 - INFO - Processing page 97
2025-08-26 18:17:24,902 - INFO - Found 21 shows on page 97
2025-08-26 18:17:24,920 - INFO - Page 97 complete: 21 shows collected
2025-08-26 18:17:24,920 - INFO - Processing page 98
2025-08-26 18:17:26,547 - INFO - Found 21 shows on page 98
2025-08-26 18:17:26,560 - INFO - Page 98 complete: 21 shows collected
2025-08-26 18:17:26,561 - INFO - Processing page 99
2025-08-26 18:17:28,548 - INFO - Found 21 shows on page 99
2025-08-26 18:17:28,572 - INFO - Page 99 complete: 21 shows collected
2025-08-26 18:17:28,573 - INFO - Processing page 100
2025-08-26 18:17:30,727 - INFO - Found 21 shows on page 100
2025-08-26 18:17:30,743 - INFO - Page 100 complete: 21 shows collected
2025-08-26 18:17:30,743 - INFO - Processing page 101
2025-08-26 18:17:32,187 - INFO - Found 21 shows on page 101
2025-08-26 18:17:32,203 - INFO - Page 101 complete: 21 shows collected
2025-08-26 18:17:32,203 - INFO - Processing page 102
2025-08-26 18:17:34,442 - INFO - Found 21 shows on page 102
2025-08-26 18:17:34,457 - INFO - Page 102 complete: 21 shows collected
2025-08-26 18:17:34,457 - INFO - Processing page 103
2025-08-26 18:17:36,329 - INFO - Found 21 shows on page 103
2025-08-26 18:17:36,344 - INFO - Page 103 complete: 21 shows collected
2025-08-26 18:17:36,345 - INFO - Processing page 104
2025-08-26 18:17:38,340 - INFO - Found 21 shows on page 104
2025-08-26 18:17:38,355 - INFO - Page 104 complete: 21 shows collected
2025-08-26 18:17:38,355 - INFO - Processing page 105
2025-08-26 18:17:40,497 - INFO - Found 21 shows on page 105
2025-08-26 18:17:40,510 - INFO - Page 105 complete: 21 shows collected
2025-08-26 18:17:40,510 - INFO - Processing page 106
2025-08-26 18:17:43,426 - INFO - Found 21 shows on page 106
2025-08-26 18:17:43,439 - INFO - Page 106 complete: 21 shows collected
2025-08-26 18:17:43,439 - INFO - Processing page 107
2025-08-26 18:17:44,742 - INFO - Found 21 shows on page 107
2025-08-26 18:17:44,756 - INFO - Page 107 complete: 21 shows collected
2025-08-26 18:17:44,757 - INFO - Processing page 108
2025-08-26 18:17:46,494 - INFO - Found 21 shows on page 108
2025-08-26 18:17:46,507 - INFO - Page 108 complete: 21 shows collected
2025-08-26 18:17:46,507 - INFO - Processing page 109
2025-08-26 18:17:48,447 - INFO - Found 21 shows on page 109
2025-08-26 18:17:48,466 - INFO - Page 109 complete: 21 shows collected
2025-08-26 18:17:48,467 - INFO - Processing page 110
2025-08-26 18:17:50,448 - INFO - Found 21 shows on page 110
2025-08-26 18:17:50,465 - INFO - Page 110 complete: 21 shows collected
2025-08-26 18:17:50,466 - INFO - Processing page 111
2025-08-26 18:17:52,371 - INFO - Found 3 shows on page 111
2025-08-26 18:17:52,375 - INFO - Page 111 complete: 3 shows collected
2025-08-26 18:17:52,375 - INFO - 🔧 Running automatic venue data recovery...
2025-08-26 18:17:52,375 - INFO - 🔍 Starting venue data recovery...
2025-08-26 18:17:52,517 - INFO - ✅ No shows found with missing venue data!
2025-08-26 18:17:52,850 - INFO - Collection summary saved to: stage01-collected-data/jerrygarcia/collection_summary_pages_1_to_111.json
2026-02-15 07:14:22,271 - INFO - Starting image collection for 2313 shows (download=True)
2026-02-15 07:16:00,798 - INFO - Progress: 50/2313 shows (50 processed, 0 skipped, 0 errors) — 1827 shows/hour
2026-02-15 07:16:29,044 - INFO -   1966-09-16-avalon-ballroom-san-francisco-ca-usa: tickets=1 (found), photos=0 (empty)
2026-02-15 07:16:32,374 - INFO -   1966-09-17-avalon-ballroom-san-francisco-ca-usa: tickets=1 (found), photos=0 (empty)
2026-02-15 07:17:44,492 - INFO - Progress: 100/2313 shows (100 processed, 0 skipped, 0 errors) — 1780 shows/hour
2026-02-15 07:17:54,625 - INFO -   1966-12-30-fillmore-auditorium-san-francisco-ca-usa: tickets=1 (found), photos=0 (empty)
2026-02-15 07:19:26,824 - INFO - Progress: 150/2313 shows (150 processed, 0 skipped, 0 errors) — 1773 shows/hour
2026-02-15 07:19:40,341 - INFO -   1967-05-18-awalt-high-school-mountain-view-ca-usa: tickets=1 (found), photos=0 (empty)
2026-02-15 07:21:00,348 - INFO -   1967-08-05-okeefe-center-toronto-ontario-canada-early-show: tickets=1 (found), photos=0 (empty)
2026-02-15 07:21:10,895 - INFO - Progress: 200/2313 shows (200 processed, 0 skipped, 0 errors) — 1762 shows/hour
2026-02-15 07:22:50,848 - INFO - Progress: 250/2313 shows (250 processed, 0 skipped, 0 errors) — 1770 shows/hour
2026-02-15 07:23:00,609 - INFO -   1968-03-16-carousel-ballroom-san-francisco-ca-usa: tickets=1 (found), photos=0 (empty)
2026-02-15 07:23:03,023 - WARNING - Got 500 but response contains HTML, attempting to parse: https://jerrygarcia.com/show/1968-03-17-carousel-ballroom-san-francisco-ca-usa/
2026-02-15 07:23:03,040 - INFO - ✅ Successfully parsed show data despite 500 error: https://jerrygarcia.com/show/1968-03-17-carousel-ballroom-san-francisco-ca-usa/
2026-02-15 07:23:10,685 - INFO -   1968-03-29-carousel-ballroom-san-francisco-ca-usa: tickets=1 (found), photos=0 (empty)
2026-02-15 07:24:08,760 - INFO -   1968-05-24-national-guard-armory-st-louis-mo-usa: tickets=1 (found), photos=0 (empty)
2026-02-15 07:24:24,570 - INFO -   1968-06-08-carousel-ballroom-san-francisco-ca-usa: tickets=1 (found), photos=0 (empty)
2026-02-15 07:24:38,791 - INFO - Progress: 300/2313 shows (300 processed, 0 skipped, 0 errors) — 1752 shows/hour
2026-02-15 07:24:56,588 - INFO -   1968-08-04-orange-county-fairgrounds-costa-mesa-ca-usa: tickets=1 (found), photos=0 (empty)
2026-02-15 07:25:00,638 - INFO -   1968-08-20-fillmore-west-san-francisco-ca-usa: tickets=1 (found), photos=0 (empty)
2026-02-15 07:25:04,364 - INFO -   1968-08-21-fillmore-west-san-francisco-ca-usa: tickets=1 (found), photos=0 (empty)
2026-02-15 07:25:08,640 - INFO -   1968-08-22-fillmore-west-san-francisco-ca-usa: tickets=1 (found), photos=0 (empty)
2026-02-15 07:25:48,650 - INFO -   1968-11-07-fillmore-west-san-francisco-ca-usa: tickets=1 (found), photos=0 (empty)
2026-02-15 07:25:54,651 - INFO -   1968-11-09-fillmore-west-san-francisco-ca-usa: tickets=1 (found), photos=0 (empty)
2026-02-15 07:25:58,651 - INFO -   1968-11-10-fillmore-west-san-francisco-ca-usa: tickets=1 (found), photos=0 (empty)
2026-02-15 07:26:32,598 - INFO - Progress: 350/2313 shows (350 processed, 0 skipped, 0 errors) — 1725 shows/hour
2026-02-15 07:26:36,687 - INFO -   1968-12-31-winterland-arena-san-francisco-ca-usa: tickets=1 (found), photos=0 (empty)
2026-02-15 07:26:40,648 - INFO -   1969-01-02-fillmore-west-san-francisco-ca-usa: tickets=1 (found), photos=0 (empty)
2026-02-15 07:26:44,592 - INFO -   1969-01-03-fillmore-west-san-francisco-ca-usa: tickets=1 (found), photos=0 (empty)
2026-02-15 07:26:48,592 - INFO -   1969-01-04-fillmore-west-san-francisco-ca-usa: tickets=1 (found), photos=0 (empty)
2026-02-15 07:27:48,667 - INFO -   1969-02-28-fillmore-west-san-francisco-ca-usa: tickets=1 (found), photos=0 (empty)
2026-02-15 07:27:52,621 - INFO -   1969-03-01-fillmore-west-san-francisco-ca-usa: tickets=1 (found), photos=0 (empty)
2026-02-15 07:28:24,869 - INFO - Progress: 400/2313 shows (400 processed, 0 skipped, 0 errors) — 1709 shows/hour
2026-02-15 07:28:28,597 - INFO -   1969-04-17-washington-u-st-louis-mo-usa: tickets=1 (found), photos=0 (empty)
2026-02-15 07:28:48,741 - INFO -   1969-05-02-winterland-arena-san-francisco-ca-usa: tickets=1 (found), photos=0 (empty)
2026-02-15 07:28:54,666 - INFO -   1969-05-03-winterland-arena-san-francisco-ca-usa: tickets=1 (found), photos=0 (empty)
2026-02-15 07:29:12,387 - INFO -   1969-05-28-winterland-arena-san-francisco-ca-usa: tickets=1 (found), photos=0 (empty)
2026-02-15 07:29:18,669 - INFO -   1969-05-30-springers-inn-portland-or-usa: tickets=1 (found), photos=0 (empty)
2026-02-15 07:29:24,693 - INFO -   1969-06-05-fillmore-west-san-francisco-ca-usa: tickets=1 (found), photos=0 (empty)
2026-02-15 07:29:28,623 - INFO -   1969-06-06-fillmore-west-san-francisco-ca-usa: tickets=1 (found), photos=0 (empty)
2026-02-15 07:29:32,717 - INFO -   1969-06-07-fillmore-west-san-francisco-ca-usa: tickets=1 (found), photos=0 (empty)
2026-02-15 07:29:36,745 - INFO -   1969-06-08-fillmore-west-san-francisco-ca-usa: tickets=1 (found), photos=0 (empty)
2026-02-15 07:29:46,389 - INFO -   1969-06-20-fillmore-east-new-york-ny-usa: tickets=1 (found), photos=0 (empty)
2026-02-15 07:30:18,669 - INFO -   1969-07-16-longshoremans-hall-san-francisco-ca-usa: tickets=1 (found), photos=0 (empty)
2026-02-15 07:30:28,396 - INFO -   1969-08-16-max-yasgurs-farm-bethel-ny-usa: tickets=2 (found), photos=0 (empty)
2026-02-15 07:30:30,586 - INFO - Progress: 450/2313 shows (450 processed, 0 skipped, 0 errors) — 1673 shows/hour
2026-02-15 07:31:16,401 - INFO -   1969-10-24-winterland-arena-san-francisco-ca-usa: tickets=1 (found), photos=0 (empty)
2026-02-15 07:31:20,670 - INFO -   1969-10-25-winterland-arena-san-francisco-ca-usa: tickets=1 (found), photos=0 (empty)
2026-02-15 07:31:40,625 - INFO -   1969-12-04-fillmore-west-san-francisco-ca-usa: tickets=1 (found), photos=0 (empty)
2026-02-15 07:31:44,621 - INFO -   1969-12-05-fillmore-west-san-francisco-ca-usa: tickets=1 (found), photos=0 (empty)
2026-02-15 07:31:48,663 - INFO -   1969-12-07-fillmore-west-san-francisco-ca-usa: tickets=1 (found), photos=0 (empty)
2026-02-15 07:32:18,406 - INFO -   1970-01-02-fillmore-east-new-york-ny-usa-early-show: tickets=2 (found), photos=0 (empty)
2026-02-15 07:32:24,403 - INFO -   1970-01-03-fillmore-east-new-york-ny-usa-early-show: tickets=1 (found), photos=0 (empty)
2026-02-15 07:32:26,598 - INFO - Progress: 500/2313 shows (500 processed, 0 skipped, 0 errors) — 1660 shows/hour
2026-02-15 07:32:52,403 - INFO -   1970-02-05-fillmore-west-san-francisco-ca-usa: tickets=1 (found), photos=0 (empty)
2026-02-15 07:32:56,404 - INFO -   1970-02-06-fillmore-west-san-francisco-ca-usa: tickets=1 (found), photos=0 (empty)
2026-02-15 07:33:00,634 - INFO -   1970-02-07-fillmore-west-san-francisco-ca-usa: tickets=1 (found), photos=0 (empty)
2026-02-15 07:33:04,648 - INFO -   1970-02-08-fillmore-west-san-francisco-ca-usa: tickets=1 (found), photos=0 (empty)
2026-02-15 07:33:18,414 - INFO -   1970-02-14-fillmore-east-new-york-ny-usa-early-show: tickets=1 (found), photos=0 (empty)
2026-02-15 07:33:56,628 - INFO -   1970-04-09-fillmore-west-san-francisco-ca-usa: tickets=1 (found), photos=0 (empty)
2026-02-15 07:34:02,632 - INFO -   1970-04-11-fillmore-west-san-francisco-ca-usa: tickets=1 (found), photos=0 (empty)
2026-02-15 07:34:06,631 - INFO -   1970-04-12-fillmore-west-san-francisco-ca-usa: tickets=1 (found), photos=0 (empty)
2026-02-15 07:34:22,630 - INFO - Progress: 550/2313 shows (550 processed, 0 skipped, 0 errors) — 1650 shows/hour
2026-02-15 07:34:32,671 - INFO -   1970-05-10-sports-arena-atlanta-ga-usa: tickets=1 (found), photos=0 (empty)
2026-02-15 07:34:38,647 - INFO -   1970-05-15-fillmore-east-new-york-ny-usa-early-show: tickets=1 (found), photos=0 (empty)
2026-02-15 07:34:52,665 - INFO -   1970-06-05-fillmore-west-san-francisco-ca-usa: tickets=1 (found), photos=0 (empty)
2026-02-15 07:34:56,420 - INFO -   1970-06-06-fillmore-west-san-francisco-ca-usa: tickets=1 (found), photos=0 (empty)
2026-02-15 07:34:58,893 - WARNING - Got 500 but response contains HTML, attempting to parse: https://jerrygarcia.com/show/1970-06-07-fillmore-west-san-francisco-ca-usa/
2026-02-15 07:34:58,930 - INFO - ✅ Successfully parsed show data despite 500 error: https://jerrygarcia.com/show/1970-06-07-fillmore-west-san-francisco-ca-usa/
2026-02-15 07:35:12,419 - INFO -   1970-06-24-capitol-theater-port-chester-ny-usa: tickets=1 (found), photos=0 (empty)
2026-02-15 07:35:22,676 - INFO -   1970-07-03-mcmahon-stadium-calgary-alberta-canada: tickets=1 (found), photos=0 (empty)
2026-02-15 07:35:32,421 - INFO -   1970-07-11-fillmore-east-new-york-ny-usa: tickets=1 (found), photos=0 (empty)
2026-02-15 07:35:50,644 - INFO -   1970-08-17-fillmore-west-san-francisco-ca-usa: tickets=1 (found), photos=0 (empty)
2026-02-15 07:35:54,773 - INFO -   1970-08-18-fillmore-west-san-francisco-ca-usa: tickets=1 (found), photos=0 (empty)
2026-02-15 07:35:58,471 - INFO -   1970-08-19-fillmore-west-san-francisco-ca-usa: tickets=1 (found), photos=0 (empty)
2026-02-15 07:36:08,671 - INFO -   1970-09-17-fillmore-east-new-york-ny-usa: tickets=1 (found), photos=0 (empty)
2026-02-15 07:36:12,420 - INFO -   1970-09-18-fillmore-east-new-york-ny-usa: tickets=1 (found), photos=0 (empty)
2026-02-15 07:36:26,899 - INFO - Progress: 600/2313 shows (600 processed, 0 skipped, 0 errors) — 1631 shows/hour
2026-02-15 07:36:30,670 - INFO -   1970-10-11-marion-shea-aud-paterson-state-col-wayne-nj-usa: tickets=1 (found), photos=0 (empty)
2026-02-15 07:36:42,776 - INFO -   1970-10-23-mcdonough-arena-georgetown-u-washington-dc-usa: tickets=1 (found), photos=0 (empty)
2026-02-15 07:36:50,659 - INFO -   1970-10-30-gym-s-u-n-y-stony-brook-ny-usa: tickets=1 (found), photos=0 (empty)
2026-02-15 07:36:56,667 - INFO -   1970-10-31-gym-s-u-n-y-stony-brook-ny-usa-early-show: tickets=2 (found), photos=0 (empty)
2026-02-15 07:37:24,644 - INFO -   1970-11-20-the-palestra-u-of-rochester-rochester-ny-usa: tickets=1 (found), photos=0 (empty)
2026-02-15 07:37:32,721 - INFO -   1970-11-23-anderson-theater-new-york-ny-usa: tickets=1 (found), photos=0 (empty)
2026-02-15 07:38:12,656 - INFO -   1971-03-03-fillmore-west-san-francisco-ca-usa: tickets=1 (found), photos=0 (empty)
2026-02-15 07:38:22,652 - INFO -   1971-03-17-fox-theatre-st-louis-mo-usa: tickets=1 (found), photos=0 (empty)
2026-02-15 07:38:24,904 - INFO - Progress: 650/2313 shows (650 processed, 0 skipped, 0 errors) — 1622 shows/hour
2026-02-15 07:38:34,676 - INFO -   1971-04-04-manhattan-center-new-york-ny-usa: tickets=1 (found), photos=0 (empty)
2026-02-15 07:38:38,686 - INFO -   1971-04-05-manhattan-center-new-york-ny-usa: tickets=1 (found), photos=0 (empty)
2026-02-15 07:38:42,651 - INFO -   1971-04-06-manhattan-center-new-york-ny-usa: tickets=1 (found), photos=0 (empty)
2026-02-15 07:38:58,697 - INFO -   1971-04-15-allegheny-state-college-meadvllle-pa-usa: tickets=1 (found), photos=0 (empty)
2026-02-15 07:39:04,736 - INFO -   1971-04-18-lusk-field-house-s-u-c-n-y-cortland-ny-usa: tickets=1 (found), photos=0 (empty)
2026-02-15 07:39:08,681 - INFO -   1971-04-21-rhode-island-auditorium-providence-ri-usa: tickets=1 (found), photos=0 (empty)
2026-02-15 07:39:18,688 - INFO -   1971-04-26-fillmore-east-new-york-ny-usa: tickets=1 (found), photos=0 (empty)
2026-02-15 07:39:24,698 - INFO -   1971-04-28-fillmore-east-new-york-ny-usa: tickets=1 (found), photos=0 (empty)
2026-02-15 07:39:28,712 - INFO -   1971-04-29-fillmore-east-new-york-ny-usa: tickets=1 (found), photos=0 (empty)
2026-02-15 07:39:32,724 - INFO -   1971-05-29-winterland-arena-san-francisco-ca-usa: tickets=1 (found), photos=0 (empty)
2026-02-15 07:39:42,677 - INFO -   1971-07-31-yale-bowl-yale-u-new-haven-ct-usa: tickets=1 (found), photos=0 (empty)
2026-02-15 07:39:48,702 - INFO -   1971-08-05-hollywood-palladium-hollywood-ca-usa: tickets=1 (found), photos=0 (empty)
2026-02-15 07:39:52,689 - INFO -   1971-08-06-hollywood-palladium-hollywood-ca-usa: tickets=1 (found), photos=0 (empty)
2026-02-15 07:40:06,710 - INFO -   1971-08-26-gaelic-park-bronx-ny-usa: tickets=1 (found), photos=0 (empty)
2026-02-15 07:40:20,694 - INFO -   1971-10-26-the-palestra-u-of-rochester-rochester-ny-usa: tickets=1 (found), photos=0 (empty)
2026-02-15 07:40:24,680 - INFO -   1971-10-27-onondaga-county-war-memorial-syracuse-ny-usa: tickets=1 (found), photos=0 (empty)
2026-02-15 07:40:32,693 - INFO -   1971-10-31-ohio-theatre-columbus-oh-usa: tickets=1 (found), photos=0 (empty)
2026-02-15 07:40:38,987 - INFO - Progress: 700/2313 shows (700 processed, 0 skipped, 0 errors) — 1598 shows/hour
2026-02-15 07:40:44,808 - INFO -   1971-11-14-texas-christian-u-fort-worth-tx-usa: tickets=1 (found), photos=0 (empty)
2026-02-15 07:40:58,447 - INFO -   1971-12-04-felt-forum-new-york-ny-usa: tickets=1 (found), photos=0 (empty)
2026-02-15 07:41:03,010 - INFO -   1971-12-05-felt-forum-new-york-ny-usa: tickets=1 (found), photos=0 (empty)
2026-02-15 07:41:06,884 - INFO -   1971-12-06-felt-forum-new-york-ny-usa: tickets=1 (found), photos=0 (empty)
2026-02-15 07:41:10,446 - INFO -   1971-12-07-felt-forum-new-york-ny-usa: tickets=1 (found), photos=0 (empty)
2026-02-15 07:41:16,662 - INFO -   1971-12-10-fox-theatre-st-louis-mo-usa: tickets=1 (found), photos=0 (empty)
2026-02-15 07:41:20,733 - INFO -   1971-12-14-hill-auditorium-ann-arbor-mi-usa: tickets=1 (found), photos=0 (empty)
2026-02-15 07:41:28,451 - INFO -   1972-01-02-winterland-arena-san-francisco-ca-usa: tickets=1 (found), photos=0 (empty)
2026-02-15 07:41:38,753 - INFO -   1972-03-23-academy-of-music-new-york-ny-usa: tickets=1 (found), photos=0 (empty)
2026-02-15 07:41:42,446 - INFO -   1972-03-25-academy-of-music-new-york-ny-usa: tickets=1 (found), photos=0 (empty)
2026-02-15 07:41:46,671 - INFO -   1972-03-26-academy-of-music-new-york-ny-usa: tickets=1 (found), photos=0 (empty)
2026-02-15 07:41:54,451 - INFO -   1972-04-07-wembley-empire-pool-london-england: tickets=1 (found), photos=0 (empty)
2026-02-15 07:42:00,689 - INFO -   1972-04-08-wembley-empire-pool-london-england: tickets=2 (found), photos=0 (empty)
2026-02-15 07:42:04,677 - INFO -   1972-04-11-newcastle-city-hall-newcastle-england: tickets=1 (found), photos=0 (empty)
2026-02-15 07:42:08,450 - INFO -   1972-04-14-tivoli-theater-copenhagen-denmark: tickets=1 (found), photos=0 (empty)
2026-02-15 07:42:18,743 - INFO -   1972-04-24-rheinhalle-duesseldorf-germany: tickets=1 (found), photos=0 (empty)
2026-02-15 07:42:22,699 - INFO -   1972-04-26-jahrhundert-halle-frankfurt-germany: tickets=1 (found), photos=0 (empty)
2026-02-15 07:42:26,450 - INFO -   1972-04-29-musikhalle-hamburg-hamburg: tickets=1 (found), photos=0 (empty)
2026-02-15 07:42:34,749 - INFO -   1972-05-07-bickershaw-festival-wigan-england: tickets=1 (found), photos=0 (empty)
2026-02-15 07:42:46,721 - INFO -   1972-05-18-kongressaal-deutsches-museum-muenchen-germany: tickets=1 (found), photos=0 (empty)
2026-02-15 07:42:50,699 - INFO -   1972-05-23-the-strand-lyceum-london-england: tickets=1 (found), photos=0 (empty)
2026-02-15 07:43:04,751 - INFO -   1972-07-16-dillon-stadium-hartford-ct-usa: tickets=2 (found), photos=0 (empty)
2026-02-15 07:43:06,976 - INFO - Progress: 750/2313 shows (750 processed, 0 skipped, 0 errors) — 1565 shows/hour
2026-02-15 07:43:26,781 - INFO -   1972-08-24-berkeley-community-theater-berkeley-ca-usa: tickets=1 (found), photos=0 (empty)
2026-02-15 07:43:32,457 - INFO -   1972-08-27-old-renaissance-faire-grounds-veneta-or-usa: tickets=1 (found), photos=0 (empty)
2026-02-15 07:43:38,739 - INFO -   1972-09-09-hollywood-palladium-hollywood-ca-usa: tickets=1 (found), photos=0 (empty)
2026-02-15 07:43:44,712 - INFO -   1972-09-15-boston-music-hall-boston-ma-usa: tickets=1 (found), photos=0 (empty)
2026-02-15 07:43:54,746 - INFO -   1972-09-21-the-spectrum-philadelphia-pa-usa: tickets=1 (found), photos=0 (empty)
2026-02-15 07:44:02,740 - INFO -   1972-09-26-stanley-theatre-jersey-city-nj-usa: tickets=1 (found), photos=0 (empty)
2026-02-15 07:44:06,841 - INFO -   1972-09-27-stanley-theatre-jersey-city-nj-usa: tickets=1 (found), photos=0 (empty)
2026-02-15 07:44:10,462 - INFO -   1972-09-28-stanley-theatre-jersey-city-nj-usa: tickets=1 (found), photos=0 (empty)
2026-02-15 07:44:16,690 - INFO -   1972-10-02-springfield-civic-center-springfield-ma-usa: tickets=1 (found), photos=0 (empty)
2026-02-15 07:44:22,686 - INFO -   1972-10-17-fox-theatre-st-louis-mo-usa: tickets=1 (found), photos=0 (empty)
2026-02-15 07:44:26,679 - INFO -   1972-10-18-fox-theatre-st-louis-mo-usa: tickets=1 (found), photos=0 (empty)
2026-02-15 07:44:30,714 - INFO -   1972-10-19-fox-theatre-st-louis-mo-usa: tickets=1 (found), photos=0 (empty)
2026-02-15 07:44:40,702 - INFO -   1972-10-26-cincinnati-music-hall-cincinnati-oh-usa: tickets=1 (found), photos=0 (empty)
2026-02-15 07:44:56,461 - INFO -   1972-11-15-oklahoma-city-music-hall-oklahoma-city-ok-usa: tickets=1 (found), photos=0 (empty)
2026-02-15 07:45:04,464 - INFO -   1972-11-19-hofheinz-pavilion-houston-tx-usa: tickets=1 (found), photos=0 (empty)
2026-02-15 07:45:10,701 - INFO -   1972-11-24-dallas-memorial-auditorium-dallas-tx-usa: tickets=1 (found), photos=0 (empty)
2026-02-15 07:45:18,658 - INFO - Progress: 800/2313 shows (800 processed, 0 skipped, 0 errors) — 1551 shows/hour
2026-02-15 07:45:28,700 - INFO -   1973-02-15-dane-county-coliseum-madison-wi-usa: tickets=1 (found), photos=0 (empty)
2026-02-15 07:45:34,716 - INFO -   1973-02-19-international-ampitheatre-chicago-il-usa: tickets=1 (found), photos=0 (empty)
2026-02-15 07:45:48,768 - INFO -   1973-03-15-nassau-coliseum-uniondale-ny-usa: tickets=1 (found), photos=0 (empty)
2026-02-15 07:45:54,476 - INFO -   1973-03-16-nassau-coliseum-uniondale-ny-usa: tickets=2 (found), photos=0 (empty)
2026-02-15 07:45:58,476 - INFO -   1973-03-19-nassau-coliseum-uniondale-ny-usa: tickets=1 (found), photos=0 (empty)
2026-02-15 07:46:06,741 - INFO -   1973-03-24-the-spectrum-philadelphia-pa-usa: tickets=1 (found), photos=0 (empty)
2026-02-15 07:46:10,570 - INFO -   1973-03-26-baltimore-civic-center-baltimore-md-usa: tickets=1 (found), photos=0 (empty)
2026-02-15 07:46:14,675 - INFO -   1973-03-28-springfield-civic-center-springfield-ma-usa: tickets=1 (found), photos=0 (empty)
2026-02-15 07:46:18,728 - INFO -   1973-03-30-rochester-community-war-memorial-rochester-ny-usa: tickets=1 (found), photos=0 (empty)
2026-02-15 07:46:22,714 - INFO -   1973-03-31-buffalo-war-memorial-buffalo-ny-usa: tickets=1 (found), photos=0 (empty)
2026-02-15 07:46:28,474 - INFO -   1973-05-13-des-moines-state-fairgrounds-des-moines-ia-usa: tickets=1 (found), photos=0 (empty)
2026-02-15 07:46:34,715 - INFO -   1973-05-20-stadium-uc-santa-barbara-santa-barbara-ca-usa: tickets=2 (found), photos=0 (empty)
2026-02-15 07:46:38,754 - INFO -   1973-05-26-kezar-stadium-san-francisco-ca-usa: tickets=1 (found), photos=0 (empty)
2026-02-15 07:46:42,748 - INFO -   1973-06-09-robert-f-kennedy-stadium-washington-dc-usa: tickets=1 (found), photos=0 (empty)
2026-02-15 07:46:48,480 - INFO -   1973-06-22-p-n-e-coliseum-vancouver-british-columbia-canada: tickets=1 (found), photos=0 (empty)
2026-02-15 07:46:50,941 - WARNING - Got 500 but response contains HTML, attempting to parse: https://jerrygarcia.com/show/1973-06-24-portland-memorial-coliseum-portland-or-usa/
2026-02-15 07:46:50,962 - INFO - ✅ Successfully parsed show data despite 500 error: https://jerrygarcia.com/show/1973-06-24-portland-memorial-coliseum-portland-or-usa/
2026-02-15 07:47:06,786 - INFO -   1973-07-28-grand-prix-racecourse-watkins-glen-ny-usa: tickets=2 (found), photos=0 (empty)
2026-02-15 07:47:12,776 - INFO -   1973-07-31-roosevelt-stadium-jersey-city-nj-usa: tickets=2 (found), photos=0 (empty)
2026-02-15 07:47:18,735 - INFO -   1973-08-01-roosevelt-stadium-jersey-city-nj-usa: tickets=2 (found), photos=0 (empty)
2026-02-15 07:47:22,697 - INFO -   1973-09-07-nassau-coliseum-uniondale-ny-usa: tickets=1 (found), photos=0 (empty)
2026-02-15 07:47:26,708 - INFO -   1973-09-08-nassau-coliseum-uniondale-ny-usa: tickets=1 (found), photos=0 (empty)
2026-02-15 07:47:34,767 - INFO -   1973-09-15-providence-civic-center-providence-ri-usa: tickets=1 (found), photos=0 (empty)
2026-02-15 07:47:38,718 - INFO -   1973-09-17-onondaga-county-war-memorial-syracuse-ny-usa: tickets=1 (found), photos=0 (empty)
2026-02-15 07:47:42,750 - INFO -   1973-09-20-the-spectrum-philadelphia-pa-usa: tickets=1 (found), photos=0 (empty)
2026-02-15 07:47:50,761 - INFO -   1973-09-24-civic-arena-pittsburgh-pa-usa: tickets=2 (found), photos=0 (empty)
2026-02-15 07:47:54,699 - INFO -   1973-09-26-war-memorial-auditorium-buffalo-ny-usa: tickets=1 (found), photos=0 (empty)
2026-02-15 07:47:56,984 - WARNING - Got 500 but response contains HTML, attempting to parse: https://jerrygarcia.com/show/1973-10-19-oklahoma-city-fairgrounds-arena-oklahoma-city-ok-usa/
2026-02-15 07:47:57,024 - INFO - ✅ Successfully parsed show data despite 500 error: https://jerrygarcia.com/show/1973-10-19-oklahoma-city-fairgrounds-arena-oklahoma-city-ok-usa/
2026-02-15 07:48:01,057 - INFO - Progress: 850/2313 shows (850 processed, 0 skipped, 0 errors) — 1516 shows/hour
2026-02-15 07:48:04,708 - INFO -   1973-10-25-dane-county-coliseum-madison-wi-usa: tickets=1 (found), photos=0 (empty)
2026-02-15 07:48:10,714 - INFO -   1973-10-29-kiel-auditorium-st-louis-mo-usa: tickets=1 (found), photos=0 (empty)
2026-02-15 07:48:14,702 - INFO -   1973-10-30-kiel-auditorium-st-louis-mo-usa: tickets=1 (found), photos=0 (empty)
2026-02-15 07:48:28,727 - INFO -   1973-11-14-san-diego-sports-arena-san-diego-ca-usa: tickets=2 (found), photos=0 (empty)
2026-02-15 07:48:36,743 - INFO -   1973-11-17-pauley-pavilion-ucla-los-angeles-ca-usa: tickets=3 (found), photos=0 (empty)
2026-02-15 07:48:44,478 - INFO -   1973-11-23-county-coliseum-el-paso-tx-usa: tickets=1 (found), photos=0 (empty)
2026-02-15 07:48:50,712 - INFO -   1973-11-30-boston-music-hall-boston-ma-usa: tickets=1 (found), photos=0 (empty)
2026-02-15 07:48:56,772 - INFO -   1973-12-02-boston-music-hall-boston-ma-usa: tickets=1 (found), photos=0 (empty)
2026-02-15 07:49:08,772 - INFO -   1973-12-12-the-omni-atlanta-ga-usa: tickets=1 (found), photos=0 (empty)
2026-02-15 07:49:14,486 - INFO -   1973-12-19-curtis-hixon-convention-hall-tampa-fl-usa: tickets=1 (found), photos=0 (empty)
2026-02-15 07:49:22,488 - INFO -   1974-02-24-winterland-arena-san-francisco-ca-usa: tickets=1 (found), photos=0 (empty)
2026-02-15 07:49:32,974 - INFO -   1974-05-17-p-n-e-coliseum-vancouver-british-columbia-canada: tickets=1 (found), photos=0 (empty)
2026-02-15 07:49:36,775 - INFO -   1974-05-19-portland-memorial-coliseum-portland-or-usa: tickets=1 (found), photos=0 (empty)
2026-02-15 07:49:40,791 - INFO -   1974-05-21-edmundson-pavilion-u-of-washington-seattle-wa-usa: tickets=1 (found), photos=0 (empty)
2026-02-15 07:49:50,737 - INFO -   1974-05-25-campus-stadium-uc-santa-barbara-goleta-ca-usa: tickets=4 (found), photos=0 (empty)
2026-02-15 07:50:04,722 - INFO -   1974-06-22-jai-alai-fronton-miami-fl-usa: tickets=2 (found), photos=0 (empty)
2026-02-15 07:50:10,484 - INFO -   1974-06-26-providence-civic-center-providence-ri-usa: tickets=1 (found), photos=0 (empty)
2026-02-15 07:50:16,734 - INFO -   1974-06-28-boston-garden-boston-ma-usa: tickets=2 (found), photos=0 (empty)
2026-02-15 07:50:20,712 - INFO -   1974-06-30-springfield-civic-center-springfield-ma-usa: tickets=1 (found), photos=0 (empty)
2026-02-15 07:50:26,718 - INFO -   1974-07-21-hollywood-bowl-hollywood-ca-usa: tickets=1 (found), photos=0 (empty)
2026-02-15 07:50:34,719 - INFO -   1974-07-29-capitol-centre-landover-md-usa: tickets=1 (found), photos=0 (empty)
2026-02-15 07:50:40,726 - INFO -   1974-07-31-dillon-stadium-hartford-ct-usa: tickets=2 (found), photos=0 (empty)
2026-02-15 07:50:44,885 - INFO -   1974-08-04-philadelphia-civic-arena-philadelphia-pa-usa: tickets=1 (found), photos=0 (empty)
2026-02-15 07:50:44,886 - INFO - Progress: 900/2313 shows (900 processed, 0 skipped, 0 errors) — 1484 shows/hour
2026-02-15 07:50:52,792 - INFO -   1974-08-06-roosevelt-stadium-jersey-city-nj-usa: tickets=2 (found), photos=0 (empty)
2026-02-15 07:50:56,772 - INFO -   1974-09-09-alexandra-palace-london-england: tickets=1 (found), photos=0 (empty)
2026-02-15 07:51:04,785 - INFO -   1974-09-14-olympia-halle-munich-germany: tickets=1 (found), photos=0 (empty)
2026-02-15 07:51:10,785 - INFO -   1974-09-20-palais-des-sports-paris-france: tickets=1 (found), photos=0 (empty)
2026-02-15 07:51:14,716 - INFO -   1974-09-21-palais-des-sports-paris-france: tickets=1 (found), photos=0 (empty)
2026-02-15 07:51:26,492 - INFO -   1974-10-20-winterland-arena-san-francisco-ca-usa: tickets=1 (found), photos=0 (empty)
2026-02-15 07:51:30,723 - INFO -   1975-03-23-kezar-stadium-san-francisco-ca-usa: tickets=1 (found), photos=0 (empty)
2026-02-15 07:51:36,770 - INFO -   1975-08-13-great-american-music-hall-san-francisco-ca-usa: tickets=1 (found), photos=0 (empty)
2026-02-15 07:51:48,807 - INFO -   1976-06-09-boston-music-hall-boston-ma-usa: tickets=2 (found), photos=0 (empty)
2026-02-15 07:51:54,498 - INFO -   1976-06-10-boston-music-hall-boston-ma-usa: tickets=2 (found), photos=0 (empty)
2026-02-15 07:52:00,739 - INFO -   1976-06-11-boston-music-hall-boston-ma-usa: tickets=2 (found), photos=0 (empty)
2026-02-15 07:52:06,818 - INFO -   1976-06-12-boston-music-hall-boston-ma-usa: tickets=2 (found), photos=0 (empty)
2026-02-15 07:52:12,729 - INFO -   1976-06-14-beacon-theatre-new-york-ny-usa: tickets=2 (found), photos=0 (empty)
2026-02-15 07:52:16,772 - INFO -   1976-06-15-beacon-theatre-new-york-ny-usa: tickets=1 (found), photos=0 (empty)
2026-02-15 07:52:20,797 - INFO -   1976-06-17-capitol-theater-passaic-nj-usa: tickets=1 (found), photos=0 (empty)
2026-02-15 07:52:24,752 - INFO -   1976-06-18-capitol-theater-passaic-nj-usa: tickets=1 (found), photos=0 (empty)
2026-02-15 07:52:30,497 - INFO -   1976-06-19-capitol-theater-passaic-nj-usa: tickets=2 (found), photos=0 (empty)
2026-02-15 07:52:34,748 - INFO -   1976-06-21-tower-theatre-upper-darby-pa-usa: tickets=1 (found), photos=0 (empty)
2026-02-15 07:52:40,728 - INFO -   1976-06-22-tower-theatre-upper-darby-pa-usa: tickets=2 (found), photos=0 (empty)
2026-02-15 07:52:46,722 - INFO -   1976-06-23-tower-theatre-upper-darby-pa-usa: tickets=2 (found), photos=0 (empty)
2026-02-15 07:52:50,733 - INFO -   1976-06-24-tower-theatre-upper-darby-pa-usa: tickets=1 (found), photos=0 (empty)
2026-02-15 07:53:00,779 - INFO -   1976-06-29-auditorium-theatre-chicago-il-usa: tickets=1 (found), photos=0 (empty)
2026-02-15 07:53:04,737 - INFO -   1976-07-12-orpheum-theatre-san-francisco-ca-usa: tickets=1 (found), photos=0 (empty)
2026-02-15 07:53:08,739 - INFO -   1976-07-13-orpheum-theatre-san-francisco-ca-usa: tickets=1 (found), photos=0 (empty)
2026-02-15 07:53:12,767 - INFO -   1976-07-14-orpheum-theatre-san-francisco-ca-usa: tickets=1 (found), photos=0 (empty)
2026-02-15 07:53:16,721 - INFO -   1976-07-16-orpheum-theatre-san-francisco-ca-usa: tickets=1 (found), photos=0 (empty)
2026-02-15 07:53:22,718 - INFO -   1976-07-18-orpheum-theatre-san-francisco-ca-usa: tickets=1 (found), photos=0 (empty)
2026-02-15 07:53:26,792 - INFO -   1976-08-02-colt-park-hartford-ct-usa: tickets=1 (found), photos=0 (empty)
2026-02-15 07:53:30,503 - INFO -   1976-08-04-roosevelt-stadium-jersey-city-nj-usa: tickets=1 (found), photos=0 (empty)
2026-02-15 07:53:34,759 - INFO -   1976-09-23-cameron-indoor-stadium-duke-u-durham-nc-usa: tickets=1 (found), photos=0 (empty)
2026-02-15 07:53:38,765 - INFO -   1976-09-24-william-and-mary-college-hall-williamsburg-va-usa: tickets=1 (found), photos=0 (empty)
2026-02-15 07:53:42,748 - INFO -   1976-09-25-capitol-centre-landover-md-usa: tickets=1 (found), photos=0 (empty)
2026-02-15 07:53:46,763 - INFO -   1976-09-27-community-war-memorial-auditorium-rochester-ny-usa: tickets=1 (found), photos=0 (empty)
2026-02-15 07:53:50,734 - INFO -   1976-09-28-onondaga-county-war-memorial-syracuse-ny-usa: tickets=1 (found), photos=0 (empty)
2026-02-15 07:53:50,734 - INFO - Progress: 950/2313 shows (950 processed, 0 skipped, 0 errors) — 1444 shows/hour
2026-02-15 07:53:54,836 - INFO -   1976-09-30-auditorium-ohio-state-u-columbus-oh-usa: tickets=1 (found), photos=0 (empty)
2026-02-15 07:54:02,508 - INFO -   1976-10-03-cobo-arena-detriot-mi-usa: tickets=1 (found), photos=0 (empty)
2026-02-15 07:54:10,723 - INFO -   1976-10-14-shrine-auditorium-los-angeles-ca-usa: tickets=1 (found), photos=0 (empty)
2026-02-15 07:54:14,504 - INFO -   1976-10-15-shrine-auditorium-los-angeles-ca-usa: tickets=1 (found), photos=0 (empty)
2026-02-15 07:54:22,506 - INFO -   1977-02-27-robertson-gym-uc-santa-barbara-goleta-ca-usa: tickets=1 (found), photos=0 (empty)
2026-02-15 07:54:32,510 - INFO -   1977-04-22-the-spectrum-philadelphia-pa-usa: tickets=1 (found), photos=0 (empty)
2026-02-15 07:54:36,801 - INFO -   1977-04-23-springfield-civic-center-springfield-ma-usa: tickets=1 (found), photos=0 (empty)
2026-02-15 07:54:42,733 - INFO -   1977-04-25-capitol-theater-passaic-nj-usa: tickets=2 (found), photos=0 (empty)
2026-02-15 07:54:46,767 - INFO -   1977-04-26-capitol-theater-passaic-nj-usa: tickets=1 (found), photos=0 (empty)
2026-02-15 07:54:50,731 - INFO -   1977-04-27-capitol-theater-passaic-nj-usa: tickets=1 (found), photos=0 (empty)
2026-02-15 07:54:54,789 - INFO -   1977-04-29-the-palladium-new-york-ny-usa: tickets=1 (found), photos=0 (empty)
2026-02-15 07:54:58,512 - INFO -   1977-04-30-the-palladium-new-york-ny-usa: tickets=1 (found), photos=0 (empty)
2026-02-15 07:55:02,774 - INFO -   1977-05-01-the-palladium-new-york-ny-usa: tickets=1 (found), photos=0 (empty)
2026-02-15 07:55:06,841 - INFO -   1977-05-03-the-palladium-new-york-ny-usa: tickets=1 (found), photos=0 (empty)
2026-02-15 07:55:10,744 - INFO -   1977-05-04-the-palladium-new-york-ny-usa: tickets=1 (found), photos=0 (empty)
2026-02-15 07:55:14,758 - INFO -   1977-05-05-veterans-memorial-coliseum-new-haven-ct-usa: tickets=1 (found), photos=0 (empty)
2026-02-15 07:55:18,752 - INFO -   1977-05-07-boston-garden-boston-ma-usa: tickets=1 (found), photos=0 (empty)
2026-02-15 07:55:22,512 - INFO -   1977-05-08-barton-hall-cornell-u-ithaca-ny-usa: tickets=1 (found), photos=0 (empty)
2026-02-15 07:55:26,510 - INFO -   1977-05-09-community-war-memorial-auditorium-buffalo-ny-usa: tickets=1 (found), photos=0 (empty)
2026-02-15 07:55:34,743 - INFO -   1977-05-13-auditorium-theatre-chicago-il-usa: tickets=1 (found), photos=0 (empty)
2026-02-15 07:55:38,520 - INFO -   1977-05-15-st-louis-arena-st-louis-mo-usa: tickets=1 (found), photos=0 (empty)
2026-02-15 07:55:54,757 - INFO -   1977-05-26-baltimore-civic-center-baltimore-md-usa: tickets=1 (found), photos=0 (empty)
2026-02-15 07:55:58,746 - INFO -   1977-05-28-hartford-civic-center-hartford-ct-usa: tickets=1 (found), photos=0 (empty)
2026-02-15 07:56:02,515 - INFO -   1977-06-04-the-forum-inglewood-ca-usa: tickets=1 (found), photos=0 (empty)
2026-02-15 07:56:12,517 - INFO -   1977-09-03-raceway-park-englishtown-nj-usa: tickets=1 (found), photos=0 (empty)
2026-02-15 07:56:22,761 - INFO -   1977-10-01-paramount-theater-portland-or-usa: tickets=2 (found), photos=0 (empty)
2026-02-15 07:56:26,574 - INFO -   1977-10-02-paramount-theater-portland-or-usa: tickets=1 (found), photos=0 (empty)
2026-02-15 07:56:29,331 - INFO - Progress: 1000/2313 shows (1000 processed, 0 skipped, 0 errors) — 1425 shows/hour
2026-02-15 07:56:34,520 - INFO -   1977-10-09-mcnichols-sports-arena-denver-co-usa: tickets=1 (found), photos=0 (empty)
2026-02-15 07:56:42,780 - INFO -   1977-10-14-hofheinz-pavilion-houston-tx-usa: tickets=1 (found), photos=0 (empty)
2026-02-15 07:56:46,744 - INFO -   1977-10-15-moody-coliseum-s-m-u-dallas-tx-usa: tickets=1 (found), photos=0 (empty)
2026-02-15 07:56:54,524 - INFO -   1977-10-29-field-house-northern-illinois-u-de-kalb-il-usa: tickets=1 (found), photos=0 (empty)
2026-02-15 07:57:08,774 - INFO -   1977-11-04-cotterrell-gym-colgate-u-hamilton-ny-usa: tickets=3 (found), photos=0 (empty)
2026-02-15 07:57:12,804 - INFO -   1977-11-05-community-war-memorial-auditorium-rochester-ny-usa: tickets=1 (found), photos=0 (empty)
2026-02-15 07:57:16,759 - INFO -   1977-11-06-broome-county-arena-binghamton-ny-usa: tickets=1 (found), photos=0 (empty)
2026-02-15 07:57:26,792 - INFO -   1977-12-31-winterland-arena-san-francisco-ca-usa: tickets=1 (found), photos=0 (empty)
2026-02-15 07:57:30,829 - INFO -   1978-01-06-swing-auditorium-san-bernardino-ca-usa: tickets=1 (found), photos=0 (empty)
2026-02-15 07:57:36,784 - INFO -   1978-01-08-golden-hall-community-concorse-san-diego-ca-usa: tickets=1 (found), photos=0 (empty)
2026-02-15 07:57:40,811 - INFO -   1978-01-10-shrine-auditorium-los-angeles-ca-usa: tickets=1 (found), photos=0 (empty)
2026-02-15 07:57:44,768 - INFO -   1978-01-11-shrine-auditorium-los-angeles-ca-usa: tickets=1 (found), photos=0 (empty)
2026-02-15 07:57:50,825 - INFO -   1978-01-14-bakersfield-memorial-auditorium-bakersfield-ca-usa: tickets=1 (found), photos=0 (empty)
2026-02-15 07:58:00,801 - INFO -   1978-01-22-mcarthur-court-u-of-oregon-eugene-or-usa: tickets=1 (found), photos=0 (empty)
2026-02-15 07:58:06,768 - INFO -   1978-01-31-uptown-theater-chicago-il-usa: tickets=1 (found), photos=0 (empty)
2026-02-15 07:58:18,819 - INFO -   1978-04-06-curtis-hixon-convention-hall-tampa-fl-usa: tickets=1 (found), photos=0 (empty)
2026-02-15 07:58:22,763 - INFO -   1978-04-07-the-sportatorium-pembroke-pines-fl-usa: tickets=1 (found), photos=0 (empty)
2026-02-15 07:58:26,822 - INFO -   1978-04-08-veterans-memorial-coliseum-jacksonville-fl-usa: tickets=1 (found), photos=0 (empty)
2026-02-15 07:58:30,769 - INFO -   1978-04-10-fox-theater-atlanta-ga-usa: tickets=1 (found), photos=0 (empty)
2026-02-15 07:58:38,800 - INFO -   1978-04-14-cassell-coliseum-virginia-polytechnic-u-blacksburg-va-usa: tickets=1 (found), photos=0 (empty)
2026-02-15 07:58:42,750 - INFO -   1978-04-15-william-and-mary-college-hall-williamsburg-va-usa: tickets=1 (found), photos=0 (empty)
2026-02-15 07:58:46,825 - INFO -   1978-04-16-huntington-civic-center-huntington-wv-usa: tickets=1 (found), photos=0 (empty)
2026-02-15 07:58:50,751 - INFO -   1978-04-18-civic-arena-pittsburgh-pa-usa: tickets=1 (found), photos=0 (empty)
2026-02-15 07:58:56,766 - INFO -   1978-04-19-veterans-memorial-hall-columbus-oh-usa: tickets=2 (found), photos=0 (empty)
2026-02-15 07:59:02,818 - INFO -   1978-04-22-nashville-municipal-auditorium-nashville-tn-usa: tickets=1 (found), photos=0 (empty)
2026-02-15 07:59:05,050 - INFO - Progress: 1050/2313 shows (1050 processed, 0 skipped, 0 errors) — 1409 shows/hour
2026-02-15 07:59:10,770 - INFO -   1978-05-05-thompson-arena-dartmouth-college-hanover-nh-usa: tickets=2 (found), photos=0 (empty)
2026-02-15 07:59:16,791 - INFO -   1978-05-06-patrick-field-house-u-of-vermont-burlington-vt-usa: tickets=2 (found), photos=0 (empty)
2026-02-15 07:59:20,774 - INFO -   1978-05-07-field-house-rensselaer-polytechnic-institute-troy-ny-usa: tickets=1 (found), photos=0 (empty)
2026-02-15 07:59:24,755 - INFO -   1978-05-09-onondaga-county-war-memorial-syracuse-ny-usa: tickets=1 (found), photos=0 (empty)
2026-02-15 07:59:28,785 - INFO -   1978-05-10-veterans-memorial-coliseum-new-haven-ct-usa: tickets=1 (found), photos=0 (empty)
2026-02-15 07:59:32,940 - INFO -   1978-05-11-springfield-civic-center-springfield-ma-usa: tickets=1 (found), photos=0 (empty)
2026-02-15 07:59:38,533 - INFO -   1978-05-13-the-spectrum-philadelphia-pa-usa: tickets=2 (found), photos=0 (empty)
2026-02-15 07:59:46,535 - INFO -   1978-05-17-uptown-theater-chicago-il-usa: tickets=1 (found), photos=0 (empty)
2026-02-15 07:59:50,775 - INFO -   1978-06-04-campus-stadium-uc-santa-barbara-goleta-ca-usa: tickets=1 (found), photos=0 (empty)
2026-02-15 07:59:54,782 - INFO -   1978-06-25-autzen-stadium-u-of-oregon-eugene-or-usa: tickets=1 (found), photos=0 (empty)
2026-02-15 08:00:04,454 - WARNING - Got 500 but response contains HTML, attempting to parse: https://jerrygarcia.com/show/1978-07-07-red-rocks-amphitheatre-morrison-co-usa/
2026-02-15 08:00:04,484 - INFO - ✅ Successfully parsed show data despite 500 error: https://jerrygarcia.com/show/1978-07-07-red-rocks-amphitheatre-morrison-co-usa/
2026-02-15 08:00:08,765 - INFO -   1978-08-30-red-rocks-amphitheatre-morrison-co-usa: tickets=1 (found), photos=0 (empty)
2026-02-15 08:00:14,924 - INFO -   1978-08-31-red-rocks-amphitheatre-morrison-co-usa: tickets=2 (found), photos=0 (empty)
2026-02-15 08:00:20,818 - INFO -   1978-09-02-giants-stadium-east-rutherford-nj-usa: tickets=2 (found), photos=0 (empty)
2026-02-15 08:00:26,817 - INFO -   1978-09-14-giza-sound-and-light-theater-cairo-egypt: tickets=2 (found), photos=0 (empty)
2026-02-15 08:00:30,899 - INFO -   1978-09-15-giza-sound-and-light-theater-cairo-egypt: tickets=1 (found), photos=0 (empty)
2026-02-15 08:00:35,001 - INFO -   1978-09-16-giza-sound-and-light-theater-cairo-egypt: tickets=1 (found), photos=0 (empty)
2026-02-15 08:00:50,971 - INFO -   1978-11-13-boston-music-hall-boston-ma-usa: tickets=1 (found), photos=0 (empty)
2026-02-15 08:00:54,861 - INFO -   1978-11-14-boston-music-hall-boston-ma-usa: tickets=1 (found), photos=0 (empty)
2026-02-15 08:00:58,541 - INFO -   1978-11-16-uptown-theater-chicago-il-usa: tickets=1 (found), photos=0 (empty)
2026-02-15 08:01:06,835 - INFO -   1978-11-18-uptown-theater-chicago-il-usa: tickets=1 (found), photos=0 (empty)
2026-02-15 08:01:10,844 - INFO -   1978-11-20-cleveland-music-hall-cleveland-oh-usa: tickets=1 (found), photos=0 (empty)
2026-02-15 08:01:16,989 - INFO -   1978-11-21-community-war-memorial-auditorium-rochester-ny-usa: tickets=2 (found), photos=0 (empty)
2026-02-15 08:01:20,871 - INFO -   1978-11-23-capitol-centre-landover-md-usa: tickets=1 (found), photos=0 (empty)
2026-02-15 08:01:26,812 - INFO -   1978-11-24-capitol-theater-passaic-nj-usa: tickets=2 (found), photos=0 (empty)
2026-02-15 08:01:32,918 - INFO -   1978-12-13-curtis-hixon-convention-hall-tampa-fl-usa: tickets=1 (found), photos=0 (empty)
2026-02-15 08:01:36,847 - INFO -   1978-12-15-boutwell-auditorium-birmingham-al-usa: tickets=1 (found), photos=0 (empty)
2026-02-15 08:01:42,891 - INFO -   1978-12-16-nashville-municipal-auditorium-nashville-tn-usa: tickets=2 (found), photos=0 (empty)
2026-02-15 08:01:48,826 - INFO -   1978-12-19-memorial-coliseum-mississippi-state-fairgrounds-jackson-ms-usa: tickets=1 (found), photos=0 (empty)
2026-02-15 08:01:52,930 - INFO -   1978-12-21-the-summit-houston-tx-usa: tickets=1 (found), photos=0 (empty)
2026-02-15 08:01:56,829 - INFO -   1978-12-22-dallas-county-convention-center-arena-dallas-tx-usa: tickets=1 (found), photos=0 (empty)
2026-02-15 08:02:05,006 - INFO -   1978-12-30-pauley-pavilion-ucla-los-angeles-ca-usa: tickets=1 (found), photos=0 (empty)
2026-02-15 08:02:05,006 - INFO - Progress: 1100/2313 shows (1100 processed, 0 skipped, 0 errors) — 1383 shows/hour
2026-02-15 08:02:12,787 - INFO -   1979-01-07-madison-square-garden-new-york-ny-usa: tickets=1 (found), photos=0 (empty)
2026-02-15 08:02:16,884 - INFO -   1979-01-08-madison-square-garden-new-york-ny-usa: tickets=1 (found), photos=0 (empty)
2026-02-15 08:02:22,830 - INFO -   1979-01-10-nassau-coliseum-uniondale-ny-usa: tickets=2 (found), photos=0 (empty)
2026-02-15 08:02:28,968 - INFO -   1979-01-12-the-spectrum-philadelphia-pa-usa: tickets=1 (found), photos=0 (empty)
2026-02-15 08:02:34,912 - INFO -   1979-01-15-springfield-civic-center-springfield-ma-usa: tickets=1 (found), photos=0 (empty)
2026-02-15 08:02:38,802 - INFO -   1979-01-17-veterans-memorial-coliseum-new-haven-ct-usa: tickets=1 (found), photos=0 (empty)
2026-02-15 08:02:44,556 - INFO -   1979-01-18-providence-civic-center-providence-ri-usa: tickets=2 (found), photos=0 (empty)
2026-02-15 08:02:49,037 - INFO -   1979-01-20-sheas-buffalo-theater-buffalo-ny-usa: tickets=1 (found), photos=0 (empty)
2026-02-15 08:02:54,786 - INFO -   1979-01-21-masonic-temple-detroit-mi-usa: tickets=2 (found), photos=0 (empty)
2026-02-15 08:02:58,552 - INFO -   1979-02-03-market-square-arena-indianapolis-in-usa: tickets=1 (found), photos=0 (empty)
2026-02-15 08:03:04,559 - INFO -   1979-02-04-dane-county-coliseum-madison-wi-usa: tickets=2 (found), photos=0 (empty)
2026-02-15 08:03:08,826 - INFO -   1979-02-06-tulsa-fairgrounds-pavilion-tulsa-ok-usa: tickets=1 (found), photos=0 (empty)
2026-02-15 08:03:13,510 - INFO -   1979-02-07-siu-arena-u-of-southern-illinois-carbondale-il-usa: tickets=1 (found), photos=0 (empty)
2026-02-15 08:03:18,734 - INFO -   1979-02-09-soldiers-and-sailors-memorial-hall-kansas-city-ks-usa: tickets=2 (found), photos=0 (empty)
2026-02-15 08:03:24,555 - INFO -   1979-02-10-soldiers-and-sailors-memorial-hall-kansas-city-ks-usa: tickets=2 (found), photos=0 (empty)
2026-02-15 08:03:28,975 - INFO -   1979-02-11-kiel-auditorium-st-louis-mo-usa: tickets=1 (found), photos=0 (empty)
2026-02-15 08:03:32,562 - INFO -   1979-02-17-oakland-alameda-county-coliseum-oakland-ca-usa: tickets=1 (found), photos=0 (empty)
2026-02-15 08:03:40,787 - INFO -   1979-04-22-spartan-stadium-san-jose-state-u-san-jose-ca-usa: tickets=3 (found), photos=0 (empty)
2026-02-15 08:03:44,949 - INFO -   1979-05-03-charlotte-coliseum-charlotte-nc-usa: tickets=1 (found), photos=0 (empty)
2026-02-15 08:03:48,865 - INFO -   1979-05-04-hampton-coliseum-hampton-va-usa: tickets=1 (found), photos=0 (empty)
2026-02-15 08:03:52,551 - INFO -   1979-05-05-baltimore-civic-center-baltimore-md-usa: tickets=1 (found), photos=0 (empty)
2026-02-15 08:03:56,798 - INFO -   1979-05-07-allan-kirby-field-house-lafayette-college-easton-pa-usa: tickets=1 (found), photos=0 (empty)
2026-02-15 08:04:00,561 - INFO -   1979-05-08-recreation-hall-penn-state-u-state-college-pa-usa: tickets=1 (found), photos=0 (empty)
2026-02-15 08:04:06,789 - INFO -   1979-05-11-billerica-forum-billerica-ma-usa: tickets=1 (found), photos=0 (empty)
2026-02-15 08:04:12,866 - INFO -   1979-05-12-alumni-stadium-u-of-mass-amherst-ma-usa: tickets=2 (found), photos=0 (empty)
2026-02-15 08:04:16,554 - INFO -   1979-05-13-cumberland-county-civic-center-portland-me-usa: tickets=1 (found), photos=0 (empty)
2026-02-15 08:04:26,936 - INFO -   1979-06-30-portland-international-speedway-portland-or-usa: tickets=3 (found), photos=0 (empty)
2026-02-15 08:04:30,823 - INFO -   1979-07-01-seattle-center-coliseum-seattle-wa-usa: tickets=1 (found), photos=0 (empty)
2026-02-15 08:04:35,126 - INFO -   1979-08-04-oakland-auditorium-arena-oakland-ca-usa: tickets=1 (found), photos=0 (empty)
2026-02-15 08:04:40,862 - INFO -   1979-08-12-red-rocks-amphitheatre-morrison-co-usa: tickets=1 (found), photos=0 (empty)
2026-02-15 08:04:44,782 - INFO -   1979-08-13-mcnichols-sports-arena-denver-co-usa: tickets=1 (found), photos=0 (empty)
2026-02-15 08:04:48,825 - INFO -   1979-08-14-mcnichols-sports-arena-denver-co-usa: tickets=1 (found), photos=0 (empty)
2026-02-15 08:04:52,945 - INFO -   1979-08-31-glenns-falls-civic-center-glenns-falls-ny-usa: tickets=1 (found), photos=0 (empty)
2026-02-15 08:04:58,736 - INFO -   1979-09-02-augusta-civic-center-augusta-me-usa: tickets=1 (found), photos=0 (empty)
2026-02-15 08:05:05,011 - INFO -   1979-09-04-madison-square-garden-new-york-ny-usa: tickets=2 (found), photos=0 (empty)
2026-02-15 08:05:14,794 - INFO -   1979-09-05-madison-square-garden-new-york-ny-usa: tickets=4 (found), photos=0 (empty)
2026-02-15 08:05:18,781 - INFO -   1979-09-06-madison-square-garden-new-york-ny-usa: tickets=1 (found), photos=0 (empty)
2026-02-15 08:05:22,854 - INFO -   1979-10-24-springfield-civic-center-springfield-ma-usa: tickets=1 (found), photos=0 (empty)
2026-02-15 08:05:26,942 - INFO -   1979-10-25-veterans-memorial-coliseum-new-haven-ct-usa: tickets=1 (found), photos=0 (empty)
2026-02-15 08:05:32,827 - INFO -   1979-10-27-cape-cod-coliseum-south-yarmouth-ma-usa: tickets=2 (found), photos=0 (empty)
2026-02-15 08:05:38,807 - INFO -   1979-10-28-cape-cod-coliseum-south-yarmouth-ma-usa: tickets=2 (found), photos=0 (empty)
2026-02-15 08:05:42,846 - INFO -   1979-10-31-nassau-coliseum-uniondale-ny-usa: tickets=1 (found), photos=0 (empty)
2026-02-15 08:05:42,847 - INFO - Progress: 1150/2313 shows (1150 processed, 0 skipped, 0 errors) — 1344 shows/hour
2026-02-15 08:05:48,562 - INFO -   1979-11-01-nassau-coliseum-uniondale-ny-usa: tickets=2 (found), photos=0 (empty)
2026-02-15 08:05:53,053 - INFO -   1979-11-02-nassau-coliseum-uniondale-ny-usa: tickets=1 (found), photos=0 (empty)
2026-02-15 08:05:58,992 - INFO -   1979-11-05-the-spectrum-philadelphia-pa-usa: tickets=1 (found), photos=0 (empty)
2026-02-15 08:06:03,088 - INFO -   1979-11-06-the-spectrum-philadelphia-pa-usa: tickets=1 (found), photos=0 (empty)
2026-02-15 08:06:08,564 - INFO -   1979-11-08-capitol-centre-landover-md-usa: tickets=2 (found), photos=0 (empty)
2026-02-15 08:06:12,785 - INFO -   1979-11-09-community-war-memorial-auditorium-buffalo-ny-usa: tickets=1 (found), photos=0 (empty)
2026-02-15 08:06:16,810 - INFO -   1979-11-10-crisler-arena-ann-arbor-mi-usa: tickets=1 (found), photos=0 (empty)
2026-02-15 08:06:28,898 - INFO -   1979-11-29-cleveland-public-hall-cleveland-oh-usa: tickets=2 (found), photos=0 (empty)
2026-02-15 08:06:34,832 - INFO -   1979-11-30-stanley-theater-pittsburgh-pa-usa: tickets=2 (found), photos=0 (empty)
2026-02-15 08:06:40,883 - INFO -   1979-12-03-uptown-theater-chicago-il-usa: tickets=1 (found), photos=0 (empty)
2026-02-15 08:06:45,025 - INFO -   1979-12-04-uptown-theater-chicago-il-usa: tickets=1 (found), photos=0 (empty)
2026-02-15 08:06:48,965 - INFO -   1979-12-05-uptown-theater-chicago-il-usa: tickets=1 (found), photos=0 (empty)
2026-02-15 08:06:54,568 - INFO -   1979-12-09-kiel-auditorium-st-louis-mo-usa: tickets=1 (found), photos=0 (empty)
2026-02-15 08:06:58,786 - INFO -   1979-12-10-soldiers-and-sailors-memorial-hall-kansas-city-ks-usa: tickets=1 (found), photos=0 (empty)
2026-02-15 08:07:02,567 - INFO -   1979-12-11-soldiers-and-sailors-memorial-hall-kansas-city-ks-usa: tickets=1 (found), photos=0 (empty)
2026-02-15 08:07:20,849 - INFO -   1980-03-30-capitol-theater-passaic-nj-usa: tickets=2 (found), photos=0 (empty)
2026-02-15 08:07:26,574 - INFO -   1980-03-31-capitol-theater-passaic-nj-usa: tickets=2 (found), photos=0 (empty)
2026-02-15 08:07:30,574 - INFO -   1980-04-01-capitol-theater-passaic-nj-usa: tickets=1 (found), photos=0 (empty)
2026-02-15 08:07:40,812 - INFO -   1980-05-01-greensboro-coliseum-greensboro-nc-usa: tickets=1 (found), photos=0 (empty)
2026-02-15 08:07:44,873 - INFO -   1980-05-02-hampton-coliseum-hampton-va-usa: tickets=1 (found), photos=0 (empty)
2026-02-15 08:07:48,975 - INFO -   1980-05-04-baltimore-civic-center-baltimore-md-usa: tickets=1 (found), photos=0 (empty)
2026-02-15 08:07:53,071 - INFO -   1980-05-06-rec-hall-penn-state-u-state-college-pa-usa: tickets=1 (found), photos=0 (empty)
2026-02-15 08:07:59,009 - INFO -   1980-05-07-barton-hall-cornell-u-ithaca-ny-usa: tickets=2 (found), photos=0 (empty)
2026-02-15 08:08:02,900 - INFO -   1980-05-08-glenns-falls-civic-center-glenns-falls-ny-usa: tickets=1 (found), photos=0 (empty)
2026-02-15 08:08:06,881 - INFO -   1980-05-10-hartford-civic-center-hartford-ct-usa: tickets=1 (found), photos=0 (empty)
2026-02-15 08:08:14,981 - INFO -   1980-05-14-nassau-coliseum-uniondale-ny-usa: tickets=1 (found), photos=0 (empty)
2026-02-15 08:08:18,874 - INFO -   1980-05-15-nassau-coliseum-uniondale-ny-usa: tickets=1 (found), photos=0 (empty)
2026-02-15 08:08:24,811 - INFO -   1980-05-16-nassau-coliseum-uniondale-ny-usa: tickets=2 (found), photos=0 (empty)
2026-02-15 08:08:28,573 - INFO -   1980-05-29-des-moines-civic-center-des-moines-ia-usa: tickets=1 (found), photos=0 (empty)
2026-02-15 08:08:32,811 - INFO -   1980-05-30-milwaukee-auditorium-milwaukee-wi-usa: tickets=1 (found), photos=0 (empty)
2026-02-15 08:08:36,895 - INFO -   1980-05-31-metropolitan-sports-center-minneapolis-mn-usa: tickets=1 (found), photos=0 (empty)
2026-02-15 08:08:40,805 - INFO -   1980-06-05-compton-terrace-amphitheatre-tempe-az-usa: tickets=1 (found), photos=0 (empty)
2026-02-15 08:08:46,950 - INFO -   1980-06-07-folsom-field-u-of-colorado-boulder-co-usa: tickets=2 (found), photos=0 (empty)
2026-02-15 08:08:46,950 - INFO - Progress: 1200/2313 shows (1200 processed, 0 skipped, 0 errors) — 1323 shows/hour
2026-02-15 08:08:52,794 - INFO -   1980-06-08-folsom-field-u-of-colorado-boulder-co-usa: tickets=2 (found), photos=0 (empty)
2026-02-15 08:08:56,797 - INFO -   1980-06-12-portland-memorial-coliseum-portland-or-usa: tickets=1 (found), photos=0 (empty)
2026-02-15 08:09:00,816 - INFO -   1980-06-13-seattle-center-coliseum-seattle-wa-usa: tickets=1 (found), photos=0 (empty)
2026-02-15 08:09:06,836 - INFO -   1980-06-14-spokane-coliseum-spokane-wa-usa: tickets=2 (found), photos=0 (empty)
2026-02-15 08:09:14,578 - INFO -   1980-06-21-west-high-auditorium-anchorage-ak-usa: tickets=1 (found), photos=0 (empty)
2026-02-15 08:09:18,815 - INFO -   1980-06-29-pauley-pavilion-ucla-los-angeles-ca-usa: tickets=1 (found), photos=0 (empty)
2026-02-15 08:09:24,579 - INFO -   1980-08-16-mississippi-river-festival-edwardsville-il-usa: tickets=1 (found), photos=0 (empty)
2026-02-15 08:09:32,816 - INFO -   1980-08-20-uptown-theater-chicago-il-usa: tickets=1 (found), photos=0 (empty)
2026-02-15 08:09:36,839 - INFO -   1980-08-21-uptown-theater-chicago-il-usa: tickets=1 (found), photos=0 (empty)
2026-02-15 08:09:42,827 - INFO -   1980-08-23-alpine-valley-music-theatre-east-troy-wi-usa: tickets=2 (found), photos=0 (empty)
2026-02-15 08:09:50,812 - INFO -   1980-08-27-pine-knob-music-theater-clarkston-mi-usa: tickets=1 (found), photos=0 (empty)
2026-02-15 08:09:54,796 - INFO -   1980-08-29-the-spectrum-philadelphia-pa-usa: tickets=1 (found), photos=0 (empty)
2026-02-15 08:09:58,836 - INFO -   1980-08-30-the-spectrum-philadelphia-pa-usa: tickets=1 (found), photos=0 (empty)
2026-02-15 08:10:02,857 - INFO -   1980-08-31-capitol-centre-landover-md-usa: tickets=1 (found), photos=0 (empty)
2026-02-15 08:10:06,818 - INFO -   1980-09-02-community-war-memorial-auditorium-rochester-ny-usa: tickets=1 (found), photos=0 (empty)
2026-02-15 08:10:10,885 - INFO -   1980-09-03-springfield-civic-center-springfield-ma-usa: tickets=1 (found), photos=0 (empty)
2026-02-15 08:10:14,804 - INFO -   1980-09-04-providence-civic-center-providence-ri-usa: tickets=1 (found), photos=0 (empty)
2026-02-15 08:10:18,859 - INFO -   1980-09-06-state-fairgrounds-lewiston-me-usa: tickets=1 (found), photos=0 (empty)
2026-02-15 08:10:26,813 - INFO -   1980-09-25-warfield-theater-san-francisco-ca-usa: tickets=3 (found), photos=0 (empty)
2026-02-15 08:10:32,591 - INFO -   1980-09-26-warfield-theater-san-francisco-ca-usa: tickets=2 (found), photos=0 (empty)
2026-02-15 08:10:38,590 - INFO -   1980-09-27-warfield-theater-san-francisco-ca-usa: tickets=2 (found), photos=0 (empty)
2026-02-15 08:10:44,587 - INFO -   1980-09-29-warfield-theater-san-francisco-ca-usa: tickets=2 (found), photos=0 (empty)
2026-02-15 08:10:48,872 - INFO -   1980-09-30-warfield-theater-san-francisco-ca-usa: tickets=1 (found), photos=0 (empty)
2026-02-15 08:10:54,586 - INFO -   1980-10-02-warfield-theater-san-francisco-ca-usa: tickets=2 (found), photos=0 (empty)
2026-02-15 08:11:00,590 - INFO -   1980-10-03-warfield-theater-san-francisco-ca-usa: tickets=2 (found), photos=0 (empty)
2026-02-15 08:11:06,588 - INFO -   1980-10-04-warfield-theater-san-francisco-ca-usa: tickets=2 (found), photos=0 (empty)
2026-02-15 08:11:12,592 - INFO -   1980-10-06-warfield-theater-san-francisco-ca-usa: tickets=2 (found), photos=0 (empty)
2026-02-15 08:11:18,588 - INFO -   1980-10-07-warfield-theater-san-francisco-ca-usa: tickets=2 (found), photos=0 (empty)
2026-02-15 08:11:24,593 - INFO -   1980-10-09-warfield-theater-san-francisco-ca-usa: tickets=2 (found), photos=0 (empty)
2026-02-15 08:11:28,819 - INFO -   1980-10-10-warfield-theater-san-francisco-ca-usa: tickets=1 (found), photos=0 (empty)
2026-02-15 08:11:32,595 - INFO -   1980-10-11-warfield-theater-san-francisco-ca-usa: tickets=1 (found), photos=0 (empty)
2026-02-15 08:11:38,590 - INFO -   1980-10-13-warfield-theater-san-francisco-ca-usa: tickets=2 (found), photos=0 (empty)
2026-02-15 08:11:42,590 - INFO -   1980-10-14-warfield-theater-san-francisco-ca-usa: tickets=1 (found), photos=0 (empty)
2026-02-15 08:11:46,829 - INFO -   1980-10-18-saenger-performing-arts-center-new-orleans-la-usa: tickets=1 (found), photos=0 (empty)
2026-02-15 08:11:55,117 - INFO -   1980-10-22-radio-city-music-hall-new-york-ny-usa: tickets=2 (found), photos=0 (empty)
2026-02-15 08:12:00,898 - INFO -   1980-10-23-radio-city-music-hall-new-york-ny-usa: tickets=2 (found), photos=0 (empty)
2026-02-15 08:12:06,933 - INFO -   1980-10-25-radio-city-music-hall-new-york-ny-usa: tickets=2 (found), photos=0 (empty)
2026-02-15 08:12:10,812 - INFO -   1980-10-26-radio-city-music-hall-new-york-ny-usa: tickets=1 (found), photos=0 (empty)
2026-02-15 08:12:16,892 - INFO -   1980-10-27-radio-city-music-hall-new-york-ny-usa: tickets=2 (found), photos=0 (empty)
2026-02-15 08:12:20,824 - INFO -   1980-10-29-radio-city-music-hall-new-york-ny-usa: tickets=1 (found), photos=0 (empty)
2026-02-15 08:12:26,914 - INFO -   1980-10-30-radio-city-music-hall-new-york-ny-usa: tickets=2 (found), photos=0 (empty)
2026-02-15 08:12:32,593 - INFO -   1980-10-31-radio-city-music-hall-new-york-ny-usa: tickets=2 (found), photos=0 (empty)
2026-02-15 08:12:32,593 - INFO - Progress: 1250/2313 shows (1250 processed, 0 skipped, 0 errors) — 1289 shows/hour
2026-02-15 08:12:38,595 - INFO -   1980-11-26-the-sportatorium-pembroke-pines-fl-usa: tickets=2 (found), photos=0 (empty)
2026-02-15 08:12:42,826 - INFO -   1980-11-28-lakeland-civic-center-lakeland-fl-usa: tickets=1 (found), photos=0 (empty)
2026-02-15 08:12:46,888 - INFO -   1980-11-29-alligator-alley-gym-u-of-florida-gainesville-fl-usa: tickets=1 (found), photos=0 (empty)
2026-02-15 08:13:00,603 - INFO -   1980-12-26-oakland-auditorium-arena-oakland-ca-usa: tickets=1 (found), photos=0 (empty)
2026-02-15 08:13:04,600 - INFO -   1980-12-27-oakland-auditorium-arena-oakland-ca-usa: tickets=1 (found), photos=0 (empty)
2026-02-15 08:13:08,594 - INFO -   1980-12-28-oakland-auditorium-arena-oakland-ca-usa: tickets=1 (found), photos=0 (empty)
2026-02-15 08:13:12,592 - INFO -   1980-12-30-oakland-auditorium-arena-oakland-ca-usa: tickets=1 (found), photos=0 (empty)
2026-02-15 08:13:16,595 - INFO -   1980-12-31-oakland-auditorium-arena-oakland-ca-usa: tickets=1 (found), photos=0 (empty)
2026-02-15 08:13:24,823 - INFO -   1981-02-28-uptown-theater-chicago-il-usa: tickets=1 (found), photos=0 (empty)
2026-02-15 08:13:32,807 - INFO -   1981-03-05-stanley-theater-pittsburgh-pa-usa: tickets=1 (found), photos=0 (empty)
2026-02-15 08:13:36,862 - INFO -   1981-03-06-stanley-theater-pittsburgh-pa-usa: tickets=1 (found), photos=0 (empty)
2026-02-15 08:13:40,825 - INFO -   1981-03-07-cole-field-house-u-of-maryland-college-park-md-usa: tickets=1 (found), photos=0 (empty)
2026-02-15 08:13:48,841 - INFO -   1981-03-09-madison-square-garden-new-york-ny-usa: tickets=3 (found), photos=0 (empty)
2026-02-15 08:13:54,601 - INFO -   1981-03-10-madison-square-garden-new-york-ny-usa: tickets=2 (found), photos=0 (empty)
2026-02-15 08:14:04,848 - INFO -   1981-03-13-utica-memorial-auditorium-utica-ny-usa: tickets=3 (found), photos=0 (empty)
2026-02-15 08:14:10,891 - INFO -   1981-03-14-veterans-memorial-coliseum-hartford-ct-usa: tickets=2 (found), photos=0 (empty)
2026-02-15 08:14:14,837 - INFO -   1981-03-20-rainbow-theatre-london-england: tickets=1 (found), photos=0 (empty)
2026-02-15 08:14:18,831 - INFO -   1981-03-21-rainbow-theatre-london-england: tickets=1 (found), photos=0 (empty)
2026-02-15 08:14:22,822 - INFO -   1981-03-23-rainbow-theatre-london-england: tickets=1 (found), photos=0 (empty)
2026-02-15 08:14:30,913 - INFO -   1981-03-28-gruga-halle-essen-germany: tickets=2 (found), photos=0 (empty)
2026-02-15 08:14:34,877 - INFO -   1981-04-30-greensboro-coliseum-greensboro-nc-usa: tickets=1 (found), photos=0 (empty)
2026-02-15 08:14:38,824 - INFO -   1981-05-01-hampton-coliseum-hampton-va-usa: tickets=1 (found), photos=0 (empty)
2026-02-15 08:14:44,924 - INFO -   1981-05-02-the-spectrum-philadelphia-pa-usa: tickets=2 (found), photos=0 (empty)
2026-02-15 08:14:51,067 - INFO -   1981-05-04-the-spectrum-philadelphia-pa-usa: tickets=2 (found), photos=0 (empty)
2026-02-15 08:14:56,877 - INFO -   1981-05-05-glenns-falls-civic-center-glenns-falls-ny-usa: tickets=2 (found), photos=0 (empty)
2026-02-15 08:15:07,042 - INFO -   1981-05-08-nassau-coliseum-uniondale-ny-usa: tickets=2 (found), photos=0 (empty)
2026-02-15 08:15:10,934 - INFO -   1981-05-09-nassau-coliseum-uniondale-ny-usa: tickets=1 (found), photos=0 (empty)
2026-02-15 08:15:14,607 - INFO -   1981-05-11-veterans-memorial-coliseum-new-haven-ct-usa: tickets=1 (found), photos=0 (empty)
2026-02-15 08:15:18,841 - INFO -   1981-05-12-veterans-memorial-coliseum-new-haven-ct-usa: tickets=1 (found), photos=0 (empty)
2026-02-15 08:15:22,857 - INFO -   1981-05-13-providence-civic-center-providence-ri-usa: tickets=1 (found), photos=0 (empty)
2026-02-15 08:15:30,876 - INFO -   1981-05-15-athletic-center-rutgers-u-new-brunswick-nj-usa: tickets=3 (found), photos=0 (empty)
2026-02-15 08:15:34,896 - INFO -   1981-05-16-barton-hall-cornell-u-ithaca-ny-usa: tickets=1 (found), photos=0 (empty)
2026-02-15 08:15:38,991 - INFO -   1981-05-17-onondaga-county-war-memorial-syracuse-ny-usa: tickets=1 (found), photos=0 (empty)
2026-02-15 08:15:46,980 - INFO -   1981-07-02-the-summit-houston-tx-usa: tickets=2 (found), photos=0 (empty)
2026-02-15 08:15:50,952 - INFO -   1981-07-04-manor-downs-austin-tx-usa: tickets=1 (found), photos=0 (empty)
2026-02-15 08:15:54,863 - INFO -   1981-07-05-zoo-amphitheater-oklahoma-city-ok-usa: tickets=1 (found), photos=0 (empty)
2026-02-15 08:15:54,864 - INFO - Progress: 1300/2313 shows (1300 processed, 0 skipped, 0 errors) — 1267 shows/hour
2026-02-15 08:16:03,054 - INFO -   1981-07-08-kiel-auditorium-st-louis-mo-usa: tickets=2 (found), photos=0 (empty)
2026-02-15 08:16:08,993 - INFO -   1981-07-10-st-paul-civic-center-st-paul-mn-usa: tickets=2 (found), photos=0 (empty)
2026-02-15 08:16:14,608 - INFO -   1981-07-11-alpine-valley-music-theatre-east-troy-wi-usa: tickets=2 (found), photos=0 (empty)
2026-02-15 08:16:22,923 - INFO -   1981-07-14-mcnichols-sports-arena-denver-co-usa: tickets=2 (found), photos=0 (empty)
2026-02-15 08:16:27,018 - INFO -   1981-08-12-salt-palace-salt-lake-city-ut-usa: tickets=1 (found), photos=0 (empty)
2026-02-15 08:16:32,957 - INFO -   1981-08-14-seattle-center-coliseum-seattle-wa-usa: tickets=2 (found), photos=0 (empty)
2026-02-15 08:16:39,103 - INFO -   1981-08-15-portland-memorial-coliseum-portland-or-usa: tickets=2 (found), photos=0 (empty)
2026-02-15 08:16:44,616 - INFO -   1981-08-16-mcarthur-court-u-of-oregon-eugene-or-usa: tickets=2 (found), photos=0 (empty)
2026-02-15 08:16:54,859 - INFO -   1981-08-30-compton-terrace-amphitheatre-tempe-az-usa: tickets=2 (found), photos=0 (empty)
2026-02-15 08:17:01,029 - INFO -   1981-08-31-aladdin-theater-las-vegas-nv-usa: tickets=2 (found), photos=0 (empty)
2026-02-15 08:17:06,872 - INFO -   1981-09-11-greek-theatre-berkeley-ca: tickets=2 (found), photos=0 (empty)
2026-02-15 08:17:10,623 - INFO -   1981-09-12-greek-theatre-berkeley-ca: tickets=1 (found), photos=0 (empty)
2026-02-15 08:17:16,622 - INFO -   1981-09-13-greek-theatre-berkeley-ca: tickets=2 (found), photos=0 (empty)
2026-02-15 08:17:22,840 - INFO -   1981-09-25-stabler-arena-lehigh-u-bethlehem-pa-usa: tickets=2 (found), photos=0 (empty)
2026-02-15 08:17:28,871 - INFO -   1981-09-26-community-war-memorial-auditorium-buffalo-ny-usa: tickets=2 (found), photos=0 (empty)
2026-02-15 08:17:32,849 - INFO -   1981-09-27-capitol-centre-landover-md-usa: tickets=1 (found), photos=0 (empty)
2026-02-15 08:17:36,842 - INFO -   1981-09-30-playhouse-theater-edinburgh-scotland: tickets=1 (found), photos=0 (empty)
2026-02-15 08:17:40,951 - INFO -   1981-10-02-rainbow-theatre-london-england: tickets=1 (found), photos=0 (empty)
2026-02-15 08:17:44,614 - INFO -   1981-10-03-rainbow-theatre-london-england: tickets=1 (found), photos=0 (empty)
2026-02-15 08:17:48,937 - INFO -   1981-10-04-rainbow-theatre-london-england: tickets=1 (found), photos=0 (empty)
2026-02-15 08:17:53,033 - INFO -   1981-10-06-rainbow-theatre-london-england: tickets=1 (found), photos=0 (empty)
2026-02-15 08:17:56,924 - INFO -   1981-10-08-forum-theater-copenhagen-denmark: tickets=1 (found), photos=0 (empty)
2026-02-15 08:18:01,021 - INFO -   1981-10-10-stadthalle-bremen-germany: tickets=1 (found), photos=0 (empty)
2026-02-15 08:18:04,858 - INFO -   1981-10-12-olympia-halle-munich-germany: tickets=1 (found), photos=0 (empty)
2026-02-15 08:18:08,854 - INFO -   1981-10-13-walter-koebel-halle-russelsheim-germany: tickets=1 (found), photos=0 (empty)
2026-02-15 08:18:16,996 - INFO -   1981-10-17-the-hippodrome-paris-france: tickets=1 (found), photos=0 (empty)
2026-02-15 08:18:20,620 - INFO -   1981-10-19-sports-palace-barcelona-spain: tickets=1 (found), photos=0 (empty)
2026-02-15 08:18:24,837 - INFO -   1981-11-29-civic-arena-pittsburgh-pa-usa: tickets=1 (found), photos=0 (empty)
2026-02-15 08:18:30,856 - INFO -   1981-11-30-hara-arena-dayton-oh-usa: tickets=2 (found), photos=0 (empty)
2026-02-15 08:18:36,621 - INFO -   1981-12-02-assembly-hall-u-of-illinois-champaign-il-usa: tickets=2 (found), photos=0 (empty)
2026-02-15 08:18:42,800 - INFO -   1981-12-03-dane-county-coliseum-madison-wi-usa: tickets=2 (found), photos=0 (empty)
2026-02-15 08:18:48,864 - INFO -   1981-12-05-market-square-arena-indianapolis-in-usa: tickets=2 (found), photos=0 (empty)
2026-02-15 08:18:54,627 - INFO -   1981-12-06-rosemont-horizon-rosemont-il-usa: tickets=2 (found), photos=0 (empty)
2026-02-15 08:18:58,878 - INFO -   1981-12-07-des-moines-civic-center-des-moines-ia-usa: tickets=1 (found), photos=0 (empty)
2026-02-15 08:19:04,919 - INFO -   1981-12-09-events-center-u-of-colorado-boulder-co-usa: tickets=2 (found), photos=0 (empty)
2026-02-15 08:19:18,903 - INFO -   1981-12-31-oakland-auditorium-arena-oakland-ca-usa: tickets=1 (found), photos=0 (empty)
2026-02-15 08:19:22,631 - INFO -   1982-02-16-warfield-theater-san-francisco-ca-usa: tickets=1 (found), photos=0 (empty)
2026-02-15 08:19:26,881 - INFO -   1982-02-17-warfield-theater-san-francisco-ca-usa: tickets=1 (found), photos=0 (empty)
2026-02-15 08:19:28,789 - INFO - Progress: 1350/2313 shows (1350 processed, 0 skipped, 0 errors) — 1244 shows/hour
2026-02-15 08:19:35,009 - INFO -   1982-02-21-pauley-pavilion-ucla-los-angeles-ca-usa: tickets=1 (found), photos=0 (empty)
2026-02-15 08:19:38,853 - INFO -   1982-03-13-reno-centennial-coliseum-reno-nv-usa: tickets=1 (found), photos=0 (empty)
2026-02-15 08:19:45,063 - INFO -   1982-03-14-recreation-hall-uc-davis-davis-ca: tickets=2 (found), photos=0 (empty)
2026-02-15 08:19:48,899 - INFO -   1982-04-02-cameron-indoor-stadium-duke-u-durham-nc-usa: tickets=1 (found), photos=0 (empty)
2026-02-15 08:19:54,856 - INFO -   1982-04-03-the-scope-norfolk-va-usa: tickets=2 (found), photos=0 (empty)
2026-02-15 08:20:00,933 - INFO -   1982-04-05-the-spectrum-philadelphia-pa-usa: tickets=2 (found), photos=0 (empty)
2026-02-15 08:20:06,903 - INFO -   1982-04-06-the-spectrum-philadelphia-pa-usa: tickets=2 (found), photos=0 (empty)
2026-02-15 08:20:13,015 - INFO -   1982-04-08-onondaga-county-war-memorial-syracuse-ny-usa: tickets=2 (found), photos=0 (empty)
2026-02-15 08:20:18,923 - INFO -   1982-04-09-community-war-memorial-auditorium-rochester-ny-usa: tickets=2 (found), photos=0 (empty)
2026-02-15 08:20:26,629 - INFO -   1982-04-11-nassau-coliseum-uniondale-ny-usa: tickets=3 (found), photos=0 (empty)
2026-02-15 08:20:32,630 - INFO -   1982-04-12-nassau-coliseum-uniondale-ny-usa: tickets=2 (found), photos=0 (empty)
2026-02-15 08:20:38,922 - INFO -   1982-04-14-glenns-falls-civic-center-glenns-falls-ny-usa: tickets=2 (found), photos=0 (empty)
2026-02-15 08:20:44,630 - INFO -   1982-04-15-providence-civic-center-providence-ri-usa: tickets=2 (found), photos=0 (empty)
2026-02-15 08:20:50,921 - INFO -   1982-04-17-hartford-civic-center-hartford-ct-usa: tickets=2 (found), photos=0 (empty)
2026-02-15 08:20:56,898 - INFO -   1982-04-18-hartford-civic-center-hartford-ct-usa: tickets=2 (found), photos=0 (empty)
2026-02-15 08:21:00,634 - INFO -   1982-04-19-baltimore-civic-center-baltimore-md-usa: tickets=1 (found), photos=0 (empty)
2026-02-15 08:21:06,900 - INFO -   1982-05-21-greek-theatre-berkeley-ca: tickets=2 (found), photos=0 (empty)
2026-02-15 08:21:12,640 - INFO -   1982-05-22-greek-theatre-berkeley-ca: tickets=2 (found), photos=0 (empty)
2026-02-15 08:21:18,630 - INFO -   1982-05-23-greek-theatre-berkeley-ca: tickets=2 (found), photos=0 (empty)
2026-02-15 08:21:22,874 - INFO -   1982-05-28-moscone-convention-center-san-francisco-ca-usa: tickets=1 (found), photos=0 (empty)
2026-02-15 08:21:28,960 - INFO -   1982-07-17-ventura-county-fairgrounds-ventura-ca-usa: tickets=2 (found), photos=0 (empty)
2026-02-15 08:21:32,640 - INFO -   1982-07-18-ventura-county-fairgrounds-ventura-ca-usa: tickets=1 (found), photos=0 (empty)
2026-02-15 08:21:38,866 - INFO -   1982-07-25-compton-terrace-amphitheatre-tempe-az-usa: tickets=2 (found), photos=0 (empty)
2026-02-15 08:21:44,635 - INFO -   1982-07-27-red-rocks-amphitheatre-morrison-co-usa: tickets=2 (found), photos=0 (empty)
2026-02-15 08:21:50,635 - INFO -   1982-07-28-red-rocks-amphitheatre-morrison-co-usa: tickets=2 (found), photos=0 (empty)
2026-02-15 08:21:54,632 - INFO -   1982-07-29-red-rocks-amphitheatre-morrison-co-usa: tickets=1 (found), photos=0 (empty)
2026-02-15 08:21:58,865 - INFO -   1982-07-31-manor-downs-austin-tx-usa: tickets=1 (found), photos=0 (empty)
2026-02-15 08:22:02,977 - INFO -   1982-08-01-zoo-amphitheater-oklahoma-city-ok-usa: tickets=1 (found), photos=0 (empty)
2026-02-15 08:22:10,892 - INFO -   1982-08-03-starlight-theater-kansas-city-mo-usa: tickets=3 (found), photos=0 (empty)
2026-02-15 08:22:16,885 - INFO -   1982-08-04-kiel-auditorium-st-louis-mo-usa: tickets=2 (found), photos=0 (empty)
2026-02-15 08:22:22,944 - INFO -   1982-08-06-st-paul-civic-center-st-paul-mn-usa: tickets=2 (found), photos=0 (empty)
2026-02-15 08:22:28,883 - INFO -   1982-08-07-alpine-valley-music-theatre-east-troy-wi-usa: tickets=2 (found), photos=0 (empty)
2026-02-15 08:22:34,872 - INFO -   1982-08-08-alpine-valley-music-theatre-east-troy-wi-usa: tickets=2 (found), photos=0 (empty)
2026-02-15 08:22:38,917 - INFO -   1982-08-10-fieldhouse-u-of-iowa-iowa-city-ia-usa: tickets=1 (found), photos=0 (empty)
2026-02-15 08:22:42,920 - INFO -   1982-08-28-oregon-county-fair-veneta-or-usa: tickets=1 (found), photos=0 (empty)
2026-02-15 08:22:46,885 - INFO -   1982-08-29-seattle-center-coliseum-seattle-wa-usa: tickets=1 (found), photos=0 (empty)
2026-02-15 08:22:50,876 - INFO -   1982-09-05-glen-helen-regional-park-devore-ca-usa: tickets=1 (found), photos=0 (empty)
2026-02-15 08:22:56,644 - INFO -   1982-09-09-saenger-performing-arts-center-new-orleans-la-usa: tickets=2 (found), photos=0 (empty)
2026-02-15 08:23:00,891 - INFO -   1982-09-11-west-palm-beach-auditorium-west-palm-beach-fl-usa: tickets=1 (found), photos=0 (empty)
2026-02-15 08:23:04,862 - INFO -   1982-09-12-lakeland-civic-center-lakeland-fl-usa: tickets=1 (found), photos=0 (empty)
2026-02-15 08:23:08,645 - INFO -   1982-09-14-u-of-virginia-charlottesville-va-usa: tickets=1 (found), photos=0 (empty)
2026-02-15 08:23:14,871 - INFO -   1982-09-15-capitol-centre-landover-md-usa: tickets=2 (found), photos=0 (empty)
2026-02-15 08:23:20,879 - INFO -   1982-09-17-cumberland-county-civic-center-portland-me-usa: tickets=2 (found), photos=0 (empty)
2026-02-15 08:23:24,933 - INFO -   1982-09-18-boston-garden-boston-ma-usa: tickets=1 (found), photos=0 (empty)
2026-02-15 08:23:30,922 - INFO -   1982-09-20-madison-square-garden-new-york-ny-usa: tickets=2 (found), photos=0 (empty)
2026-02-15 08:23:38,894 - INFO -   1982-09-21-madison-square-garden-new-york-ny-usa: tickets=3 (found), photos=0 (empty)
2026-02-15 08:23:44,963 - INFO -   1982-09-23-veterans-memorial-coliseum-new-haven-ct-usa: tickets=2 (found), photos=0 (empty)
2026-02-15 08:23:50,646 - INFO -   1982-09-24-carrier-dome-syracuse-u-syracuse-ny-usa: tickets=2 (found), photos=0 (empty)
2026-02-15 08:23:54,875 - INFO -   1982-10-09-frost-amphitheatre-palo-alto-ca-usa: tickets=1 (found), photos=0 (empty)
2026-02-15 08:23:54,875 - INFO - Progress: 1400/2313 shows (1400 processed, 0 skipped, 0 errors) — 1208 shows/hour
2026-02-15 08:23:58,858 - INFO -   1982-10-10-frost-amphitheatre-palo-alto-ca-usa: tickets=1 (found), photos=0 (empty)
2026-02-15 08:24:03,010 - INFO -   1982-10-17-santa-fe-downs-santa-fe-nm-usa: tickets=1 (found), photos=0 (empty)
2026-02-15 08:24:10,988 - INFO -   1982-12-26-oakland-auditorium-arena-oakland-ca-usa: tickets=2 (found), photos=0 (empty)
2026-02-15 08:24:16,649 - INFO -   1982-12-27-oakland-auditorium-arena-oakland-ca-usa: tickets=2 (found), photos=0 (empty)
2026-02-15 08:24:22,644 - INFO -   1982-12-28-oakland-auditorium-arena-oakland-ca-usa: tickets=2 (found), photos=0 (empty)
2026-02-15 08:24:28,646 - INFO -   1982-12-30-oakland-auditorium-arena-oakland-ca-usa: tickets=2 (found), photos=0 (empty)
2026-02-15 08:24:34,642 - INFO -   1982-12-31-oakland-auditorium-arena-oakland-ca-usa: tickets=2 (found), photos=0 (empty)
2026-02-15 08:24:38,998 - INFO -   1983-03-25-compton-terrace-amphitheatre-tempe-az-usa: tickets=1 (found), photos=0 (empty)
2026-02-15 08:24:42,907 - INFO -   1983-03-26-aladdin-theater-las-vegas-nv-usa: tickets=1 (found), photos=0 (empty)
2026-02-15 08:24:46,886 - INFO -   1983-03-27-irvine-meadows-irvine-ca-usa: tickets=1 (found), photos=0 (empty)
2026-02-15 08:24:50,651 - INFO -   1983-03-29-warfield-theater-san-francisco-ca-usa: tickets=1 (found), photos=0 (empty)
2026-02-15 08:24:54,947 - INFO -   1983-03-30-warfield-theater-san-francisco-ca-usa: tickets=1 (found), photos=0 (empty)
2026-02-15 08:24:58,650 - INFO -   1983-03-31-warfield-theater-san-francisco-ca-usa: tickets=1 (found), photos=0 (empty)
2026-02-15 08:25:02,967 - INFO -   1983-04-09-hampton-coliseum-hampton-va-usa: tickets=1 (found), photos=0 (empty)
2026-02-15 08:25:06,969 - INFO -   1983-04-10-morgantown-civic-center-morgantown-wv-usa: tickets=1 (found), photos=0 (empty)
2026-02-15 08:25:14,947 - INFO -   1983-04-15-community-war-memorial-auditorium-rochester-ny-usa: tickets=1 (found), photos=0 (empty)
2026-02-15 08:25:18,882 - INFO -   1983-04-16-meadowlands-arena-east-rutherford-nj-usa: tickets=1 (found), photos=0 (empty)
2026-02-15 08:25:22,917 - INFO -   1983-04-17-meadowlands-arena-east-rutherford-nj-usa: tickets=1 (found), photos=0 (empty)
2026-02-15 08:25:26,886 - INFO -   1983-04-19-alfond-arena-u-of-maine-orono-me-usa: tickets=1 (found), photos=0 (empty)
2026-02-15 08:25:30,890 - INFO -   1983-04-20-providence-civic-center-providence-ri-usa: tickets=1 (found), photos=0 (empty)
2026-02-15 08:25:34,911 - INFO -   1983-04-22-veterans-memorial-coliseum-new-haven-ct-usa: tickets=1 (found), photos=0 (empty)
2026-02-15 08:25:38,882 - INFO -   1983-04-23-veterans-memorial-coliseum-new-haven-ct-usa: tickets=1 (found), photos=0 (empty)
2026-02-15 08:25:42,911 - INFO -   1983-04-25-the-spectrum-philadelphia-pa-usa: tickets=1 (found), photos=0 (empty)
2026-02-15 08:25:46,923 - INFO -   1983-04-26-the-spectrum-philadelphia-pa-usa: tickets=1 (found), photos=0 (empty)
2026-02-15 08:25:50,873 - INFO -   1983-05-13-greek-theatre-berkeley-ca: tickets=1 (found), photos=0 (empty)
2026-02-15 08:25:56,883 - INFO -   1983-05-14-greek-theatre-berkeley-ca: tickets=2 (found), photos=0 (empty)
2026-02-15 08:26:04,883 - INFO -   1983-05-15-greek-theatre-berkeley-ca: tickets=3 (found), photos=0 (empty)
2026-02-15 08:26:10,655 - INFO -   1983-06-18-saratoga-performing-arts-center-saratoga-springs-ny-usa: tickets=2 (found), photos=0 (empty)
2026-02-15 08:26:16,656 - INFO -   1983-06-20-merriweather-post-pavilion-columbia-md-usa: tickets=2 (found), photos=0 (empty)
2026-02-15 08:26:22,955 - INFO -   1983-06-21-merriweather-post-pavilion-columbia-md-usa: tickets=2 (found), photos=0 (empty)
2026-02-15 08:26:28,879 - INFO -   1983-06-22-city-island-harrisburg-pa-usa: tickets=2 (found), photos=0 (empty)
2026-02-15 08:26:34,900 - INFO -   1983-06-24-dane-county-coliseum-madison-wi-usa: tickets=2 (found), photos=0 (empty)
2026-02-15 08:26:40,885 - INFO -   1983-06-25-st-paul-civic-center-st-paul-mn-usa: tickets=2 (found), photos=0 (empty)
2026-02-15 08:26:46,917 - INFO -   1983-06-27-poplar-creek-music-theater-hofman-estates-il-usa: tickets=2 (found), photos=0 (empty)
2026-02-15 08:26:52,873 - INFO -   1983-06-28-poplar-creek-music-theater-hofman-estates-il-usa: tickets=2 (found), photos=0 (empty)
2026-02-15 08:26:56,923 - INFO -   1983-07-30-ventura-county-fairgrounds-ventura-ca-usa: tickets=1 (found), photos=0 (empty)
2026-02-15 08:27:00,654 - INFO -   1983-07-31-ventura-county-fairgrounds-ventura-ca-usa: tickets=1 (found), photos=0 (empty)
2026-02-15 08:27:08,874 - INFO -   1983-08-20-frost-amphitheatre-palo-alto-ca-usa: tickets=3 (found), photos=0 (empty)
2026-02-15 08:27:15,228 - INFO -   1983-08-21-frost-amphitheatre-palo-alto-ca-usa: tickets=2 (found), photos=0 (empty)
2026-02-15 08:27:20,919 - INFO -   1983-08-26-portland-memorial-coliseum-portland-or-usa: tickets=2 (found), photos=0 (empty)
2026-02-15 08:27:26,968 - INFO -   1983-08-27-seattle-center-coliseum-seattle-wa-usa: tickets=2 (found), photos=0 (empty)
2026-02-15 08:27:32,925 - INFO -   1983-08-29-silva-hall-hult-center-eugene-or-usa: tickets=2 (found), photos=0 (empty)
2026-02-15 08:27:40,891 - INFO -   1983-08-30-silva-hall-hult-center-eugene-or-usa: tickets=3 (found), photos=0 (empty)
2026-02-15 08:27:46,924 - INFO -   1983-08-31-silva-hall-hult-center-eugene-or-usa: tickets=2 (found), photos=0 (empty)
2026-02-15 08:27:52,999 - INFO -   1983-09-02-boise-pavillion-boise-state-u-boise-id-usa: tickets=2 (found), photos=0 (empty)
2026-02-15 08:27:56,909 - INFO -   1983-09-04-park-west-ski-resort-park-city-ut-usa: tickets=1 (found), photos=0 (empty)
2026-02-15 08:28:02,668 - INFO -   1983-09-06-red-rocks-amphitheatre-morrison-co-usa: tickets=2 (found), photos=0 (empty)
2026-02-15 08:28:02,668 - INFO - Progress: 1450/2313 shows (1450 processed, 0 skipped, 0 errors) — 1181 shows/hour
2026-02-15 08:28:08,874 - INFO -   1983-09-07-red-rocks-amphitheatre-morrison-co-usa: tickets=2 (found), photos=0 (empty)
2026-02-15 08:28:14,918 - INFO -   1983-09-08-red-rocks-amphitheatre-morrison-co-usa: tickets=2 (found), photos=0 (empty)
2026-02-15 08:28:20,884 - INFO -   1983-09-10-santa-fe-downs-santa-fe-nm-usa: tickets=2 (found), photos=0 (empty)
2026-02-15 08:28:26,887 - INFO -   1983-09-11-santa-fe-downs-santa-fe-nm-usa: tickets=2 (found), photos=0 (empty)
2026-02-15 08:28:30,943 - INFO -   1983-09-13-manor-downs-austin-tx-usa: tickets=1 (found), photos=0 (empty)
2026-02-15 08:28:34,667 - INFO -   1983-09-18-nevada-county-fairgrounds-grass-valley-ca-usa: tickets=1 (found), photos=0 (empty)
2026-02-15 08:28:40,893 - INFO -   1983-09-24-santa-cruz-county-fairgrounds-watsonville-ca-usa: tickets=2 (found), photos=0 (empty)
2026-02-15 08:28:46,903 - INFO -   1983-10-08-richmond-coliseum-richmond-va-usa: tickets=2 (found), photos=0 (empty)
2026-02-15 08:28:50,915 - INFO -   1983-10-09-greensboro-coliseum-greensboro-nc-usa: tickets=1 (found), photos=0 (empty)
2026-02-15 08:28:56,916 - INFO -   1983-10-11-madison-square-garden-new-york-ny-usa: tickets=2 (found), photos=0 (empty)
2026-02-15 08:29:02,935 - INFO -   1983-10-12-madison-square-garden-new-york-ny-usa: tickets=2 (found), photos=0 (empty)
2026-02-15 08:29:08,932 - INFO -   1983-10-14-hartford-civic-center-hartford-ct-usa: tickets=2 (found), photos=0 (empty)
2026-02-15 08:29:14,664 - INFO -   1983-10-15-hartford-civic-center-hartford-ct-usa: tickets=2 (found), photos=0 (empty)
2026-02-15 08:29:20,911 - INFO -   1983-10-17-olympic-center-lake-placid-ny-usa: tickets=2 (found), photos=0 (empty)
2026-02-15 08:29:24,884 - INFO -   1983-10-18-cumberland-county-civic-center-portland-me-usa: tickets=1 (found), photos=0 (empty)
2026-02-15 08:29:30,918 - INFO -   1983-10-20-the-centrum-worcester-ma-usa: tickets=2 (found), photos=0 (empty)
2026-02-15 08:29:36,898 - INFO -   1983-10-21-the-centrum-worcester-ma-usa: tickets=2 (found), photos=0 (empty)
2026-02-15 08:29:42,999 - INFO -   1983-10-22-carrier-dome-syracuse-u-syracuse-ny-usa: tickets=2 (found), photos=0 (empty)
2026-02-15 08:29:52,938 - INFO -   1983-12-27-san-francisco-civic-auditorium-san-francisco-ca-usa: tickets=2 (found), photos=0 (empty)
2026-02-15 08:29:56,912 - INFO -   1983-12-28-san-francisco-civic-auditorium-san-francisco-ca-usa: tickets=1 (found), photos=0 (empty)
2026-02-15 08:30:00,898 - INFO -   1983-12-30-san-francisco-civic-auditorium-san-francisco-ca-usa: tickets=1 (found), photos=0 (empty)
2026-02-15 08:30:06,924 - INFO -   1983-12-31-san-francisco-civic-auditorium-san-francisco-ca-usa: tickets=2 (found), photos=0 (empty)
2026-02-15 08:30:13,010 - INFO -   1984-03-28-marin-county-veterans-auditorium-san-rafael-ca-usa: tickets=2 (found), photos=0 (empty)
2026-02-15 08:30:18,675 - INFO -   1984-03-29-marin-county-veterans-auditorium-san-rafael-ca-usa: tickets=2 (found), photos=0 (empty)
2026-02-15 08:30:26,671 - INFO -   1984-03-31-marin-county-veterans-auditorium-san-rafael-ca-usa: tickets=3 (found), photos=0 (empty)
2026-02-15 08:30:34,670 - INFO -   1984-04-01-marin-county-veterans-auditorium-san-rafael-ca-usa: tickets=3 (found), photos=0 (empty)
2026-02-15 08:30:39,002 - INFO -   1984-04-06-aladdin-theater-las-vegas-nv-usa: tickets=1 (found), photos=0 (empty)
2026-02-15 08:30:42,926 - INFO -   1984-04-07-irvine-meadows-irvine-ca-usa: tickets=1 (found), photos=0 (empty)
2026-02-15 08:30:48,911 - INFO -   1984-04-13-hampton-coliseum-hampton-va-usa: tickets=2 (found), photos=0 (empty)
2026-02-15 08:30:54,969 - INFO -   1984-04-14-hampton-coliseum-hampton-va-usa: tickets=2 (found), photos=0 (empty)
2026-02-15 08:31:00,892 - INFO -   1984-04-16-community-war-memorial-auditorium-rochester-ny-usa: tickets=2 (found), photos=0 (empty)
2026-02-15 08:31:06,944 - INFO -   1984-04-17-niagara-falls-convention-center-niagara-falls-ny-usa: tickets=2 (found), photos=0 (empty)
2026-02-15 08:31:12,895 - INFO -   1984-04-19-philadelphia-civic-arena-philadelphia-pa-usa: tickets=2 (found), photos=0 (empty)
2026-02-15 08:31:18,928 - INFO -   1984-04-20-philadelphia-civic-arena-philadelphia-pa-usa: tickets=2 (found), photos=0 (empty)
2026-02-15 08:31:24,915 - INFO -   1984-04-21-philadelphia-civic-arena-philadelphia-pa-usa: tickets=2 (found), photos=0 (empty)
2026-02-15 08:31:32,949 - INFO -   1984-04-23-veterans-memorial-coliseum-new-haven-ct-usa: tickets=3 (found), photos=0 (empty)
2026-02-15 08:31:40,921 - INFO -   1984-04-24-veterans-memorial-coliseum-new-haven-ct-usa: tickets=3 (found), photos=0 (empty)
2026-02-15 08:31:46,970 - INFO -   1984-04-26-providence-civic-center-providence-ri-usa: tickets=2 (found), photos=0 (empty)
2026-02-15 08:31:52,678 - INFO -   1984-04-27-providence-civic-center-providence-ri-usa: tickets=2 (found), photos=0 (empty)
2026-02-15 08:31:58,961 - INFO -   1984-04-29-nassau-coliseum-uniondale-ny-usa: tickets=2 (found), photos=0 (empty)
2026-02-15 08:32:04,912 - INFO -   1984-04-30-nassau-coliseum-uniondale-ny-usa: tickets=2 (found), photos=0 (empty)
2026-02-15 08:32:10,925 - INFO -   1984-05-06-silva-hall-hult-center-eugene-or-usa: tickets=2 (found), photos=0 (empty)
2026-02-15 08:32:16,922 - INFO -   1984-05-07-silva-hall-hult-center-eugene-or-usa: tickets=2 (found), photos=0 (empty)
2026-02-15 08:32:23,033 - INFO -   1984-05-08-silva-hall-hult-center-eugene-or-usa: tickets=2 (found), photos=0 (empty)
2026-02-15 08:32:27,091 - INFO -   1984-06-09-cal-expo-sacramento-ca-usa: tickets=1 (found), photos=0 (empty)
2026-02-15 08:32:30,905 - INFO -   1984-06-10-cal-expo-sacramento-ca-usa: tickets=1 (found), photos=0 (empty)
2026-02-15 08:32:34,941 - INFO -   1984-06-12-red-rocks-amphitheatre-morrison-co-usa: tickets=1 (found), photos=0 (empty)
2026-02-15 08:32:40,681 - INFO -   1984-06-13-red-rocks-amphitheatre-morrison-co-usa: tickets=2 (found), photos=0 (empty)
2026-02-15 08:32:40,682 - INFO - Progress: 1500/2313 shows (1500 processed, 0 skipped, 0 errors) — 1149 shows/hour
2026-02-15 08:32:46,904 - INFO -   1984-06-14-red-rocks-amphitheatre-morrison-co-usa: tickets=2 (found), photos=0 (empty)
2026-02-15 08:32:50,902 - INFO -   1984-06-21-kingswood-music-theater-maple-ontario-canada: tickets=1 (found), photos=0 (empty)
2026-02-15 08:32:58,980 - INFO -   1984-06-23-city-island-harrisburg-pa-usa: tickets=3 (found), photos=0 (empty)
2026-02-15 08:33:02,955 - INFO -   1984-06-24-saratoga-performing-arts-center-saratoga-springs-ny-usa: tickets=1 (found), photos=0 (empty)
2026-02-15 08:33:08,936 - INFO -   1984-06-26-merriweather-post-pavilion-columbia-md-usa: tickets=2 (found), photos=0 (empty)
2026-02-15 08:33:14,937 - INFO -   1984-06-27-merriweather-post-pavilion-columbia-md-usa: tickets=2 (found), photos=0 (empty)
2026-02-15 08:33:20,937 - INFO -   1984-06-29-blossom-music-center-cuyahoga-falls-oh-usa: tickets=2 (found), photos=0 (empty)
2026-02-15 08:33:26,903 - INFO -   1984-06-30-indianapolis-sports-and-music-center-indianapolis-in-usa: tickets=2 (found), photos=0 (empty)
2026-02-15 08:33:32,979 - INFO -   1984-07-01-pine-knob-music-theater-clarkston-mi-usa: tickets=2 (found), photos=0 (empty)
2026-02-15 08:33:38,941 - INFO -   1984-07-03-starlight-theater-kansas-city-mo-usa: tickets=2 (found), photos=0 (empty)
2026-02-15 08:33:44,919 - INFO -   1984-07-04-five-seasons-center-cedar-rapids-ia-usa: tickets=2 (found), photos=0 (empty)
2026-02-15 08:33:50,935 - INFO -   1984-07-06-alpine-valley-music-theatre-east-troy-wi-usa: tickets=2 (found), photos=0 (empty)
2026-02-15 08:33:56,693 - INFO -   1984-07-07-alpine-valley-music-theatre-east-troy-wi-usa: tickets=2 (found), photos=0 (empty)
2026-02-15 08:34:02,916 - INFO -   1984-07-13-greek-theatre-berkeley-ca: tickets=2 (found), photos=0 (empty)
2026-02-15 08:34:06,917 - INFO -   1984-07-14-greek-theatre-berkeley-ca: tickets=1 (found), photos=0 (empty)
2026-02-15 08:34:10,690 - INFO -   1984-07-15-greek-theatre-berkeley-ca: tickets=1 (found), photos=0 (empty)
2026-02-15 08:34:14,686 - INFO -   1984-07-21-ventura-county-fairgrounds-ventura-ca-usa: tickets=1 (found), photos=0 (empty)
2026-02-15 08:34:18,690 - INFO -   1984-07-22-ventura-county-fairgrounds-ventura-ca-usa: tickets=1 (found), photos=0 (empty)
2026-02-15 08:34:24,696 - INFO -   1984-10-05-charlotte-coliseum-charlotte-nc-usa: tickets=2 (found), photos=0 (empty)
2026-02-15 08:34:30,938 - INFO -   1984-10-06-richmond-coliseum-richmond-va-usa: tickets=2 (found), photos=0 (empty)
2026-02-15 08:34:36,692 - INFO -   1984-10-08-the-centrum-worcester-ma-usa: tickets=2 (found), photos=0 (empty)
2026-02-15 08:34:42,969 - INFO -   1984-10-09-the-centrum-worcester-ma-usa: tickets=2 (found), photos=0 (empty)
2026-02-15 08:34:48,921 - INFO -   1984-10-11-augusta-civic-center-augusta-me-usa: tickets=2 (found), photos=0 (empty)
2026-02-15 08:34:56,990 - INFO -   1984-10-12-augusta-civic-center-augusta-me-usa: tickets=3 (found), photos=0 (empty)
2026-02-15 08:35:02,954 - INFO -   1984-10-14-hartford-civic-center-hartford-ct-usa: tickets=2 (found), photos=0 (empty)
2026-02-15 08:35:08,998 - INFO -   1984-10-15-hartford-civic-center-hartford-ct-usa: tickets=2 (found), photos=0 (empty)
2026-02-15 08:35:14,918 - INFO -   1984-10-17-meadowlands-arena-east-rutherford-nj-usa: tickets=2 (found), photos=0 (empty)
2026-02-15 08:35:20,935 - INFO -   1984-10-18-meadowlands-arena-east-rutherford-nj-usa: tickets=2 (found), photos=0 (empty)
2026-02-15 08:35:26,952 - INFO -   1984-10-20-carrier-dome-syracuse-u-syracuse-ny-usa: tickets=2 (found), photos=0 (empty)
2026-02-15 08:35:33,012 - INFO -   1984-10-27-berkeley-community-theater-berkeley-ca-usa: tickets=2 (found), photos=0 (empty)
2026-02-15 08:35:38,696 - INFO -   1984-10-28-berkeley-community-theater-berkeley-ca-usa: tickets=2 (found), photos=0 (empty)
2026-02-15 08:35:44,998 - INFO -   1984-10-30-berkeley-community-theater-berkeley-ca-usa: tickets=2 (found), photos=0 (empty)
2026-02-15 08:35:48,922 - INFO -   1984-10-31-berkeley-community-theater-berkeley-ca-usa: tickets=1 (found), photos=0 (empty)
2026-02-15 08:35:52,943 - INFO -   1984-11-02-berkeley-community-theater-berkeley-ca-usa: tickets=1 (found), photos=0 (empty)
2026-02-15 08:35:56,922 - INFO -   1984-11-03-berkeley-community-theater-berkeley-ca-usa: tickets=1 (found), photos=0 (empty)
2026-02-15 08:36:02,939 - INFO -   1984-12-28-san-francisco-civic-auditorium-san-francisco-ca-usa: tickets=2 (found), photos=0 (empty)
2026-02-15 08:36:08,977 - INFO -   1984-12-29-san-francisco-civic-auditorium-san-francisco-ca-usa: tickets=2 (found), photos=0 (empty)
2026-02-15 08:36:14,999 - INFO -   1984-12-31-san-francisco-civic-auditorium-san-francisco-ca-usa: tickets=2 (found), photos=0 (empty)
2026-02-15 08:36:18,703 - INFO -   1985-02-18-henry-j-kaiser-convention-center-oakland-ca-usa: tickets=1 (found), photos=0 (empty)
2026-02-15 08:36:22,698 - INFO -   1985-02-19-henry-j-kaiser-convention-center-oakland-ca-usa: tickets=1 (found), photos=0 (empty)
2026-02-15 08:36:26,707 - INFO -   1985-02-20-henry-j-kaiser-convention-center-oakland-ca-usa: tickets=1 (found), photos=0 (empty)
2026-02-15 08:36:32,708 - INFO -   1985-03-09-berkeley-community-theater-berkeley-ca-usa: tickets=2 (found), photos=0 (empty)
2026-02-15 08:36:38,940 - INFO -   1985-03-10-berkeley-community-theater-berkeley-ca-usa: tickets=2 (found), photos=0 (empty)
2026-02-15 08:36:44,934 - INFO -   1985-03-12-berkeley-community-theater-berkeley-ca-usa: tickets=2 (found), photos=0 (empty)
2026-02-15 08:36:50,953 - INFO -   1985-03-13-berkeley-community-theater-berkeley-ca-usa: tickets=2 (found), photos=0 (empty)
2026-02-15 08:36:56,956 - INFO -   1985-03-21-hampton-coliseum-hampton-va-usa: tickets=2 (found), photos=0 (empty)
2026-02-15 08:37:02,987 - INFO -   1985-03-22-hampton-coliseum-hampton-va-usa: tickets=2 (found), photos=0 (empty)
2026-02-15 08:37:08,937 - INFO -   1985-03-24-springfield-civic-center-springfield-ma-usa: tickets=2 (found), photos=0 (empty)
2026-02-15 08:37:15,020 - INFO -   1985-03-25-springfield-civic-center-springfield-ma-usa: tickets=2 (found), photos=0 (empty)
2026-02-15 08:37:20,968 - INFO -   1985-03-27-nassau-coliseum-uniondale-ny-usa: tickets=2 (found), photos=0 (empty)
2026-02-15 08:37:20,969 - INFO - Progress: 1550/2313 shows (1550 processed, 0 skipped, 0 errors) — 1121 shows/hour
2026-02-15 08:37:26,937 - INFO -   1985-03-28-nassau-coliseum-uniondale-ny-usa: tickets=2 (found), photos=0 (empty)
2026-02-15 08:37:32,826 - INFO -   1985-03-29-nassau-coliseum-uniondale-ny-usa: tickets=2 (found), photos=0 (empty)
2026-02-15 08:37:38,713 - INFO -   1985-03-31-cumberland-county-civic-center-portland-me-usa: tickets=2 (found), photos=0 (empty)
2026-02-15 08:37:45,045 - INFO -   1985-04-01-cumberland-county-civic-center-portland-me-usa: tickets=2 (found), photos=0 (empty)
2026-02-15 08:37:51,006 - INFO -   1985-04-03-providence-civic-center-providence-ri-usa: tickets=2 (found), photos=0 (empty)
2026-02-15 08:37:57,004 - INFO -   1985-04-04-providence-civic-center-providence-ri-usa: tickets=2 (found), photos=0 (empty)
2026-02-15 08:38:02,937 - INFO -   1985-04-06-the-spectrum-philadelphia-pa-usa: tickets=2 (found), photos=0 (empty)
2026-02-15 08:38:08,930 - INFO -   1985-04-07-the-spectrum-philadelphia-pa-usa: tickets=2 (found), photos=0 (empty)
2026-02-15 08:38:15,016 - INFO -   1985-04-08-the-spectrum-philadelphia-pa-usa: tickets=2 (found), photos=0 (empty)
2026-02-15 08:38:21,039 - INFO -   1985-04-13-irvine-meadows-irvine-ca-usa: tickets=2 (found), photos=0 (empty)
2026-02-15 08:38:26,939 - INFO -   1985-04-14-irvine-meadows-irvine-ca-usa: tickets=2 (found), photos=0 (empty)
2026-02-15 08:38:31,078 - INFO -   1985-04-27-frost-amphitheatre-palo-alto-ca-usa: tickets=1 (found), photos=0 (empty)
2026-02-15 08:38:34,956 - INFO -   1985-04-28-frost-amphitheatre-palo-alto-ca-usa: tickets=1 (found), photos=0 (empty)
2026-02-15 08:38:42,722 - INFO -   1985-06-14-greek-theatre-berkeley-ca: tickets=3 (found), photos=0 (empty)
2026-02-15 08:38:48,942 - INFO -   1985-06-15-greek-theatre-berkeley-ca: tickets=2 (found), photos=0 (empty)
2026-02-15 08:38:54,990 - INFO -   1985-06-16-greek-theatre-berkeley-ca: tickets=2 (found), photos=0 (empty)
2026-02-15 08:39:00,944 - INFO -   1985-06-21-alpine-valley-music-theatre-east-troy-wi-usa: tickets=2 (found), photos=0 (empty)
2026-02-15 08:39:06,955 - INFO -   1985-06-22-alpine-valley-music-theatre-east-troy-wi-usa: tickets=2 (found), photos=0 (empty)
2026-02-15 08:39:12,938 - INFO -   1985-06-24-river-bend-music-center-cincinnati-oh-usa: tickets=2 (found), photos=0 (empty)
2026-02-15 08:39:17,034 - INFO -   1985-06-25-blossom-music-center-cuyahoga-falls-oh-usa: tickets=1 (found), photos=0 (empty)
2026-02-15 08:39:22,940 - INFO -   1985-06-27-saratoga-performing-arts-center-saratoga-springs-ny-usa: tickets=2 (found), photos=0 (empty)
2026-02-15 08:39:28,969 - INFO -   1985-06-28-hershey-park-stadium-hershey-pa-usa: tickets=2 (found), photos=0 (empty)
2026-02-15 08:39:34,723 - INFO -   1985-06-30-merriweather-post-pavilion-columbia-md-usa: tickets=2 (found), photos=0 (empty)
2026-02-15 08:39:41,032 - INFO -   1985-07-01-merriweather-post-pavilion-columbia-md-usa: tickets=2 (found), photos=0 (empty)
2026-02-15 08:39:48,949 - INFO -   1985-07-02-civic-arena-pittsburgh-pa-usa: tickets=3 (found), photos=0 (empty)
2026-02-15 08:39:54,727 - INFO -   1985-07-13-ventura-county-fairgrounds-ventura-ca-usa: tickets=2 (found), photos=0 (empty)
2026-02-15 08:40:00,727 - INFO -   1985-07-14-ventura-county-fairgrounds-ventura-ca-usa: tickets=2 (found), photos=0 (empty)
2026-02-15 08:40:06,978 - INFO -   1985-08-24-boreal-ridge-ski-resort-donners-summit-ca-usa: tickets=2 (found), photos=0 (empty)
2026-02-15 08:40:12,973 - INFO -   1985-08-30-southern-star-amphitheater-houston-tx-usa: tickets=2 (found), photos=0 (empty)
2026-02-15 08:40:18,952 - INFO -   1985-08-31-manor-downs-austin-tx-usa: tickets=2 (found), photos=0 (empty)
2026-02-15 08:40:24,948 - INFO -   1985-09-02-zoo-amphitheater-oklahoma-city-ok-usa: tickets=2 (found), photos=0 (empty)
2026-02-15 08:40:31,024 - INFO -   1985-09-03-starlight-theater-kansas-city-mo-usa: tickets=2 (found), photos=0 (empty)
2026-02-15 08:40:36,979 - INFO -   1985-09-05-red-rocks-amphitheatre-morrison-co-usa: tickets=2 (found), photos=0 (empty)
2026-02-15 08:40:42,730 - INFO -   1985-09-06-red-rocks-amphitheatre-morrison-co-usa: tickets=2 (found), photos=0 (empty)
2026-02-15 08:40:49,015 - INFO -   1985-09-07-red-rocks-amphitheatre-morrison-co-usa: tickets=2 (found), photos=0 (empty)
2026-02-15 08:40:56,731 - INFO -   1985-09-10-henry-j-kaiser-convention-center-oakland-ca-usa: tickets=3 (found), photos=0 (empty)
2026-02-15 08:41:02,990 - INFO -   1985-09-11-henry-j-kaiser-convention-center-oakland-ca-usa: tickets=2 (found), photos=0 (empty)
2026-02-15 08:41:11,021 - INFO -   1985-09-12-henry-j-kaiser-convention-center-oakland-ca-usa: tickets=3 (found), photos=0 (empty)
2026-02-15 08:41:19,042 - INFO -   1985-09-15-devore-field-southwestern-u-chula-vista-ca-usa: tickets=3 (found), photos=0 (empty)
2026-02-15 08:41:25,030 - INFO -   1985-10-25-the-sportatorium-pembroke-pines-fl-usa: tickets=2 (found), photos=0 (empty)
2026-02-15 08:41:30,735 - INFO -   1985-10-26-sun-dome-tampa-fl-usa: tickets=2 (found), photos=0 (empty)
2026-02-15 08:41:36,731 - INFO -   1985-10-28-fox-theater-atlanta-ga-usa: tickets=2 (found), photos=0 (empty)
2026-02-15 08:41:42,741 - INFO -   1985-10-29-fox-theater-atlanta-ga-usa: tickets=2 (found), photos=0 (empty)
2026-02-15 08:41:49,060 - INFO -   1985-10-31-carolina-coliseum-u-of-south-carolina-columbia-sc-usa: tickets=2 (found), photos=0 (empty)
2026-02-15 08:41:54,957 - INFO -   1985-11-01-richmond-coliseum-richmond-va-usa: tickets=2 (found), photos=0 (empty)
2026-02-15 08:42:00,959 - INFO -   1985-11-02-richmond-coliseum-richmond-va-usa: tickets=2 (found), photos=0 (empty)
2026-02-15 08:42:07,016 - INFO -   1985-11-04-the-centrum-worcester-ma-usa: tickets=2 (found), photos=0 (empty)
2026-02-15 08:42:12,978 - INFO -   1985-11-05-the-centrum-worcester-ma-usa: tickets=2 (found), photos=0 (empty)
2026-02-15 08:42:18,974 - INFO -   1985-11-07-community-war-memorial-auditorium-rochester-ny-usa: tickets=2 (found), photos=0 (empty)
2026-02-15 08:42:25,047 - INFO -   1985-11-08-community-war-memorial-auditorium-rochester-ny-usa: tickets=2 (found), photos=0 (empty)
2026-02-15 08:42:25,047 - INFO - Progress: 1600/2313 shows (1600 processed, 0 skipped, 0 errors) — 1090 shows/hour
2026-02-15 08:42:31,033 - INFO -   1985-11-10-meadowlands-arena-east-rutherford-nj-usa: tickets=2 (found), photos=0 (empty)
2026-02-15 08:42:37,054 - INFO -   1985-11-11-meadowlands-arena-east-rutherford-nj-usa: tickets=2 (found), photos=0 (empty)
2026-02-15 08:42:43,093 - INFO -   1985-11-16-long-beach-arena-long-beach-ca-usa: tickets=2 (found), photos=0 (empty)
2026-02-15 08:42:48,954 - INFO -   1985-11-17-long-beach-arena-long-beach-ca-usa: tickets=2 (found), photos=0 (empty)
2026-02-15 08:42:52,742 - INFO -   1985-11-20-henry-j-kaiser-convention-center-oakland-ca-usa: tickets=1 (found), photos=0 (empty)
2026-02-15 08:42:58,746 - INFO -   1985-11-21-henry-j-kaiser-convention-center-oakland-ca-usa: tickets=2 (found), photos=0 (empty)
2026-02-15 08:43:05,023 - INFO -   1985-11-22-henry-j-kaiser-convention-center-oakland-ca-usa: tickets=2 (found), photos=0 (empty)
2026-02-15 08:43:11,033 - INFO -   1985-12-30-oakland-alameda-county-coliseum-oakland-ca-usa: tickets=2 (found), photos=0 (empty)
2026-02-15 08:43:17,374 - INFO -   1985-12-31-oakland-alameda-county-coliseum-oakland-ca-usa: tickets=2 (found), photos=0 (empty)
2026-02-15 08:43:22,742 - INFO -   1986-02-08-henry-j-kaiser-convention-center-oakland-ca-usa: tickets=2 (found), photos=0 (empty)
2026-02-15 08:43:28,742 - INFO -   1986-02-09-henry-j-kaiser-convention-center-oakland-ca-usa: tickets=2 (found), photos=0 (empty)
2026-02-15 08:43:34,745 - INFO -   1986-02-11-henry-j-kaiser-convention-center-oakland-ca-usa: tickets=2 (found), photos=0 (empty)
2026-02-15 08:43:40,746 - INFO -   1986-02-12-henry-j-kaiser-convention-center-oakland-ca-usa: tickets=2 (found), photos=0 (empty)
2026-02-15 08:43:47,007 - INFO -   1986-02-14-henry-j-kaiser-convention-center-oakland-ca-usa: tickets=2 (found), photos=0 (empty)
2026-02-15 08:43:53,004 - INFO -   1986-03-19-hampton-coliseum-hampton-va-usa: tickets=2 (found), photos=0 (empty)
2026-02-15 08:43:56,978 - INFO -   1986-03-20-hampton-coliseum-hampton-va-usa: tickets=1 (found), photos=0 (empty)
2026-02-15 08:44:02,982 - INFO -   1986-03-21-hampton-coliseum-hampton-va-usa: tickets=2 (found), photos=0 (empty)
2026-02-15 08:44:08,974 - INFO -   1986-03-23-the-spectrum-philadelphia-pa-usa: tickets=2 (found), photos=0 (empty)
2026-02-15 08:44:14,750 - INFO -   1986-03-24-the-spectrum-philadelphia-pa-usa: tickets=2 (found), photos=0 (empty)
2026-02-15 08:44:20,753 - INFO -   1986-03-25-the-spectrum-philadelphia-pa-usa: tickets=2 (found), photos=0 (empty)
2026-02-15 08:44:26,750 - INFO -   1986-03-27-cumberland-county-civic-center-portland-me-usa: tickets=2 (found), photos=0 (empty)
2026-02-15 08:44:32,987 - INFO -   1986-03-28-cumberland-county-civic-center-portland-me-usa: tickets=2 (found), photos=0 (empty)
2026-02-15 08:44:38,987 - INFO -   1986-03-30-providence-civic-center-providence-ri-usa: tickets=2 (found), photos=0 (empty)
2026-02-15 08:44:42,751 - INFO -   1986-03-31-providence-civic-center-providence-ri-usa: tickets=1 (found), photos=0 (empty)
2026-02-15 08:44:48,991 - INFO -   1986-04-01-providence-civic-center-providence-ri-usa: tickets=2 (found), photos=0 (empty)
2026-02-15 08:44:54,973 - INFO -   1986-04-03-hartford-civic-center-hartford-ct-usa: tickets=2 (found), photos=0 (empty)
2026-02-15 08:45:00,984 - INFO -   1986-04-04-hartford-civic-center-hartford-ct-usa: tickets=2 (found), photos=0 (empty)
2026-02-15 08:45:06,996 - INFO -   1986-04-12-irvine-meadows-irvine-ca-usa: tickets=2 (found), photos=0 (empty)
2026-02-15 08:45:13,001 - INFO -   1986-04-13-irvine-meadows-irvine-ca-usa: tickets=2 (found), photos=0 (empty)
2026-02-15 08:45:16,753 - INFO -   1986-04-18-berkeley-community-theater-berkeley-ca-usa: tickets=1 (found), photos=0 (empty)
2026-02-15 08:45:20,756 - INFO -   1986-04-19-berkeley-community-theater-berkeley-ca-usa: tickets=1 (found), photos=0 (empty)
2026-02-15 08:45:24,973 - INFO -   1986-04-21-berkeley-community-theater-berkeley-ca: tickets=1 (found), photos=0 (empty)
2026-02-15 08:45:30,751 - INFO -   1986-04-22-berkeley-community-theater-berkeley-ca: tickets=2 (found), photos=0 (empty)
2026-02-15 08:45:36,986 - INFO -   1986-05-03-cal-expo-sacramento-ca-usa: tickets=2 (found), photos=0 (empty)
2026-02-15 08:45:40,760 - INFO -   1986-05-04-cal-expo-sacramento-ca-usa: tickets=1 (found), photos=0 (empty)
2026-02-15 08:45:45,118 - INFO -   1986-05-10-frost-amphitheatre-palo-alto-ca-usa: tickets=1 (found), photos=0 (empty)
2026-02-15 08:45:49,036 - INFO -   1986-05-11-frost-amphitheatre-palo-alto-ca-usa: tickets=1 (found), photos=0 (empty)
2026-02-15 08:45:52,759 - INFO -   1986-06-20-greek-theatre-berkeley-ca: tickets=1 (found), photos=0 (empty)
2026-02-15 08:45:57,006 - INFO -   1986-06-21-greek-theatre-berkeley-ca: tickets=1 (found), photos=0 (empty)
2026-02-15 08:46:02,765 - INFO -   1986-06-22-greek-theatre-berkeley-ca: tickets=2 (found), photos=0 (empty)
2026-02-15 08:46:09,032 - INFO -   1986-06-26-hubert-h-humphrey-metrodome-minneapolis-mn-usa: tickets=2 (found), photos=0 (empty)
2026-02-15 08:46:14,987 - INFO -   1986-06-28-alpine-valley-music-theatre-east-troy-wi-usa: tickets=2 (found), photos=0 (empty)
2026-02-15 08:46:18,977 - INFO -   1986-06-29-alpine-valley-music-theatre-east-troy-wi-usa: tickets=1 (found), photos=0 (empty)
2026-02-15 08:46:25,034 - INFO -   1986-06-30-river-bend-music-center-cincinnati-oh-usa: tickets=2 (found), photos=0 (empty)
2026-02-15 08:46:31,073 - INFO -   1986-07-02-rubber-bowl-u-of-akron-akron-oh-usa: tickets=2 (found), photos=0 (empty)
2026-02-15 08:46:37,049 - INFO -   1986-07-04-rich-stadium-buffalo-ny-usa: tickets=2 (found), photos=0 (empty)
2026-02-15 08:46:42,760 - INFO -   1986-07-06-robert-f-kennedy-stadium-washington-dc-usa: tickets=2 (found), photos=0 (empty)
2026-02-15 08:46:48,770 - INFO -   1986-07-07-robert-f-kennedy-stadium-washington-dc-usa: tickets=2 (found), photos=0 (empty)
2026-02-15 08:46:55,050 - INFO -   1986-12-15-oakland-alameda-county-coliseum-oakland-ca-usa: tickets=2 (found), photos=0 (empty)
2026-02-15 08:46:58,991 - INFO -   1986-12-16-oakland-alameda-county-coliseum-oakland-ca-usa: tickets=1 (found), photos=0 (empty)
2026-02-15 08:46:58,992 - INFO - Progress: 1650/2313 shows (1650 processed, 0 skipped, 0 errors) — 1069 shows/hour
2026-02-15 08:47:02,994 - INFO -   1986-12-17-oakland-alameda-county-coliseum-oakland-ca-usa: tickets=1 (found), photos=0 (empty)
2026-02-15 08:47:06,761 - INFO -   1986-12-27-henry-j-kaiser-convention-center-oakland-ca-usa: tickets=1 (found), photos=0 (empty)
2026-02-15 08:47:12,761 - INFO -   1986-12-28-henry-j-kaiser-convention-center-oakland-ca-usa: tickets=2 (found), photos=0 (empty)
2026-02-15 08:47:19,004 - INFO -   1986-12-30-henry-j-kaiser-convention-center-oakland-ca-usa: tickets=2 (found), photos=0 (empty)
2026-02-15 08:47:25,045 - INFO -   1986-12-31-henry-j-kaiser-convention-center-oakland-ca-usa: tickets=2 (found), photos=0 (empty)
2026-02-15 08:47:29,001 - INFO -   1987-01-28-san-francisco-civic-auditorium-san-francisco-ca-usa: tickets=1 (found), photos=0 (empty)
2026-02-15 08:47:33,002 - INFO -   1987-01-29-san-francisco-civic-auditorium-san-francisco-ca-usa: tickets=1 (found), photos=0 (empty)
2026-02-15 08:47:39,056 - INFO -   1987-01-30-san-francisco-civic-auditorium-san-francisco-ca-usa: tickets=2 (found), photos=0 (empty)
2026-02-15 08:47:42,997 - INFO -   1987-03-01-henry-j-kaiser-convention-center-oakland-ca-usa: tickets=1 (found), photos=0 (empty)
2026-02-15 08:47:49,241 - INFO -   1987-03-02-henry-j-kaiser-convention-center-oakland-ca-usa: tickets=2 (found), photos=0 (empty)
2026-02-15 08:47:54,768 - INFO -   1987-03-03-henry-j-kaiser-convention-center-oakland-ca-usa: tickets=2 (found), photos=0 (empty)
2026-02-15 08:47:58,993 - INFO -   1987-03-22-hampton-coliseum-hampton-va-usa: tickets=1 (found), photos=0 (empty)
2026-02-15 08:48:02,767 - INFO -   1987-03-23-hampton-coliseum-hampton-va-usa: tickets=1 (found), photos=0 (empty)
2026-02-15 08:48:07,028 - INFO -   1987-03-24-hampton-coliseum-hampton-va-usa: tickets=1 (found), photos=0 (empty)
2026-02-15 08:48:12,772 - INFO -   1987-03-26-hartford-civic-center-hartford-ct-usa: tickets=2 (found), photos=0 (empty)
2026-02-15 08:48:19,012 - INFO -   1987-03-27-hartford-civic-center-hartford-ct-usa: tickets=2 (found), photos=0 (empty)
2026-02-15 08:48:25,037 - INFO -   1987-03-29-the-spectrum-philadelphia-pa-usa: tickets=2 (found), photos=0 (empty)
2026-02-15 08:48:31,004 - INFO -   1987-03-30-the-spectrum-philadelphia-pa-usa: tickets=2 (found), photos=0 (empty)
2026-02-15 08:48:37,019 - INFO -   1987-03-31-the-spectrum-philadelphia-pa-usa: tickets=2 (found), photos=0 (empty)
2026-02-15 08:48:44,987 - INFO -   1987-04-02-the-centrum-worcester-ma-usa: tickets=3 (found), photos=0 (empty)
2026-02-15 08:48:51,019 - INFO -   1987-04-03-the-centrum-worcester-ma-usa: tickets=2 (found), photos=0 (empty)
2026-02-15 08:48:56,986 - INFO -   1987-04-04-the-centrum-worcester-ma-usa: tickets=2 (found), photos=0 (empty)
2026-02-15 08:49:03,005 - INFO -   1987-04-06-meadowlands-arena-east-rutherford-nj-usa: tickets=2 (found), photos=0 (empty)
2026-02-15 08:49:09,009 - INFO -   1987-04-07-meadowlands-arena-east-rutherford-nj-usa: tickets=2 (found), photos=0 (empty)
2026-02-15 08:49:13,037 - INFO -   1987-04-09-uic-pavilion-chicago-il-usa: tickets=1 (found), photos=0 (empty)
2026-02-15 08:49:19,049 - INFO -   1987-04-10-uic-pavilion-chicago-il-usa: tickets=2 (found), photos=0 (empty)
2026-02-15 08:49:22,994 - INFO -   1987-04-11-uic-pavilion-chicago-il-usa: tickets=1 (found), photos=0 (empty)
2026-02-15 08:49:29,064 - INFO -   1987-04-17-irvine-meadows-irvine-ca-usa: tickets=2 (found), photos=0 (empty)
2026-02-15 08:49:35,046 - INFO -   1987-04-18-irvine-meadows-irvine-ca-usa: tickets=2 (found), photos=0 (empty)
2026-02-15 08:49:41,004 - INFO -   1987-04-19-irvine-meadows-irvine-ca-usa: tickets=2 (found), photos=0 (empty)
2026-02-15 08:49:49,004 - INFO -   1987-05-02-frost-amphitheatre-palo-alto-ca-usa: tickets=3 (found), photos=0 (empty)
2026-02-15 08:49:53,002 - INFO -   1987-05-03-frost-amphitheatre-palo-alto-ca-usa: tickets=1 (found), photos=0 (empty)
2026-02-15 08:49:56,774 - INFO -   1987-05-09-laguna-seca-recreation-area-monterey-ca-usa: tickets=1 (found), photos=0 (empty)
2026-02-15 08:50:01,063 - INFO -   1987-05-10-laguna-seca-recreation-area-monterey-ca-usa: tickets=1 (found), photos=0 (empty)
2026-02-15 08:50:05,024 - INFO -   1987-06-12-ventura-county-fairgrounds-ventura-ca-usa: tickets=1 (found), photos=0 (empty)
2026-02-15 08:50:11,014 - INFO -   1987-06-13-ventura-county-fairgrounds-ventura-ca-usa: tickets=2 (found), photos=0 (empty)
2026-02-15 08:50:17,006 - INFO -   1987-06-14-ventura-county-fairgrounds-ventura-ca-usa: tickets=2 (found), photos=0 (empty)
2026-02-15 08:50:23,099 - INFO -   1987-06-19-greek-theatre-berkeley-ca: tickets=2 (found), photos=0 (empty)
2026-02-15 08:50:29,078 - INFO -   1987-06-20-greek-theatre-berkeley-ca: tickets=2 (found), photos=0 (empty)
2026-02-15 08:50:33,072 - INFO -   1987-06-21-greek-theatre-berkeley-ca: tickets=1 (found), photos=0 (empty)
2026-02-15 08:50:39,137 - INFO -   1987-06-26-alpine-valley-music-theatre-east-troy-wi-usa: tickets=2 (found), photos=0 (empty)
2026-02-15 08:50:43,064 - INFO -   1987-06-27-alpine-valley-music-theatre-east-troy-wi-usa: tickets=1 (found), photos=0 (empty)
2026-02-15 08:50:46,994 - INFO -   1987-06-28-alpine-valley-music-theatre-east-troy-wi-usa: tickets=1 (found), photos=0 (empty)
2026-02-15 08:50:53,022 - INFO -   1987-06-30-kingswood-music-theater-maple-ontario-canada: tickets=2 (found), photos=0 (empty)
2026-02-15 08:50:59,016 - INFO -   1987-07-02-silver-stadium-rochester-ny-usa: tickets=2 (found), photos=0 (empty)
2026-02-15 08:51:09,065 - INFO -   1987-07-04-sullivan-stadium-foxboro-ma-usa: tickets=4 (found), photos=0 (empty)
2026-02-15 08:51:14,786 - INFO -   1987-07-06-civic-arena-pittsburgh-pa-usa: tickets=2 (found), photos=0 (empty)
2026-02-15 08:51:21,015 - INFO -   1987-07-07-roanoke-civic-center-roanoke-va-usa: tickets=2 (found), photos=0 (empty)
2026-02-15 08:51:26,995 - INFO -   1987-07-08-roanoke-civic-center-roanoke-va-usa: tickets=2 (found), photos=0 (empty)
2026-02-15 08:51:33,029 - INFO -   1987-07-10-john-f-kennedy-stadium-philadelphia-pa-usa: tickets=2 (found), photos=0 (empty)
2026-02-15 08:51:33,029 - INFO - Progress: 1700/2313 shows (1700 processed, 0 skipped, 0 errors) — 1050 shows/hour
2026-02-15 08:51:38,989 - INFO -   1987-07-12-giants-stadium-east-rutherford-nj-usa: tickets=2 (found), photos=0 (empty)
2026-02-15 08:51:47,007 - INFO -   1987-07-19-autzen-stadium-u-of-oregon-eugene-or-usa: tickets=3 (found), photos=0 (empty)
2026-02-15 08:51:51,000 - INFO -   1987-07-24-oakland-alameda-county-stadium-oakland-ca-usa: tickets=1 (found), photos=0 (empty)
2026-02-15 08:51:56,789 - INFO -   1987-07-26-anaheim-stadium-anaheim-ca-usa: tickets=2 (found), photos=0 (empty)
2026-02-15 08:52:02,785 - INFO -   1987-08-11-red-rocks-amphitheatre-morrison-co-usa: tickets=2 (found), photos=0 (empty)
2026-02-15 08:52:09,081 - INFO -   1987-08-12-red-rocks-amphitheatre-morrison-co-usa: tickets=2 (found), photos=0 (empty)
2026-02-15 08:52:15,020 - INFO -   1987-08-13-red-rocks-amphitheatre-morrison-co-usa: tickets=2 (found), photos=0 (empty)
2026-02-15 08:52:23,006 - INFO -   1987-08-15-town-park-telluride-co-usa: tickets=3 (found), photos=0 (empty)
2026-02-15 08:52:29,065 - INFO -   1987-08-16-town-park-telluride-co-usa: tickets=2 (found), photos=0 (empty)
2026-02-15 08:52:35,011 - INFO -   1987-08-18-compton-terrace-amphitheatre-tempe-az-usa: tickets=2 (found), photos=0 (empty)
2026-02-15 08:52:41,014 - INFO -   1987-08-20-park-west-ski-resort-park-city-ut-usa: tickets=2 (found), photos=0 (empty)
2026-02-15 08:52:47,053 - INFO -   1987-08-22-calaveras-county-fairgrounds-angels-camp-ca-usa: tickets=2 (found), photos=0 (empty)
2026-02-15 08:52:52,888 - INFO -   1987-08-23-calaveras-county-fairgrounds-angels-camp-ca-usa: tickets=2 (found), photos=0 (empty)
2026-02-15 08:52:57,261 - INFO -   1987-09-07-providence-civic-center-providence-ri-usa: tickets=1 (found), photos=0 (empty)
2026-02-15 08:53:03,073 - INFO -   1987-09-08-providence-civic-center-providence-ri-usa: tickets=2 (found), photos=0 (empty)
2026-02-15 08:53:07,068 - INFO -   1987-09-09-providence-civic-center-providence-ri-usa: tickets=1 (found), photos=0 (empty)
2026-02-15 08:53:13,034 - INFO -   1987-09-11-capitol-centre-landover-md-usa: tickets=2 (found), photos=0 (empty)
2026-02-15 08:53:19,037 - INFO -   1987-09-12-capitol-centre-landover-md-usa: tickets=2 (found), photos=0 (empty)
2026-02-15 08:53:25,037 - INFO -   1987-09-13-capitol-centre-landover-md-usa: tickets=2 (found), photos=0 (empty)
2026-02-15 08:53:31,062 - INFO -   1987-09-15-madison-square-garden-new-york-ny-usa: tickets=2 (found), photos=0 (empty)
2026-02-15 08:53:35,012 - INFO -   1987-09-16-madison-square-garden-new-york-ny-usa: tickets=1 (found), photos=0 (empty)
2026-02-15 08:53:41,007 - INFO -   1987-09-18-madison-square-garden-new-york-ny-usa: tickets=2 (found), photos=0 (empty)
2026-02-15 08:53:47,066 - INFO -   1987-09-19-madison-square-garden-new-york-ny-usa: tickets=2 (found), photos=0 (empty)
2026-02-15 08:53:51,066 - INFO -   1987-09-20-madison-square-garden-new-york-ny-usa: tickets=1 (found), photos=0 (empty)
2026-02-15 08:53:57,043 - INFO -   1987-09-22-the-spectrum-philadelphia-pa-usa: tickets=2 (found), photos=0 (empty)
2026-02-15 08:54:03,031 - INFO -   1987-09-23-the-spectrum-philadelphia-pa-usa: tickets=2 (found), photos=0 (empty)
2026-02-15 08:54:10,795 - INFO -   1987-10-02-shoreline-amphitheatre-mountain-view-ca-usa: tickets=2 (found), photos=0 (empty)
2026-02-15 08:54:17,042 - INFO -   1987-10-03-shoreline-amphitheatre-mountain-view-ca-usa: tickets=2 (found), photos=0 (empty)
2026-02-15 08:54:23,103 - INFO -   1987-10-04-shoreline-amphitheatre-mountain-view-ca-usa: tickets=2 (found), photos=0 (empty)
2026-02-15 08:54:27,008 - INFO -   1987-11-06-henry-j-kaiser-convention-center-oakland-ca-usa: tickets=1 (found), photos=0 (empty)
2026-02-15 08:54:33,019 - INFO -   1987-11-07-henry-j-kaiser-convention-center-oakland-ca-usa: tickets=2 (found), photos=0 (empty)
2026-02-15 08:54:39,016 - INFO -   1987-11-08-henry-j-kaiser-convention-center-oakland-ca-usa: tickets=2 (found), photos=0 (empty)
2026-02-15 08:54:45,101 - INFO -   1987-11-13-long-beach-arena-long-beach-ca-usa: tickets=2 (found), photos=0 (empty)
2026-02-15 08:54:51,061 - INFO -   1987-11-14-long-beach-arena-long-beach-ca-usa: tickets=2 (found), photos=0 (empty)
2026-02-15 08:54:57,045 - INFO -   1987-11-15-long-beach-arena-long-beach-ca-usa: tickets=2 (found), photos=0 (empty)
2026-02-15 08:55:03,066 - INFO -   1987-12-27-oakland-alameda-county-coliseum-oakland-ca-usa: tickets=2 (found), photos=0 (empty)
2026-02-15 08:55:08,797 - INFO -   1987-12-28-oakland-alameda-county-coliseum-oakland-ca-usa: tickets=2 (found), photos=0 (empty)
2026-02-15 08:55:15,045 - INFO -   1987-12-30-oakland-alameda-county-coliseum-oakland-ca-usa: tickets=2 (found), photos=0 (empty)
2026-02-15 08:55:20,801 - INFO -   1987-12-31-oakland-alameda-county-coliseum-oakland-ca-usa: tickets=2 (found), photos=0 (empty)
2026-02-15 08:55:26,798 - INFO -   1988-02-13-henry-j-kaiser-convention-center-oakland-ca-usa: tickets=2 (found), photos=0 (empty)
2026-02-15 08:55:32,800 - INFO -   1988-02-14-henry-j-kaiser-convention-center-oakland-ca-usa: tickets=2 (found), photos=0 (empty)
2026-02-15 08:55:38,800 - INFO -   1988-02-16-henry-j-kaiser-convention-center-oakland-ca-usa: tickets=2 (found), photos=0 (empty)
2026-02-15 08:55:45,098 - INFO -   1988-02-17-henry-j-kaiser-convention-center-oakland-ca-usa: tickets=2 (found), photos=0 (empty)
2026-02-15 08:55:49,270 - INFO -   1988-03-12-san-francisco-civic-auditorium-san-francisco-ca-usa: tickets=1 (found), photos=0 (empty)
2026-02-15 08:55:54,816 - INFO -   1988-03-16-henry-j-kaiser-convention-center-oakland-ca-usa: tickets=2 (found), photos=0 (empty)
2026-02-15 08:56:01,017 - INFO -   1988-03-17-henry-j-kaiser-convention-center-oakland-ca-usa: tickets=2 (found), photos=0 (empty)
2026-02-15 08:56:05,062 - INFO -   1988-03-18-henry-j-kaiser-convention-center-oakland-ca-usa: tickets=1 (found), photos=0 (empty)
2026-02-15 08:56:09,061 - INFO -   1988-03-24-the-omni-atlanta-ga-usa: tickets=1 (found), photos=0 (empty)
2026-02-15 08:56:15,023 - INFO -   1988-03-26-hampton-coliseum-hampton-va-usa: tickets=2 (found), photos=0 (empty)
2026-02-15 08:56:15,023 - INFO - Progress: 1750/2313 shows (1750 processed, 0 skipped, 0 errors) — 1031 shows/hour
2026-02-15 08:56:21,096 - INFO -   1988-03-27-hampton-coliseum-hampton-va-usa: tickets=2 (found), photos=0 (empty)
2026-02-15 08:56:25,016 - INFO -   1988-03-28-hampton-coliseum-hampton-va-usa: tickets=1 (found), photos=0 (empty)
2026-02-15 08:56:31,040 - INFO -   1988-03-30-meadowlands-arena-east-rutherford-nj-usa: tickets=2 (found), photos=0 (empty)
2026-02-15 08:56:37,052 - INFO -   1988-03-31-meadowlands-arena-east-rutherford-nj-usa: tickets=2 (found), photos=0 (empty)
2026-02-15 08:56:43,020 - INFO -   1988-04-01-meadowlands-arena-east-rutherford-nj-usa: tickets=2 (found), photos=0 (empty)
2026-02-15 08:56:49,021 - INFO -   1988-04-03-hartford-civic-center-hartford-ct-usa: tickets=2 (found), photos=0 (empty)
2026-02-15 08:56:55,038 - INFO -   1988-04-04-hartford-civic-center-hartford-ct-usa: tickets=2 (found), photos=0 (empty)
2026-02-15 08:57:01,027 - INFO -   1988-04-05-hartford-civic-center-hartford-ct-usa: tickets=2 (found), photos=0 (empty)
2026-02-15 08:57:09,093 - INFO -   1988-04-07-the-centrum-worcester-ma-usa: tickets=3 (found), photos=0 (empty)
2026-02-15 08:57:15,028 - INFO -   1988-04-08-the-centrum-worcester-ma-usa: tickets=2 (found), photos=0 (empty)
2026-02-15 08:57:21,074 - INFO -   1988-04-09-the-centrum-worcester-ma-usa: tickets=2 (found), photos=0 (empty)
2026-02-15 08:57:25,023 - INFO -   1988-04-11-joe-louis-arena-detroit-mi-usa: tickets=1 (found), photos=0 (empty)
2026-02-15 08:57:30,804 - INFO -   1988-04-13-rosemont-horizon-rosemont-il-usa: tickets=2 (found), photos=0 (empty)
2026-02-15 08:57:35,048 - INFO -   1988-04-14-rosemont-horizon-rosemont-il-usa: tickets=1 (found), photos=0 (empty)
2026-02-15 08:57:39,046 - INFO -   1988-04-15-rosemont-horizon-rosemont-il-usa: tickets=1 (found), photos=0 (empty)
2026-02-15 08:57:45,055 - INFO -   1988-04-22-irvine-meadows-irvine-ca-usa: tickets=2 (found), photos=0 (empty)
2026-02-15 08:57:49,030 - INFO -   1988-04-23-irvine-meadows-irvine-ca-usa: tickets=1 (found), photos=0 (empty)
2026-02-15 08:57:55,067 - INFO -   1988-04-24-irvine-meadows-irvine-ca-usa: tickets=2 (found), photos=0 (empty)
2026-02-15 08:58:01,361 - INFO -   1988-04-30-frost-amphitheatre-palo-alto-ca-usa: tickets=2 (found), photos=0 (empty)
2026-02-15 08:58:05,257 - INFO -   1988-05-01-frost-amphitheatre-palo-alto-ca-usa: tickets=1 (found), photos=0 (empty)
2026-02-15 08:58:11,021 - INFO -   1988-06-17-metropolitan-sports-center-bloomington-mn-usa: tickets=2 (found), photos=0 (empty)
2026-02-15 08:58:17,037 - INFO -   1988-06-19-alpine-valley-music-theatre-east-troy-wi-usa: tickets=2 (found), photos=0 (empty)
2026-02-15 08:58:23,067 - INFO -   1988-06-20-alpine-valley-music-theatre-east-troy-wi-usa: tickets=2 (found), photos=0 (empty)
2026-02-15 08:58:28,826 - INFO -   1988-06-22-alpine-valley-music-theatre-east-troy-wi-usa: tickets=2 (found), photos=0 (empty)
2026-02-15 08:58:36,818 - INFO -   1988-06-23-alpine-valley-music-theatre-east-troy-wi-usa: tickets=3 (found), photos=0 (empty)
2026-02-15 08:58:43,030 - INFO -   1988-06-25-buckeye-lake-music-center-hebron-oh-usa: tickets=2 (found), photos=0 (empty)
2026-02-15 08:58:49,106 - INFO -   1988-06-26-civic-arena-pittsburgh-pa-usa: tickets=2 (found), photos=0 (empty)
2026-02-15 08:58:55,039 - INFO -   1988-06-28-saratoga-performing-arts-center-saratoga-springs-ny-usa: tickets=2 (found), photos=0 (empty)
2026-02-15 08:59:01,092 - INFO -   1988-06-30-silver-stadium-rochester-ny-usa: tickets=2 (found), photos=0 (empty)
2026-02-15 08:59:07,039 - INFO -   1988-07-02-oxford-plains-speedway-oxford-me-usa: tickets=2 (found), photos=0 (empty)
2026-02-15 08:59:13,048 - INFO -   1988-07-03-oxford-plains-speedway-oxford-me-usa: tickets=2 (found), photos=0 (empty)
2026-02-15 08:59:19,110 - INFO -   1988-07-15-greek-theatre-berkeley-ca: tickets=2 (found), photos=0 (empty)
2026-02-15 08:59:24,820 - INFO -   1988-07-16-greek-theatre-berkeley-ca: tickets=2 (found), photos=0 (empty)
2026-02-15 08:59:31,091 - INFO -   1988-07-17-greek-theatre-berkeley-ca: tickets=2 (found), photos=0 (empty)
2026-02-15 08:59:37,091 - INFO -   1988-07-29-laguna-seca-recreation-area-monterey-ca-usa: tickets=2 (found), photos=0 (empty)
2026-02-15 08:59:41,064 - INFO -   1988-07-30-laguna-seca-recreation-area-monterey-ca-usa: tickets=1 (found), photos=0 (empty)
2026-02-15 08:59:46,821 - INFO -   1988-07-31-laguna-seca-recreation-area-monterey-ca-usa: tickets=2 (found), photos=0 (empty)
2026-02-15 08:59:53,065 - INFO -   1988-08-26-tacoma-dome-tacoma-wa-usa: tickets=2 (found), photos=0 (empty)
2026-02-15 08:59:57,059 - INFO -   1988-08-28-autzen-stadium-u-of-oregon-eugene-or-usa: tickets=1 (found), photos=0 (empty)
2026-02-15 09:00:02,818 - INFO -   1988-09-02-capitol-centre-landover-md-usa: tickets=2 (found), photos=0 (empty)
2026-02-15 09:00:09,046 - INFO -   1988-09-03-capitol-centre-landover-md-usa: tickets=2 (found), photos=0 (empty)
2026-02-15 09:00:13,060 - INFO -   1988-09-05-capitol-centre-landover-md-usa: tickets=1 (found), photos=0 (empty)
2026-02-15 09:00:19,095 - INFO -   1988-09-06-capitol-centre-landover-md-usa: tickets=2 (found), photos=0 (empty)
2026-02-15 09:00:25,068 - INFO -   1988-09-08-the-spectrum-philadelphia-pa-usa: tickets=2 (found), photos=0 (empty)
2026-02-15 09:00:31,118 - INFO -   1988-09-09-the-spectrum-philadelphia-pa-usa: tickets=2 (found), photos=0 (empty)
2026-02-15 09:00:35,064 - INFO -   1988-09-11-the-spectrum-philadelphia-pa-usa: tickets=1 (found), photos=0 (empty)
2026-02-15 09:00:39,047 - INFO -   1988-09-12-the-spectrum-philadelphia-pa-usa: tickets=1 (found), photos=0 (empty)
2026-02-15 09:00:44,828 - INFO -   1988-09-14-madison-square-garden-new-york-ny-usa: tickets=2 (found), photos=0 (empty)
2026-02-15 09:00:50,825 - INFO -   1988-09-15-madison-square-garden-new-york-ny-usa: tickets=2 (found), photos=0 (empty)
2026-02-15 09:00:57,066 - INFO -   1988-09-16-madison-square-garden-new-york-ny-usa: tickets=2 (found), photos=0 (empty)
2026-02-15 09:00:57,066 - INFO - Progress: 1800/2313 shows (1800 processed, 0 skipped, 0 errors) — 1013 shows/hour
2026-02-15 09:01:03,048 - INFO -   1988-09-18-madison-square-garden-new-york-ny-usa: tickets=2 (found), photos=0 (empty)
2026-02-15 09:01:08,838 - INFO -   1988-09-19-madison-square-garden-new-york-ny-usa: tickets=2 (found), photos=0 (empty)
2026-02-15 09:01:15,124 - INFO -   1988-09-20-madison-square-garden-new-york-ny-usa: tickets=2 (found), photos=0 (empty)
2026-02-15 09:01:20,826 - INFO -   1988-09-22-madison-square-garden-new-york-ny-usa: tickets=2 (found), photos=0 (empty)
2026-02-15 09:01:27,066 - INFO -   1988-09-23-madison-square-garden-new-york-ny-usa: tickets=2 (found), photos=0 (empty)
2026-02-15 09:01:32,830 - INFO -   1988-09-24-madison-square-garden-new-york-ny-usa: tickets=2 (found), photos=0 (empty)
2026-02-15 09:01:37,068 - INFO -   1988-09-30-shoreline-amphitheatre-mountain-view-ca-usa: tickets=1 (found), photos=0 (empty)
2026-02-15 09:01:41,058 - INFO -   1988-10-01-shoreline-amphitheatre-mountain-view-ca-usa: tickets=1 (found), photos=0 (empty)
2026-02-15 09:01:47,052 - INFO -   1988-10-02-shoreline-amphitheatre-mountain-view-ca-usa: tickets=2 (found), photos=0 (empty)
2026-02-15 09:01:51,071 - INFO -   1988-10-14-miami-arena-miami-fl-usa: tickets=1 (found), photos=0 (empty)
2026-02-15 09:01:57,062 - INFO -   1988-10-15-bayfront-center-arena-st-petersburg-fl-usa-2: tickets=2 (found), photos=0 (empty)
2026-02-15 09:02:03,080 - INFO -   1988-10-15-bayfront-center-arena-st-petersburg-fl-usa: tickets=2 (found), photos=0 (empty)
2026-02-15 09:02:08,833 - INFO -   1988-10-18-keifer-lakefront-arena-new-orleans-la-usa: tickets=2 (found), photos=0 (empty)
2026-02-15 09:02:15,093 - INFO -   1988-10-20-the-summit-houston-tx-usa: tickets=2 (found), photos=0 (empty)
2026-02-15 09:02:19,058 - INFO -   1988-10-21-reunion-arena-dallas-tx-usa: tickets=1 (found), photos=0 (empty)
2026-02-15 09:02:25,087 - INFO -   1988-12-09-long-beach-arena-long-beach-ca-usa: tickets=2 (found), photos=0 (empty)
2026-02-15 09:02:31,073 - INFO -   1988-12-10-long-beach-arena-long-beach-ca-usa: tickets=2 (found), photos=0 (empty)
2026-02-15 09:02:37,059 - INFO -   1988-12-11-long-beach-arena-long-beach-ca-usa: tickets=2 (found), photos=0 (empty)
2026-02-15 09:02:43,061 - INFO -   1988-12-28-oakland-alameda-county-coliseum-oakland-ca-usa: tickets=2 (found), photos=0 (empty)
2026-02-15 09:02:47,109 - INFO -   1988-12-29-oakland-alameda-county-coliseum-oakland-ca-usa: tickets=1 (found), photos=0 (empty)
2026-02-15 09:02:53,121 - INFO -   1988-12-31-oakland-alameda-county-coliseum-oakland-ca-usa: tickets=2 (found), photos=0 (empty)
2026-02-15 09:02:58,833 - INFO -   1989-02-05-henry-j-kaiser-convention-center-oakland-ca-usa: tickets=2 (found), photos=0 (empty)
2026-02-15 09:03:04,834 - INFO -   1989-02-06-henry-j-kaiser-convention-center-oakland-ca-usa: tickets=2 (found), photos=0 (empty)
2026-02-15 09:03:11,018 - INFO -   1989-02-07-henry-j-kaiser-convention-center-oakland-ca-usa: tickets=2 (found), photos=0 (empty)
2026-02-15 09:03:17,088 - INFO -   1989-02-10-great-western-la-forum-inglewood-ca-usa: tickets=2 (found), photos=0 (empty)
2026-02-15 09:03:22,842 - INFO -   1989-02-11-great-western-la-forum-inglewood-ca-usa: tickets=2 (found), photos=0 (empty)
2026-02-15 09:03:27,080 - INFO -   1989-02-12-great-western-la-forum-inglewood-ca-usa: tickets=1 (found), photos=0 (empty)
2026-02-15 09:03:32,842 - INFO -   1989-03-27-the-omni-atlanta-ga-usa: tickets=2 (found), photos=0 (empty)
2026-02-15 09:03:39,098 - INFO -   1989-03-28-the-omni-atlanta-ga-usa: tickets=2 (found), photos=0 (empty)
2026-02-15 09:03:43,072 - INFO -   1989-03-30-greensboro-coliseum-greensboro-nc-usa: tickets=1 (found), photos=0 (empty)
2026-02-15 09:03:49,095 - INFO -   1989-03-31-greensboro-coliseum-greensboro-nc-usa: tickets=2 (found), photos=0 (empty)
2026-02-15 09:03:54,842 - INFO -   1989-04-02-civic-arena-pittsburgh-pa-usa: tickets=2 (found), photos=0 (empty)
2026-02-15 09:04:01,062 - INFO -   1989-04-03-civic-arena-pittsburgh-pa-usa: tickets=2 (found), photos=0 (empty)
2026-02-15 09:04:07,064 - INFO -   1989-04-05-chrysler-arena-ann-arbor-mi-usa: tickets=2 (found), photos=0 (empty)
2026-02-15 09:04:13,095 - INFO -   1989-04-06-chrysler-arena-ann-arbor-mi-usa: tickets=2 (found), photos=0 (empty)
2026-02-15 09:04:19,124 - INFO -   1989-04-08-riverfront-arena-cincinnati-oh-usa: tickets=2 (found), photos=0 (empty)
2026-02-15 09:04:25,066 - INFO -   1989-04-09-freedom-hall-louisville-ky-usa: tickets=2 (found), photos=0 (empty)
2026-02-15 09:04:31,093 - INFO -   1989-04-11-rosemont-horizon-rosemont-il-usa: tickets=2 (found), photos=0 (empty)
2026-02-15 09:04:37,067 - INFO -   1989-04-12-rosemont-horizon-rosemont-il-usa: tickets=2 (found), photos=0 (empty)
2026-02-15 09:04:43,102 - INFO -   1989-04-13-rosemont-horizon-rosemont-il-usa: tickets=2 (found), photos=0 (empty)
2026-02-15 09:04:49,097 - INFO -   1989-04-15-the-mecca-milwaukee-wi-usa: tickets=2 (found), photos=0 (empty)
2026-02-15 09:04:55,137 - INFO -   1989-04-16-the-mecca-milwaukee-wi-usa: tickets=2 (found), photos=0 (empty)
2026-02-15 09:05:01,071 - INFO -   1989-04-17-metropolitan-sports-center-minneapolis-mn-usa: tickets=2 (found), photos=0 (empty)
2026-02-15 09:05:05,083 - INFO -   1989-04-28-irvine-meadows-irvine-ca-usa: tickets=1 (found), photos=0 (empty)
2026-02-15 09:05:11,140 - INFO -   1989-04-29-irvine-meadows-irvine-ca-usa: tickets=2 (found), photos=0 (empty)
2026-02-15 09:05:17,097 - INFO -   1989-04-30-irvine-meadows-irvine-ca-usa: tickets=2 (found), photos=0 (empty)
2026-02-15 09:05:23,086 - INFO -   1989-05-06-frost-amphitheatre-palo-alto-ca-usa: tickets=2 (found), photos=0 (empty)
2026-02-15 09:05:29,094 - INFO -   1989-05-07-frost-amphitheatre-palo-alto-ca-usa: tickets=2 (found), photos=0 (empty)
2026-02-15 09:05:32,843 - INFO -   1989-05-27-oakland-alameda-county-stadium-oakland-ca-usa: tickets=1 (found), photos=0 (empty)
2026-02-15 09:05:37,093 - INFO -   1989-06-18-shoreline-amphitheatre-mountain-view-ca-usa: tickets=1 (found), photos=0 (empty)
2026-02-15 09:05:37,093 - INFO - Progress: 1850/2313 shows (1850 processed, 0 skipped, 0 errors) — 998 shows/hour
2026-02-15 09:05:41,099 - INFO -   1989-06-19-shoreline-amphitheatre-mountain-view-ca-usa: tickets=1 (found), photos=0 (empty)
2026-02-15 09:05:47,112 - INFO -   1989-06-21-shoreline-amphitheatre-mountain-view-ca-usa: tickets=2 (found), photos=0 (empty)
2026-02-15 09:05:53,088 - INFO -   1989-07-02-sullivan-stadium-foxboro-ma-usa: tickets=2 (found), photos=0 (empty)
2026-02-15 09:05:55,320 - WARNING - Got 500 but response contains HTML, attempting to parse: https://jerrygarcia.com/show/1989-07-04-rich-stadium-buffalo-ny-usa/
2026-02-15 09:05:55,378 - INFO - ✅ Successfully parsed show data despite 500 error: https://jerrygarcia.com/show/1989-07-04-rich-stadium-buffalo-ny-usa/
2026-02-15 09:06:00,860 - INFO -   1989-07-07-john-f-kennedy-stadium-philadelphia-pa-usa: tickets=2 (found), photos=0 (empty)
2026-02-15 09:06:07,094 - INFO -   1989-07-09-giants-stadium-east-rutherford-nj-usa: tickets=2 (found), photos=0 (empty)
2026-02-15 09:06:13,070 - INFO -   1989-07-10-giants-stadium-east-rutherford-nj-usa: tickets=2 (found), photos=0 (empty)
2026-02-15 09:06:21,077 - INFO -   1989-07-12-robert-f-kennedy-stadium-washington-dc-usa: tickets=3 (found), photos=0 (empty)
2026-02-15 09:06:28,852 - INFO -   1989-07-13-robert-f-kennedy-stadium-washington-dc-usa: tickets=3 (found), photos=0 (empty)
2026-02-15 09:06:33,076 - INFO -   1989-07-15-deer-creek-music-center-noblesville-in-usa: tickets=1 (found), photos=0 (empty)
2026-02-15 09:06:37,094 - INFO -   1989-07-17-alpine-valley-music-theatre-east-troy-wi-usa: tickets=1 (found), photos=0 (empty)
2026-02-15 09:06:43,067 - INFO -   1989-07-18-alpine-valley-music-theatre-east-troy-wi-usa: tickets=2 (found), photos=0 (empty)
2026-02-15 09:06:49,080 - INFO -   1989-07-19-alpine-valley-music-theatre-east-troy-wi-usa: tickets=2 (found), photos=0 (empty)
2026-02-15 09:06:55,079 - INFO -   1989-08-04-cal-expo-sacramento-ca-usa: tickets=2 (found), photos=0 (empty)
2026-02-15 09:07:01,086 - INFO -   1989-08-05-cal-expo-sacramento-ca-usa: tickets=2 (found), photos=0 (empty)
2026-02-15 09:07:05,099 - INFO -   1989-08-06-cal-expo-sacramento-ca-usa: tickets=1 (found), photos=0 (empty)
2026-02-15 09:07:13,158 - INFO -   1989-08-18-greek-theatre-berkeley-ca: tickets=2 (found), photos=0 (empty)
2026-02-15 09:07:19,093 - INFO -   1989-08-19-greek-theatre-berkeley-ca: tickets=2 (found), photos=0 (empty)
2026-02-15 09:07:25,126 - INFO -   1989-09-29-shoreline-amphitheatre-mountain-view-ca-usa: tickets=2 (found), photos=0 (empty)
2026-02-15 09:07:31,119 - INFO -   1989-09-30-shoreline-amphitheatre-mountain-view-ca-usa: tickets=2 (found), photos=0 (empty)
2026-02-15 09:07:37,121 - INFO -   1989-10-01-shoreline-amphitheatre-mountain-view-ca-usa: tickets=2 (found), photos=0 (empty)
2026-02-15 09:07:43,112 - INFO -   1989-10-08-hampton-coliseum-hampton-va-usa: tickets=2 (found), photos=0 (empty)
2026-02-15 09:07:49,139 - INFO -   1989-10-09-hampton-coliseum-hampton-va-usa: tickets=2 (found), photos=0 (empty)
2026-02-15 09:07:55,150 - INFO -   1989-10-11-meadowlands-arena-east-rutherford-nj-usa: tickets=2 (found), photos=0 (empty)
2026-02-15 09:08:01,098 - INFO -   1989-10-12-meadowlands-arena-east-rutherford-nj-usa: tickets=2 (found), photos=0 (empty)
2026-02-15 09:08:05,142 - INFO -   1989-10-14-meadowlands-arena-east-rutherford-nj-usa: tickets=1 (found), photos=0 (empty)
2026-02-15 09:08:11,098 - INFO -   1989-10-15-meadowlands-arena-east-rutherford-nj-usa: tickets=2 (found), photos=0 (empty)
2026-02-15 09:08:17,138 - INFO -   1989-10-16-meadowlands-arena-east-rutherford-nj-usa: tickets=2 (found), photos=0 (empty)
2026-02-15 09:08:23,333 - INFO -   1989-10-18-the-spectrum-philadelphia-pa-usa: tickets=2 (found), photos=0 (empty)
2026-02-15 09:08:29,109 - INFO -   1989-10-19-the-spectrum-philadelphia-pa-usa: tickets=2 (found), photos=0 (empty)
2026-02-15 09:08:35,086 - INFO -   1989-10-20-the-spectrum-philadelphia-pa-usa: tickets=2 (found), photos=0 (empty)
2026-02-15 09:08:40,882 - INFO -   1989-10-22-charlotte-coliseum-charlotte-nc-usa: tickets=2 (found), photos=0 (empty)
2026-02-15 09:08:47,109 - INFO -   1989-10-23-charlotte-coliseum-charlotte-nc-usa: tickets=2 (found), photos=0 (empty)
2026-02-15 09:08:53,114 - INFO -   1989-10-25-miami-arena-miami-fl-usa: tickets=2 (found), photos=0 (empty)
2026-02-15 09:08:58,866 - INFO -   1989-10-26-miami-arena-miami-fl-usa: tickets=2 (found), photos=0 (empty)
2026-02-15 09:09:05,093 - INFO -   1989-12-06-oakland-alameda-county-coliseum-oakland-ca-usa: tickets=2 (found), photos=0 (empty)
2026-02-15 09:09:11,116 - INFO -   1989-12-08-great-western-la-forum-inglewood-ca-usa: tickets=2 (found), photos=0 (empty)
2026-02-15 09:09:16,869 - INFO -   1989-12-09-great-western-la-forum-inglewood-ca-usa: tickets=2 (found), photos=0 (empty)
2026-02-15 09:09:23,157 - INFO -   1989-12-10-great-western-la-forum-inglewood-ca-usa: tickets=2 (found), photos=0 (empty)
2026-02-15 09:09:29,117 - INFO -   1989-12-27-oakland-alameda-county-coliseum-oakland-ca-usa: tickets=2 (found), photos=0 (empty)
2026-02-15 09:09:35,174 - INFO -   1989-12-28-oakland-alameda-county-coliseum-oakland-ca-usa: tickets=2 (found), photos=0 (empty)
2026-02-15 09:09:39,155 - INFO -   1989-12-30-oakland-alameda-county-coliseum-oakland-ca-usa: tickets=1 (found), photos=0 (empty)
2026-02-15 09:09:42,869 - INFO -   1989-12-31-oakland-alameda-county-coliseum-oakland-ca-usa: tickets=1 (found), photos=0 (empty)
2026-02-15 09:09:49,211 - INFO -   1990-02-25-oakland-alameda-county-coliseum-oakland-ca-usa: tickets=2 (found), photos=0 (empty)
2026-02-15 09:09:55,161 - INFO -   1990-02-26-oakland-alameda-county-coliseum-oakland-ca-usa: tickets=2 (found), photos=0 (empty)
2026-02-15 09:10:01,126 - INFO -   1990-02-27-oakland-alameda-county-coliseum-oakland-ca-usa: tickets=2 (found), photos=0 (empty)
2026-02-15 09:10:07,105 - INFO -   1990-03-14-capitol-centre-landover-md-usa: tickets=2 (found), photos=0 (empty)
2026-02-15 09:10:12,878 - INFO -   1990-03-15-capitol-centre-landover-md-usa: tickets=2 (found), photos=0 (empty)
2026-02-15 09:10:19,179 - INFO -   1990-03-16-capitol-centre-landover-md-usa: tickets=2 (found), photos=0 (empty)
2026-02-15 09:10:19,180 - INFO - Progress: 1900/2313 shows (1900 processed, 0 skipped, 0 errors) — 983 shows/hour
2026-02-15 09:10:24,874 - INFO -   1990-03-18-hartford-civic-center-hartford-ct-usa: tickets=2 (found), photos=0 (empty)
2026-02-15 09:10:31,154 - INFO -   1990-03-19-hartford-civic-center-hartford-ct-usa: tickets=2 (found), photos=0 (empty)
2026-02-15 09:10:37,110 - INFO -   1990-03-21-copps-coliseum-hamilton-ontario-canada: tickets=2 (found), photos=0 (empty)
2026-02-15 09:10:43,102 - INFO -   1990-03-22-copps-coliseum-hamilton-ontario-canada: tickets=2 (found), photos=0 (empty)
2026-02-15 09:10:45,372 - WARNING - Got 500 but response contains HTML, attempting to parse: https://jerrygarcia.com/show/1990-03-24-knickerbocker-arena-albany-ny-usa/
2026-02-15 09:10:45,422 - INFO - ✅ Successfully parsed show data despite 500 error: https://jerrygarcia.com/show/1990-03-24-knickerbocker-arena-albany-ny-usa/
2026-02-15 09:10:51,172 - INFO -   1990-03-25-knickerbocker-arena-albany-ny-usa: tickets=2 (found), photos=0 (empty)
2026-02-15 09:10:57,106 - INFO -   1990-03-26-knickerbocker-arena-albany-ny-usa: tickets=2 (found), photos=0 (empty)
2026-02-15 09:11:03,130 - INFO -   1990-03-28-nassau-coliseum-uniondale-ny-usa: tickets=2 (found), photos=0 (empty)
2026-02-15 09:11:09,119 - INFO -   1990-03-29-nassau-coliseum-uniondale-ny-usa: tickets=2 (found), photos=0 (empty)
2026-02-15 09:11:14,881 - INFO -   1990-03-30-nassau-coliseum-uniondale-ny-usa: tickets=2 (found), photos=0 (empty)
2026-02-15 09:11:19,138 - INFO -   1990-04-01-the-omni-atlanta-ga-usa: tickets=1 (found), photos=0 (empty)
2026-02-15 09:11:25,134 - INFO -   1990-04-02-the-omni-atlanta-ga-usa: tickets=2 (found), photos=0 (empty)
2026-02-15 09:11:29,098 - INFO -   1990-04-03-the-omni-atlanta-ga-usa: tickets=1 (found), photos=0 (empty)
2026-02-15 09:11:35,100 - INFO -   1990-05-05-cal-state-dominguez-hills-carson-ca-usa: tickets=2 (found), photos=0 (empty)
2026-02-15 09:11:41,279 - INFO -   1990-05-06-cal-state-dominguez-hills-carson-ca-usa: tickets=2 (found), photos=0 (empty)
2026-02-15 09:11:45,091 - INFO -   1990-06-08-cal-expo-sacramento-ca-usa: tickets=1 (found), photos=0 (empty)
2026-02-15 09:11:49,112 - INFO -   1990-06-09-cal-expo-sacramento-ca-usa: tickets=1 (found), photos=0 (empty)
2026-02-15 09:11:52,883 - INFO -   1990-06-10-cal-expo-sacramento-ca-usa: tickets=1 (found), photos=0 (empty)
2026-02-15 09:11:57,125 - INFO -   1990-06-15-shoreline-amphitheatre-mountain-view-ca-usa: tickets=1 (found), photos=0 (empty)
2026-02-15 09:12:01,113 - INFO -   1990-06-16-shoreline-amphitheatre-mountain-view-ca-usa: tickets=1 (found), photos=0 (empty)
2026-02-15 09:12:07,114 - INFO -   1990-06-17-shoreline-amphitheatre-mountain-view-ca-usa: tickets=2 (found), photos=0 (empty)
2026-02-15 09:12:13,186 - INFO -   1990-06-23-autzen-stadium-u-of-oregon-eugene-or-usa: tickets=2 (found), photos=0 (empty)
2026-02-15 09:12:19,110 - INFO -   1990-06-24-autzen-stadium-u-of-oregon-eugene-or-usa: tickets=2 (found), photos=0 (empty)
2026-02-15 09:12:25,105 - INFO -   1990-07-04-sandstone-ampitheatre-bonner-springs-ks-usa: tickets=2 (found), photos=0 (empty)
2026-02-15 09:12:28,882 - INFO -   1990-07-06-cardinal-stadium-louisville-ky-usa: tickets=1 (found), photos=0 (empty)
2026-02-15 09:12:34,889 - INFO -   1990-07-08-three-rivers-stadium-pittsburgh-pa-usa: tickets=2 (found), photos=0 (empty)
2026-02-15 09:12:41,118 - INFO -   1990-07-10-carter-finley-stadium-raleigh-nc-usa: tickets=2 (found), photos=0 (empty)
2026-02-15 09:12:48,889 - INFO -   1990-07-12-robert-f-kennedy-stadium-washington-dc-usa: tickets=3 (found), photos=0 (empty)
2026-02-15 09:12:55,121 - INFO -   1990-07-14-foxboro-stadium-foxboro-ma-usa: tickets=2 (found), photos=0 (empty)
2026-02-15 09:13:03,131 - INFO -   1990-07-16-rich-stadium-buffalo-ny-usa: tickets=3 (found), photos=0 (empty)
2026-02-15 09:13:09,112 - INFO -   1990-07-18-deer-creek-music-center-noblesville-in-usa: tickets=2 (found), photos=0 (empty)
2026-02-15 09:13:15,108 - INFO -   1990-07-19-deer-creek-music-center-noblesville-in-usa: tickets=2 (found), photos=0 (empty)
2026-02-15 09:13:21,118 - INFO -   1990-07-21-world-music-theater-tinley-park-il-il-usa: tickets=2 (found), photos=0 (empty)
2026-02-15 09:13:27,441 - INFO -   1990-07-22-world-music-theater-tinley-park-il-il-usa: tickets=2 (found), photos=0 (empty)
2026-02-15 09:13:33,122 - INFO -   1990-07-23-world-music-theater-tinley-park-il-il-usa: tickets=2 (found), photos=0 (empty)
2026-02-15 09:13:39,142 - INFO -   1990-09-07-richfield-coliseum-richfield-oh-usa: tickets=2 (found), photos=0 (empty)
2026-02-15 09:13:45,112 - INFO -   1990-09-08-richfield-coliseum-richfield-oh-usa: tickets=2 (found), photos=0 (empty)
2026-02-15 09:13:49,193 - INFO -   1990-09-10-the-spectrum-philadelphia-pa-usa: tickets=1 (found), photos=0 (empty)
2026-02-15 09:13:55,125 - INFO -   1990-09-11-the-spectrum-philadelphia-pa-usa: tickets=2 (found), photos=0 (empty)
2026-02-15 09:14:01,108 - INFO -   1990-09-12-the-spectrum-philadelphia-pa-usa: tickets=2 (found), photos=0 (empty)
2026-02-15 09:14:06,895 - INFO -   1990-09-14-madison-square-garden-new-york-ny-usa: tickets=2 (found), photos=0 (empty)
2026-02-15 09:14:13,117 - INFO -   1990-09-15-madison-square-garden-new-york-ny-usa: tickets=2 (found), photos=0 (empty)
2026-02-15 09:14:18,895 - INFO -   1990-09-16-madison-square-garden-new-york-ny-usa: tickets=2 (found), photos=0 (empty)
2026-02-15 09:14:23,178 - INFO -   1990-09-18-madison-square-garden-new-york-ny-usa: tickets=1 (found), photos=0 (empty)
2026-02-15 09:14:29,164 - INFO -   1990-09-19-madison-square-garden-new-york-ny-usa: tickets=2 (found), photos=0 (empty)
2026-02-15 09:14:35,112 - INFO -   1990-09-20-madison-square-garden-new-york-ny-usa: tickets=2 (found), photos=0 (empty)
2026-02-15 09:14:41,229 - INFO -   1990-10-13-ice-stadium-stockholm-sweden: tickets=2 (found), photos=0 (empty)
2026-02-15 09:14:47,199 - INFO -   1990-10-17-gruga-halle-essen-germany: tickets=2 (found), photos=0 (empty)
2026-02-15 09:14:53,207 - INFO -   1990-10-19-internationales-congress-centrum-berlin-germany: tickets=2 (found), photos=0 (empty)
2026-02-15 09:14:59,192 - INFO -   1990-10-20-internationales-congress-centrum-berlin-germany: tickets=2 (found), photos=0 (empty)
2026-02-15 09:14:59,193 - INFO - Progress: 1950/2313 shows (1950 processed, 0 skipped, 0 errors) — 970 shows/hour
2026-02-15 09:15:05,185 - INFO -   1990-10-22-festhalle-frankfurt-germany: tickets=2 (found), photos=0 (empty)
2026-02-15 09:15:11,180 - INFO -   1990-10-24-sportsahalle-hamburg-hamburg: tickets=2 (found), photos=0 (empty)
2026-02-15 09:15:16,913 - INFO -   1990-10-27-the-zenith-paris-france: tickets=2 (found), photos=0 (empty)
2026-02-15 09:15:22,906 - INFO -   1990-10-28-the-zenith-paris-france: tickets=2 (found), photos=0 (empty)
2026-02-15 09:15:28,907 - INFO -   1990-10-30-wembley-arena-london-england: tickets=2 (found), photos=0 (empty)
2026-02-15 09:15:35,200 - INFO -   1990-10-31-wembley-arena-london-england: tickets=2 (found), photos=0 (empty)
2026-02-15 09:15:40,908 - INFO -   1990-11-01-wembley-arena-london-england: tickets=2 (found), photos=0 (empty)
2026-02-15 09:15:47,138 - INFO -   1990-12-03-oakland-alameda-county-coliseum-oakland-ca-usa: tickets=2 (found), photos=0 (empty)
2026-02-15 09:15:52,905 - INFO -   1990-12-04-oakland-alameda-county-coliseum-oakland-ca-usa: tickets=2 (found), photos=0 (empty)
2026-02-15 09:15:59,132 - INFO -   1990-12-08-compton-terrace-amphitheatre-tempe-az-usa: tickets=2 (found), photos=0 (empty)
2026-02-15 09:16:03,113 - INFO -   1990-12-09-compton-terrace-amphitheatre-tempe-az-usa: tickets=1 (found), photos=0 (empty)
2026-02-15 09:16:09,172 - INFO -   1990-12-12-mcnichols-sports-arena-denver-co-usa: tickets=2 (found), photos=0 (empty)
2026-02-15 09:16:13,188 - INFO -   1990-12-13-mcnichols-sports-arena-denver-co-usa: tickets=1 (found), photos=0 (empty)
2026-02-15 09:16:19,180 - INFO -   1990-12-14-mcnichols-sports-arena-denver-co-usa: tickets=2 (found), photos=0 (empty)
2026-02-15 09:16:25,149 - INFO -   1990-12-27-oakland-alameda-county-coliseum-oakland-ca-usa: tickets=2 (found), photos=0 (empty)
2026-02-15 09:16:31,126 - INFO -   1990-12-28-oakland-alameda-county-coliseum-oakland-ca-usa: tickets=2 (found), photos=0 (empty)
2026-02-15 09:16:37,133 - INFO -   1990-12-30-oakland-alameda-county-coliseum-oakland-ca-usa: tickets=2 (found), photos=0 (empty)
2026-02-15 09:16:43,188 - INFO -   1990-12-31-oakland-alameda-county-coliseum-oakland-ca-usa: tickets=2 (found), photos=0 (empty)
2026-02-15 09:16:49,122 - INFO -   1991-02-19-oakland-alameda-county-coliseum-oakland-ca-usa: tickets=2 (found), photos=0 (empty)
2026-02-15 09:16:55,195 - INFO -   1991-02-20-oakland-alameda-county-coliseum-oakland-ca-usa: tickets=2 (found), photos=0 (empty)
2026-02-15 09:17:01,161 - INFO -   1991-02-21-oakland-alameda-county-coliseum-oakland-ca-usa: tickets=2 (found), photos=0 (empty)
2026-02-15 09:17:06,916 - INFO -   1991-03-17-capitol-centre-landover-md-usa: tickets=2 (found), photos=0 (empty)
2026-02-15 09:17:12,914 - INFO -   1991-03-18-capitol-centre-landover-md-usa: tickets=2 (found), photos=0 (empty)
2026-02-15 09:17:18,913 - INFO -   1991-03-20-capitol-centre-landover-md-usa: tickets=2 (found), photos=0 (empty)
2026-02-15 09:17:25,139 - INFO -   1991-03-21-capitol-centre-landover-md-usa: tickets=2 (found), photos=0 (empty)
2026-02-15 09:17:28,913 - INFO -   1991-03-23-knickerbocker-arena-albany-ny-usa: tickets=1 (found), photos=0 (empty)
2026-02-15 09:17:35,138 - INFO -   1991-03-24-knickerbocker-arena-albany-ny-usa: tickets=2 (found), photos=0 (empty)
2026-02-15 09:17:40,915 - INFO -   1991-03-25-knickerbocker-arena-albany-ny-usa: tickets=2 (found), photos=0 (empty)
2026-02-15 09:17:47,222 - INFO -   1991-03-27-nassau-coliseum-uniondale-ny-usa: tickets=2 (found), photos=0 (empty)
2026-02-15 09:17:51,180 - INFO -   1991-03-28-nassau-coliseum-uniondale-ny-usa: tickets=1 (found), photos=0 (empty)
2026-02-15 09:17:57,134 - INFO -   1991-03-29-nassau-coliseum-uniondale-ny-usa: tickets=2 (found), photos=0 (empty)
2026-02-15 09:18:03,161 - INFO -   1991-03-31-greensboro-coliseum-greensboro-nc-usa: tickets=2 (found), photos=0 (empty)
2026-02-15 09:18:08,918 - INFO -   1991-04-01-greensboro-coliseum-greensboro-nc-usa: tickets=2 (found), photos=0 (empty)
2026-02-15 09:18:15,150 - INFO -   1991-04-03-the-omni-atlanta-ga-usa: tickets=2 (found), photos=0 (empty)
2026-02-15 09:18:21,151 - INFO -   1991-04-04-the-omni-atlanta-ga-usa: tickets=2 (found), photos=0 (empty)
2026-02-15 09:18:26,919 - INFO -   1991-04-05-the-omni-atlanta-ga-usa: tickets=2 (found), photos=0 (empty)
2026-02-15 09:18:33,351 - INFO -   1991-04-07-orlando-arena-orlando-fl-usa: tickets=2 (found), photos=0 (empty)
2026-02-15 09:18:39,332 - INFO -   1991-04-08-orlando-arena-orlando-fl-usa: tickets=2 (found), photos=0 (empty)
2026-02-15 09:18:42,920 - INFO -   1991-04-09-orlando-arena-orlando-fl-usa: tickets=1 (found), photos=0 (empty)
2026-02-15 09:18:49,164 - INFO -   1991-04-27-sam-boyd-silver-bowl-u-n-l-v-las-vegas-nv-usa: tickets=2 (found), photos=0 (empty)
2026-02-15 09:18:55,152 - INFO -   1991-04-28-sam-boyd-silver-bowl-u-n-l-v-las-vegas-nv-usa: tickets=2 (found), photos=0 (empty)
2026-02-15 09:19:01,154 - INFO -   1991-05-03-cal-expo-sacramento-ca-usa: tickets=2 (found), photos=0 (empty)
2026-02-15 09:19:07,236 - INFO -   1991-05-04-cal-expo-sacramento-ca-usa: tickets=2 (found), photos=0 (empty)
2026-02-15 09:19:13,147 - INFO -   1991-05-05-cal-expo-sacramento-ca-usa: tickets=2 (found), photos=0 (empty)
2026-02-15 09:19:18,929 - INFO -   1991-05-10-shoreline-amphitheatre-mountain-view-ca-usa: tickets=2 (found), photos=0 (empty)
2026-02-15 09:19:24,923 - INFO -   1991-05-11-shoreline-amphitheatre-mountain-view-ca-usa: tickets=2 (found), photos=0 (empty)
2026-02-15 09:19:30,928 - INFO -   1991-05-12-shoreline-amphitheatre-mountain-view-ca-usa: tickets=2 (found), photos=0 (empty)
2026-02-15 09:19:37,160 - INFO -   1991-06-01-los-angeles-coliseum-los-angeles-ca-usa: tickets=2 (found), photos=0 (empty)
2026-02-15 09:19:43,176 - INFO -   1991-06-06-deer-creek-music-center-noblesville-in-usa: tickets=2 (found), photos=0 (empty)
2026-02-15 09:19:49,196 - INFO -   1991-06-07-deer-creek-music-center-noblesville-in-usa: tickets=2 (found), photos=0 (empty)
2026-02-15 09:19:49,196 - INFO - Progress: 2000/2313 shows (2000 processed, 0 skipped, 0 errors) — 957 shows/hour
2026-02-15 09:19:55,147 - INFO -   1991-06-09-buckeye-lake-music-center-hebron-oh-usa: tickets=2 (found), photos=0 (empty)
2026-02-15 09:19:59,155 - INFO -   1991-06-11-charlotte-coliseum-charlotte-nc-usa: tickets=1 (found), photos=0 (empty)
2026-02-15 09:20:03,196 - INFO -   1991-06-12-charlotte-coliseum-charlotte-nc-usa: tickets=1 (found), photos=0 (empty)
2026-02-15 09:20:08,931 - INFO -   1991-06-14-robert-f-kennedy-stadium-washington-dc-usa: tickets=2 (found), photos=0 (empty)
2026-02-15 09:20:15,146 - INFO -   1991-06-16-giants-stadium-east-rutherford-nj-usa: tickets=2 (found), photos=0 (empty)
2026-02-15 09:20:21,194 - INFO -   1991-06-17-giants-stadium-east-rutherford-nj-usa: tickets=2 (found), photos=0 (empty)
2026-02-15 09:20:26,930 - INFO -   1991-06-19-pine-knob-music-theater-clarkston-mi-usa: tickets=2 (found), photos=0 (empty)
2026-02-15 09:20:32,929 - INFO -   1991-06-20-pine-knob-music-theater-clarkston-mi-usa: tickets=2 (found), photos=0 (empty)
2026-02-15 09:20:39,192 - INFO -   1991-06-22-soldier-field-chicago-il-usa: tickets=2 (found), photos=0 (empty)
2026-02-15 09:20:45,148 - INFO -   1991-06-25-sandstone-ampitheatre-bonner-springs-ks-usa: tickets=1 (found), photos=0 (empty)
2026-02-15 09:20:51,192 - INFO -   1991-06-28-mile-high-stadium-denver-co-usa: tickets=2 (found), photos=0 (empty)
2026-02-15 09:20:57,224 - INFO -   1991-08-12-cal-expo-sacramento-ca-usa: tickets=2 (found), photos=0 (empty)
2026-02-15 09:21:03,275 - INFO -   1991-08-13-cal-expo-sacramento-ca-usa: tickets=2 (found), photos=0 (empty)
2026-02-15 09:21:09,220 - INFO -   1991-08-14-cal-expo-sacramento-ca-usa: tickets=2 (found), photos=0 (empty)
2026-02-15 09:21:13,166 - INFO -   1991-08-16-shoreline-amphitheatre-mountain-view-ca-usa: tickets=1 (found), photos=0 (empty)
2026-02-15 09:21:17,173 - INFO -   1991-08-17-shoreline-amphitheatre-mountain-view-ca-usa: tickets=1 (found), photos=0 (empty)
2026-02-15 09:21:21,173 - INFO -   1991-08-18-shoreline-amphitheatre-mountain-view-ca-usa: tickets=1 (found), photos=0 (empty)
2026-02-15 09:21:27,189 - INFO -   1991-09-04-richfield-coliseum-richfield-oh-usa: tickets=2 (found), photos=0 (empty)
2026-02-15 09:21:33,162 - INFO -   1991-09-05-richfield-coliseum-richfield-oh-usa: tickets=2 (found), photos=0 (empty)
2026-02-15 09:21:38,948 - INFO -   1991-09-06-richfield-coliseum-richfield-oh-usa: tickets=2 (found), photos=0 (empty)
2026-02-15 09:21:45,159 - INFO -   1991-09-08-madison-square-garden-new-york-ny-usa: tickets=2 (found), photos=0 (empty)
2026-02-15 09:21:51,175 - INFO -   1991-09-09-madison-square-garden-new-york-ny-usa: tickets=2 (found), photos=0 (empty)
2026-02-15 09:21:57,180 - INFO -   1991-09-10-madison-square-garden-new-york-ny-usa: tickets=2 (found), photos=0 (empty)
2026-02-15 09:22:03,177 - INFO -   1991-09-12-madison-square-garden-new-york-ny-usa: tickets=2 (found), photos=0 (empty)
2026-02-15 09:22:09,168 - INFO -   1991-09-13-madison-square-garden-new-york-ny-usa: tickets=2 (found), photos=0 (empty)
2026-02-15 09:22:15,159 - INFO -   1991-09-14-madison-square-garden-new-york-ny-usa: tickets=2 (found), photos=0 (empty)
2026-02-15 09:22:21,223 - INFO -   1991-09-16-madison-square-garden-new-york-ny-usa: tickets=2 (found), photos=0 (empty)
2026-02-15 09:22:27,245 - INFO -   1991-09-17-madison-square-garden-new-york-ny-usa: tickets=2 (found), photos=0 (empty)
2026-02-15 09:22:33,162 - INFO -   1991-09-18-madison-square-garden-new-york-ny-usa: tickets=2 (found), photos=0 (empty)
2026-02-15 09:22:39,213 - INFO -   1991-09-20-boston-garden-boston-ma-usa: tickets=2 (found), photos=0 (empty)
2026-02-15 09:22:45,164 - INFO -   1991-09-21-boston-garden-boston-ma-usa: tickets=2 (found), photos=0 (empty)
2026-02-15 09:22:51,169 - INFO -   1991-09-22-boston-garden-boston-ma-usa: tickets=2 (found), photos=0 (empty)
2026-02-15 09:22:57,187 - INFO -   1991-09-24-boston-garden-boston-ma-usa: tickets=2 (found), photos=0 (empty)
2026-02-15 09:23:03,168 - INFO -   1991-09-25-boston-garden-boston-ma-usa: tickets=2 (found), photos=0 (empty)
2026-02-15 09:23:09,199 - INFO -   1991-09-26-boston-garden-boston-ma-usa: tickets=2 (found), photos=0 (empty)
2026-02-15 09:23:15,447 - INFO -   1991-10-27-oakland-alameda-county-coliseum-oakland-ca-usa: tickets=2 (found), photos=0 (empty)
2026-02-15 09:23:21,166 - INFO -   1991-10-28-oakland-alameda-county-coliseum-oakland-ca-usa: tickets=2 (found), photos=0 (empty)
2026-02-15 09:23:27,185 - INFO -   1991-10-30-oakland-alameda-county-coliseum-oakland-ca-usa: tickets=2 (found), photos=0 (empty)
2026-02-15 09:23:33,215 - INFO -   1991-10-31-oakland-alameda-county-coliseum-oakland-ca-usa: tickets=2 (found), photos=0 (empty)
2026-02-15 09:23:41,348 - INFO -   1991-12-27-oakland-alameda-county-coliseum-oakland-ca-usa: tickets=2 (found), photos=0 (empty)
2026-02-15 09:23:47,555 - INFO -   1991-12-28-oakland-alameda-county-coliseum-oakland-ca-usa: tickets=2 (found), photos=0 (empty)
2026-02-15 09:23:53,200 - INFO -   1991-12-30-oakland-alameda-county-coliseum-oakland-ca-usa: tickets=2 (found), photos=0 (empty)
2026-02-15 09:23:59,258 - INFO -   1991-12-31-oakland-alameda-county-coliseum-oakland-ca-usa: tickets=2 (found), photos=0 (empty)
2026-02-15 09:24:03,189 - INFO -   1992-02-22-oakland-alameda-county-coliseum-oakland-ca-usa: tickets=1 (found), photos=0 (empty)
2026-02-15 09:24:07,219 - INFO -   1992-02-23-oakland-alameda-county-coliseum-oakland-ca-usa: tickets=1 (found), photos=0 (empty)
2026-02-15 09:24:13,174 - INFO -   1992-02-24-oakland-alameda-county-coliseum-oakland-ca-usa: tickets=2 (found), photos=0 (empty)
2026-02-15 09:24:19,189 - INFO -   1992-03-01-the-omni-atlanta-ga-usa: tickets=2 (found), photos=0 (empty)
2026-02-15 09:24:24,951 - INFO -   1992-03-02-the-omni-atlanta-ga-usa: tickets=2 (found), photos=0 (empty)
2026-02-15 09:24:24,952 - INFO - Progress: 2050/2313 shows (2050 processed, 0 skipped, 0 errors) — 946 shows/hour
2026-02-15 09:24:31,173 - INFO -   1992-03-03-the-omni-atlanta-ga-usa: tickets=2 (found), photos=0 (empty)
2026-02-15 09:24:37,192 - INFO -   1992-03-05-hampton-coliseum-hampton-va-usa: tickets=2 (found), photos=0 (empty)
2026-02-15 09:24:43,183 - INFO -   1992-03-06-hampton-coliseum-hampton-va-usa: tickets=2 (found), photos=0 (empty)
2026-02-15 09:24:49,195 - INFO -   1992-03-08-capitol-centre-landover-md-usa: tickets=2 (found), photos=0 (empty)
2026-02-15 09:24:55,181 - INFO -   1992-03-09-capitol-centre-landover-md-usa: tickets=2 (found), photos=0 (empty)
2026-02-15 09:25:01,214 - INFO -   1992-03-11-nassau-coliseum-uniondale-ny-usa: tickets=2 (found), photos=0 (empty)
2026-02-15 09:25:07,185 - INFO -   1992-03-12-nassau-coliseum-uniondale-ny-usa: tickets=2 (found), photos=0 (empty)
2026-02-15 09:25:11,195 - INFO -   1992-03-13-nassau-coliseum-uniondale-ny-usa: tickets=1 (found), photos=0 (empty)
2026-02-15 09:25:17,177 - INFO -   1992-03-16-the-spectrum-philadelphia-pa-usa: tickets=2 (found), photos=0 (empty)
2026-02-15 09:25:23,262 - INFO -   1992-03-17-the-spectrum-philadelphia-pa-usa: tickets=2 (found), photos=0 (empty)
2026-02-15 09:25:29,200 - INFO -   1992-03-18-the-spectrum-philadelphia-pa-usa: tickets=2 (found), photos=0 (empty)
2026-02-15 09:25:35,183 - INFO -   1992-03-20-copps-coliseum-hamilton-ontario-canada: tickets=2 (found), photos=0 (empty)
2026-02-15 09:25:41,198 - INFO -   1992-03-21-copps-coliseum-hamilton-ontario-canada: tickets=2 (found), photos=0 (empty)
2026-02-15 09:25:47,181 - INFO -   1992-03-23-the-palace-auburn-hills-mi-usa: tickets=2 (found), photos=0 (empty)
2026-02-15 09:25:53,186 - INFO -   1992-03-24-the-palace-auburn-hills-mi-usa: tickets=2 (found), photos=0 (empty)
2026-02-15 09:25:59,180 - INFO -   1992-05-19-cal-expo-sacramento-ca-usa: tickets=2 (found), photos=0 (empty)
2026-02-15 09:26:05,215 - INFO -   1992-05-20-cal-expo-sacramento-ca-usa: tickets=2 (found), photos=0 (empty)
2026-02-15 09:26:11,205 - INFO -   1992-05-21-cal-expo-sacramento-ca-usa: tickets=2 (found), photos=0 (empty)
2026-02-15 09:26:16,959 - INFO -   1992-05-23-shoreline-amphitheatre-mountain-view-ca-usa: tickets=2 (found), photos=0 (empty)
2026-02-15 09:26:21,170 - INFO -   1992-05-24-shoreline-amphitheatre-mountain-view-ca-usa: tickets=1 (found), photos=0 (empty)
2026-02-15 09:26:25,187 - INFO -   1992-05-25-shoreline-amphitheatre-mountain-view-ca-usa: tickets=1 (found), photos=0 (empty)
2026-02-15 09:26:30,962 - INFO -   1992-05-29-sam-boyd-silver-bowl-u-n-l-v-las-vegas-nv-usa: tickets=2 (found), photos=0 (empty)
2026-02-15 09:26:36,966 - INFO -   1992-05-30-sam-boyd-silver-bowl-u-n-l-v-las-vegas-nv-usa: tickets=2 (found), photos=0 (empty)
2026-02-15 09:26:43,187 - INFO -   1992-05-31-sam-boyd-silver-bowl-u-n-l-v-las-vegas-nv-usa: tickets=2 (found), photos=0 (empty)
2026-02-15 09:26:49,183 - INFO -   1992-06-06-rich-stadium-buffalo-ny-usa: tickets=2 (found), photos=0 (empty)
2026-02-15 09:26:55,191 - INFO -   1992-06-08-richfield-coliseum-richfield-oh-usa: tickets=2 (found), photos=0 (empty)
2026-02-15 09:27:01,181 - INFO -   1992-06-09-richfield-coliseum-richfield-oh-usa: tickets=2 (found), photos=0 (empty)
2026-02-15 09:27:07,255 - INFO -   1992-06-11-knickerbocker-arena-albany-ny-usa: tickets=2 (found), photos=0 (empty)
2026-02-15 09:27:13,240 - INFO -   1992-06-12-knickerbocker-arena-albany-ny-usa: tickets=2 (found), photos=0 (empty)
2026-02-15 09:27:19,197 - INFO -   1992-06-14-giants-stadium-east-rutherford-nj-usa: tickets=2 (found), photos=0 (empty)
2026-02-15 09:27:25,181 - INFO -   1992-06-15-giants-stadium-east-rutherford-nj-usa: tickets=2 (found), photos=0 (empty)
2026-02-15 09:27:31,184 - INFO -   1992-06-17-charlotte-coliseum-charlotte-nc-usa: tickets=2 (found), photos=0 (empty)
2026-02-15 09:27:37,198 - INFO -   1992-06-18-charlotte-coliseum-charlotte-nc-usa: tickets=2 (found), photos=0 (empty)
2026-02-15 09:27:42,962 - INFO -   1992-06-20-robert-f-kennedy-stadium-washington-dc-usa: tickets=2 (found), photos=0 (empty)
2026-02-15 09:27:49,228 - INFO -   1992-06-22-star-lake-ampitheater-burgettstown-pa-usa: tickets=2 (found), photos=0 (empty)
2026-02-15 09:27:55,205 - INFO -   1992-06-23-star-lake-ampitheater-burgettstown-pa-usa: tickets=2 (found), photos=0 (empty)
2026-02-15 09:28:01,179 - INFO -   1992-06-25-soldier-field-chicago-il-usa: tickets=2 (found), photos=0 (empty)
2026-02-15 09:28:07,196 - INFO -   1992-06-26-soldier-field-chicago-il-usa: tickets=2 (found), photos=0 (empty)
2026-02-15 09:28:13,197 - INFO -   1992-06-28-deer-creek-music-center-noblesville-in-usa: tickets=2 (found), photos=0 (empty)
2026-02-15 09:28:19,249 - INFO -   1992-06-29-deer-creek-music-center-noblesville-in-usa: tickets=2 (found), photos=0 (empty)
2026-02-15 09:28:25,181 - INFO -   1992-07-01-buckeye-lake-music-center-hebron-oh-usa: tickets=2 (found), photos=0 (empty)
2026-02-15 09:28:29,214 - INFO -   1992-12-02-mcnichols-sports-arena-denver-co-usa: tickets=1 (found), photos=0 (empty)
2026-02-15 09:28:35,243 - INFO -   1992-12-03-mcnichols-sports-arena-denver-co-usa: tickets=2 (found), photos=0 (empty)
2026-02-15 09:28:39,206 - INFO -   1992-12-05-compton-terrace-amphitheatre-tempe-az-usa: tickets=1 (found), photos=0 (empty)
2026-02-15 09:28:45,193 - INFO -   1992-12-06-compton-terrace-amphitheatre-tempe-az-usa: tickets=2 (found), photos=0 (empty)
2026-02-15 09:28:51,272 - INFO -   1992-12-11-oakland-alameda-county-coliseum-oakland-ca-usa: tickets=2 (found), photos=0 (empty)
2026-02-15 09:28:55,353 - INFO -   1992-12-12-oakland-alameda-county-coliseum-oakland-ca-usa: tickets=1 (found), photos=0 (empty)
2026-02-15 09:28:59,192 - INFO -   1992-12-13-oakland-alameda-county-coliseum-oakland-ca-usa: tickets=1 (found), photos=0 (empty)
2026-02-15 09:29:04,968 - INFO -   1992-12-16-oakland-alameda-county-coliseum-oakland-ca-usa: tickets=2 (found), photos=0 (empty)
2026-02-15 09:29:11,190 - INFO -   1992-12-17-oakland-alameda-county-coliseum-oakland-ca-usa: tickets=2 (found), photos=0 (empty)
2026-02-15 09:29:11,190 - INFO - Progress: 2100/2313 shows (2100 processed, 0 skipped, 0 errors) — 935 shows/hour
2026-02-15 09:29:17,249 - INFO -   1993-01-24-oakland-alameda-county-coliseum-oakland-ca-usa: tickets=2 (found), photos=0 (empty)
2026-02-15 09:29:21,195 - INFO -   1993-01-25-oakland-alameda-county-coliseum-oakland-ca-usa: tickets=1 (found), photos=0 (empty)
2026-02-15 09:29:27,272 - INFO -   1993-01-26-oakland-alameda-county-coliseum-oakland-ca-usa: tickets=2 (found), photos=0 (empty)
2026-02-15 09:29:33,212 - INFO -   1993-02-21-oakland-alameda-county-coliseum-oakland-ca-usa: tickets=2 (found), photos=0 (empty)
2026-02-15 09:29:39,205 - INFO -   1993-02-22-oakland-alameda-county-coliseum-oakland-ca-usa: tickets=2 (found), photos=0 (empty)
2026-02-15 09:29:45,199 - INFO -   1993-02-23-oakland-alameda-county-coliseum-oakland-ca-usa: tickets=2 (found), photos=0 (empty)
2026-02-15 09:29:51,278 - INFO -   1993-03-09-rosemont-horizon-rosemont-il-usa: tickets=2 (found), photos=0 (empty)
2026-02-15 09:29:56,974 - INFO -   1993-03-10-rosemont-horizon-rosemont-il-usa: tickets=2 (found), photos=0 (empty)
2026-02-15 09:30:03,202 - INFO -   1993-03-11-rosemont-horizon-rosemont-il-usa: tickets=2 (found), photos=0 (empty)
2026-02-15 09:30:09,220 - INFO -   1993-03-14-richfield-coliseum-richfield-oh-usa: tickets=2 (found), photos=0 (empty)
2026-02-15 09:30:15,256 - INFO -   1993-03-16-capitol-centre-landover-md-usa: tickets=2 (found), photos=0 (empty)
2026-02-15 09:30:21,241 - INFO -   1993-03-17-capitol-centre-landover-md-usa: tickets=2 (found), photos=0 (empty)
2026-02-15 09:30:27,213 - INFO -   1993-03-18-capitol-centre-landover-md-usa: tickets=2 (found), photos=0 (empty)
2026-02-15 09:30:33,226 - INFO -   1993-03-20-the-omni-atlanta-ga-usa: tickets=2 (found), photos=0 (empty)
2026-02-15 09:30:39,256 - INFO -   1993-03-21-the-omni-atlanta-ga-usa: tickets=2 (found), photos=0 (empty)
2026-02-15 09:30:45,204 - INFO -   1993-03-22-the-omni-atlanta-ga-usa: tickets=2 (found), photos=0 (empty)
2026-02-15 09:30:51,285 - INFO -   1993-03-24-dean-smith-center-chapel-hill-nc-usa: tickets=2 (found), photos=0 (empty)
2026-02-15 09:30:57,206 - INFO -   1993-03-25-dean-smith-center-chapel-hill-nc-usa: tickets=2 (found), photos=0 (empty)
2026-02-15 09:31:02,984 - INFO -   1993-03-27-knickerbocker-arena-albany-ny-usa: tickets=2 (found), photos=0 (empty)
2026-02-15 09:31:09,196 - INFO -   1993-03-28-knickerbocker-arena-albany-ny-usa: tickets=2 (found), photos=0 (empty)
2026-02-15 09:31:15,194 - INFO -   1993-03-29-knickerbocker-arena-albany-ny-usa: tickets=2 (found), photos=0 (empty)
2026-02-15 09:31:21,226 - INFO -   1993-03-31-nassau-coliseum-uniondale-ny-usa: tickets=2 (found), photos=0 (empty)
2026-02-15 09:31:27,252 - INFO -   1993-04-01-nassau-coliseum-uniondale-ny-usa: tickets=2 (found), photos=0 (empty)
2026-02-15 09:31:32,980 - INFO -   1993-04-02-nassau-coliseum-uniondale-ny-usa: tickets=2 (found), photos=0 (empty)
2026-02-15 09:31:39,204 - INFO -   1993-04-04-nassau-coliseum-uniondale-ny-usa: tickets=2 (found), photos=0 (empty)
2026-02-15 09:31:45,260 - INFO -   1993-04-05-nassau-coliseum-uniondale-ny-usa: tickets=2 (found), photos=0 (empty)
2026-02-15 09:31:51,214 - INFO -   1993-05-14-sam-boyd-silver-bowl-u-n-l-v-las-vegas-nv-usa: tickets=2 (found), photos=0 (empty)
2026-02-15 09:31:57,002 - INFO -   1993-05-15-sam-boyd-silver-bowl-u-n-l-v-las-vegas-nv-usa: tickets=2 (found), photos=0 (empty)
2026-02-15 09:32:02,980 - INFO -   1993-05-16-sam-boyd-silver-bowl-u-n-l-v-las-vegas-nv-usa: tickets=2 (found), photos=0 (empty)
2026-02-15 09:32:08,985 - INFO -   1993-05-21-shoreline-amphitheatre-mountain-view-ca-usa: tickets=2 (found), photos=0 (empty)
2026-02-15 09:32:14,987 - INFO -   1993-05-22-shoreline-amphitheatre-mountain-view-ca-usa: tickets=2 (found), photos=0 (empty)
2026-02-15 09:32:21,224 - INFO -   1993-05-23-shoreline-amphitheatre-mountain-view-ca-usa: tickets=2 (found), photos=0 (empty)
2026-02-15 09:32:27,202 - INFO -   1993-05-25-cal-expo-sacramento-ca-usa: tickets=2 (found), photos=0 (empty)
2026-02-15 09:32:33,201 - INFO -   1993-05-26-cal-expo-sacramento-ca-usa: tickets=2 (found), photos=0 (empty)
2026-02-15 09:32:41,222 - INFO -   1993-06-05-giants-stadium-east-rutherford-nj-usa: tickets=2 (found), photos=0 (empty)
2026-02-15 09:32:47,261 - INFO -   1993-06-06-giants-stadium-east-rutherford-nj-usa: tickets=2 (found), photos=0 (empty)
2026-02-15 09:32:53,214 - INFO -   1993-06-08-the-palace-auburn-hills-mi-usa: tickets=2 (found), photos=0 (empty)
2026-02-15 09:32:59,238 - INFO -   1993-06-09-the-palace-auburn-hills-mi-usa: tickets=2 (found), photos=0 (empty)
2026-02-15 09:33:05,006 - INFO -   1993-06-11-buckeye-lake-music-center-hebron-oh-usa: tickets=2 (found), photos=0 (empty)
2026-02-15 09:33:11,337 - INFO -   1993-06-13-rich-stadium-buffalo-ny-usa: tickets=2 (found), photos=0 (empty)
2026-02-15 09:33:17,204 - INFO -   1993-06-15-freedom-hall-louisville-ky-usa: tickets=2 (found), photos=0 (empty)
2026-02-15 09:33:23,320 - INFO -   1993-06-16-freedom-hall-louisville-ky-usa: tickets=2 (found), photos=0 (empty)
2026-02-15 09:33:29,220 - INFO -   1993-06-18-soldier-field-chicago-il-usa: tickets=2 (found), photos=0 (empty)
2026-02-15 09:33:34,989 - INFO -   1993-06-19-soldier-field-chicago-il-usa: tickets=2 (found), photos=0 (empty)
2026-02-15 09:33:41,233 - INFO -   1993-06-21-deer-creek-music-center-noblesville-in-usa: tickets=2 (found), photos=0 (empty)
2026-02-15 09:33:47,233 - INFO -   1993-06-22-deer-creek-music-center-noblesville-in-usa: tickets=2 (found), photos=0 (empty)
2026-02-15 09:33:53,221 - INFO -   1993-06-23-deer-creek-music-center-noblesville-in-usa: tickets=2 (found), photos=0 (empty)
2026-02-15 09:33:59,285 - INFO -   1993-06-25-robert-f-kennedy-stadium-washington-dc-usa: tickets=2 (found), photos=0 (empty)
2026-02-15 09:34:07,305 - INFO -   1993-06-26-robert-f-kennedy-stadium-washington-dc-usa: tickets=3 (found), photos=0 (empty)
2026-02-15 09:34:07,306 - INFO - Progress: 2150/2313 shows (2150 processed, 0 skipped, 0 errors) — 923 shows/hour
2026-02-15 09:34:14,991 - INFO -   1993-08-21-autzen-stadium-u-of-oregon-eugene-or-usa: tickets=3 (found), photos=0 (empty)
2026-02-15 09:34:21,215 - INFO -   1993-08-22-autzen-stadium-u-of-oregon-eugene-or-usa: tickets=2 (found), photos=0 (empty)
2026-02-15 09:34:27,223 - INFO -   1993-08-25-shoreline-amphitheatre-mountain-view-ca-usa: tickets=2 (found), photos=0 (empty)
2026-02-15 09:34:33,271 - INFO -   1993-08-26-shoreline-amphitheatre-mountain-view-ca-usa: tickets=2 (found), photos=0 (empty)
2026-02-15 09:34:39,273 - INFO -   1993-08-27-shoreline-amphitheatre-mountain-view-ca-usa: tickets=2 (found), photos=0 (empty)
2026-02-15 09:34:45,237 - INFO -   1993-09-08-richfield-coliseum-richfield-oh-usa: tickets=2 (found), photos=0 (empty)
2026-02-15 09:34:51,214 - INFO -   1993-09-09-richfield-coliseum-richfield-oh-usa: tickets=2 (found), photos=0 (empty)
2026-02-15 09:34:57,249 - INFO -   1993-09-10-richfield-coliseum-richfield-oh-usa: tickets=2 (found), photos=0 (empty)
2026-02-15 09:35:03,231 - INFO -   1993-09-12-the-spectrum-philadelphia-pa-usa: tickets=2 (found), photos=0 (empty)
2026-02-15 09:35:08,998 - INFO -   1993-09-13-the-spectrum-philadelphia-pa-usa: tickets=2 (found), photos=0 (empty)
2026-02-15 09:35:14,993 - INFO -   1993-09-14-the-spectrum-philadelphia-pa-usa: tickets=2 (found), photos=0 (empty)
2026-02-15 09:35:21,239 - INFO -   1993-09-16-madison-square-garden-new-york-ny-usa: tickets=2 (found), photos=0 (empty)
2026-02-15 09:35:27,231 - INFO -   1993-09-17-madison-square-garden-new-york-ny-usa: tickets=2 (found), photos=0 (empty)
2026-02-15 09:35:33,311 - INFO -   1993-09-18-madison-square-garden-new-york-ny-usa: tickets=2 (found), photos=0 (empty)
2026-02-15 09:35:39,229 - INFO -   1993-09-20-madison-square-garden-new-york-ny-usa: tickets=2 (found), photos=0 (empty)
2026-02-15 09:35:45,221 - INFO -   1993-09-21-madison-square-garden-new-york-ny-usa: tickets=2 (found), photos=0 (empty)
2026-02-15 09:35:51,290 - INFO -   1993-09-22-madison-square-garden-new-york-ny-usa: tickets=2 (found), photos=0 (empty)
2026-02-15 09:35:57,211 - INFO -   1993-09-24-boston-garden-boston-ma-usa: tickets=2 (found), photos=0 (empty)
2026-02-15 09:36:03,228 - INFO -   1993-09-25-boston-garden-boston-ma-usa: tickets=2 (found), photos=0 (empty)
2026-02-15 09:36:09,217 - INFO -   1993-09-26-boston-garden-boston-ma-usa: tickets=2 (found), photos=0 (empty)
2026-02-15 09:36:15,257 - INFO -   1993-09-28-boston-garden-boston-ma-usa: tickets=2 (found), photos=0 (empty)
2026-02-15 09:36:21,226 - INFO -   1993-09-29-boston-garden-boston-ma-usa: tickets=2 (found), photos=0 (empty)
2026-02-15 09:36:26,998 - INFO -   1993-09-30-boston-garden-boston-ma-usa: tickets=2 (found), photos=0 (empty)
2026-02-15 09:36:35,235 - INFO -   1993-12-08-sports-arena-los-angeles-ca-usa: tickets=3 (found), photos=0 (empty)
2026-02-15 09:36:39,218 - INFO -   1993-12-09-sports-arena-los-angeles-ca-usa: tickets=1 (found), photos=0 (empty)
2026-02-15 09:36:45,229 - INFO -   1993-12-10-sports-arena-los-angeles-ca-usa: tickets=2 (found), photos=0 (empty)
2026-02-15 09:36:51,231 - INFO -   1993-12-12-san-diego-sports-arena-san-diego-ca-usa: tickets=2 (found), photos=0 (empty)
2026-02-15 09:36:57,215 - INFO -   1993-12-13-san-diego-sports-arena-san-diego-ca-usa: tickets=2 (found), photos=0 (empty)
2026-02-15 09:37:03,274 - INFO -   1993-12-17-oakland-alameda-county-coliseum-oakland-ca-usa: tickets=2 (found), photos=0 (empty)
2026-02-15 09:37:09,005 - INFO -   1993-12-18-oakland-alameda-county-coliseum-oakland-ca-usa: tickets=2 (found), photos=0 (empty)
2026-02-15 09:37:15,003 - INFO -   1993-12-19-oakland-alameda-county-coliseum-oakland-ca-usa: tickets=2 (found), photos=0 (empty)
2026-02-15 09:37:21,222 - INFO -   1994-02-25-oakland-alameda-county-coliseum-oakland-ca-usa: tickets=2 (found), photos=0 (empty)
2026-02-15 09:37:27,221 - INFO -   1994-02-26-oakland-alameda-county-coliseum-oakland-ca-usa: tickets=2 (found), photos=0 (empty)
2026-02-15 09:37:33,257 - INFO -   1994-02-27-oakland-alameda-county-coliseum-oakland-ca-usa: tickets=2 (found), photos=0 (empty)
2026-02-15 09:37:39,239 - INFO -   1994-03-04-desert-sky-pavilion-phoenix-az-usa: tickets=2 (found), photos=0 (empty)
2026-02-15 09:37:45,239 - INFO -   1994-03-05-desert-sky-pavilion-phoenix-az-usa: tickets=2 (found), photos=0 (empty)
2026-02-15 09:37:51,336 - INFO -   1994-03-06-desert-sky-pavilion-phoenix-az-usa: tickets=2 (found), photos=0 (empty)
2026-02-15 09:37:57,248 - INFO -   1994-03-16-rosemont-horizon-rosemont-il-usa: tickets=2 (found), photos=0 (empty)
2026-02-15 09:38:03,224 - INFO -   1994-03-17-rosemont-horizon-rosemont-il-usa: tickets=2 (found), photos=0 (empty)
2026-02-15 09:38:09,246 - INFO -   1994-03-18-rosemont-horizon-rosemont-il-usa: tickets=2 (found), photos=0 (empty)
2026-02-15 09:38:15,230 - INFO -   1994-03-20-richfield-coliseum-richfield-oh-usa: tickets=2 (found), photos=0 (empty)
2026-02-15 09:38:21,288 - INFO -   1994-03-21-richfield-coliseum-richfield-oh-usa: tickets=2 (found), photos=0 (empty)
2026-02-15 09:38:27,358 - INFO -   1994-03-23-nassau-coliseum-uniondale-ny-usa: tickets=2 (found), photos=0 (empty)
2026-02-15 09:38:33,249 - INFO -   1994-03-24-nassau-coliseum-uniondale-ny-usa: tickets=2 (found), photos=0 (empty)
2026-02-15 09:38:39,250 - INFO -   1994-03-25-nassau-coliseum-uniondale-ny-usa: tickets=2 (found), photos=0 (empty)
2026-02-15 09:38:45,231 - INFO -   1994-03-27-nassau-coliseum-uniondale-ny-usa: tickets=2 (found), photos=0 (empty)
2026-02-15 09:38:51,252 - INFO -   1994-03-28-nassau-coliseum-uniondale-ny-usa: tickets=2 (found), photos=0 (empty)
2026-02-15 09:38:57,329 - INFO -   1994-03-30-the-omni-atlanta-ga-usa: tickets=2 (found), photos=0 (empty)
2026-02-15 09:39:03,237 - INFO -   1994-03-31-the-omni-atlanta-ga-usa: tickets=2 (found), photos=0 (empty)
2026-02-15 09:39:09,067 - INFO -   1994-04-01-the-omni-atlanta-ga-usa: tickets=2 (found), photos=0 (empty)
2026-02-15 09:39:09,068 - INFO - Progress: 2200/2313 shows (2200 processed, 0 skipped, 0 errors) — 912 shows/hour
2026-02-15 09:39:15,240 - INFO -   1994-04-04-sports-arena-orlando-fl-usa: tickets=2 (found), photos=0 (empty)
2026-02-15 09:39:21,229 - INFO -   1994-04-06-miami-arena-miami-fl-usa: tickets=2 (found), photos=0 (empty)
2026-02-15 09:39:27,231 - INFO -   1994-04-07-miami-arena-miami-fl-usa: tickets=2 (found), photos=0 (empty)
2026-02-15 09:39:31,253 - INFO -   1994-04-08-miami-arena-miami-fl-usa: tickets=1 (found), photos=0 (empty)
2026-02-15 09:39:37,275 - INFO -   1994-06-08-cal-expo-sacramento-ca-usa: tickets=2 (found), photos=0 (empty)
2026-02-15 09:39:43,354 - INFO -   1994-06-09-cal-expo-sacramento-ca-usa: tickets=2 (found), photos=0 (empty)
2026-02-15 09:39:51,018 - INFO -   1994-06-10-cal-expo-sacramento-ca-usa: tickets=3 (found), photos=0 (empty)
2026-02-15 09:39:57,294 - INFO -   1994-06-13-memorial-stadium-seattle-wa-usa: tickets=2 (found), photos=0 (empty)
2026-02-15 09:40:03,317 - INFO -   1994-06-14-memorial-stadium-seattle-wa-usa: tickets=2 (found), photos=0 (empty)
2026-02-15 09:40:09,317 - INFO -   1994-06-17-autzen-stadium-u-of-oregon-eugene-or-usa: tickets=2 (found), photos=0 (empty)
2026-02-15 09:40:15,317 - INFO -   1994-06-18-autzen-stadium-u-of-oregon-eugene-or-usa: tickets=2 (found), photos=0 (empty)
2026-02-15 09:40:21,305 - INFO -   1994-06-19-autzen-stadium-u-of-oregon-eugene-or-usa: tickets=2 (found), photos=0 (empty)
2026-02-15 09:40:27,285 - INFO -   1994-06-24-sam-boyd-silver-bowl-u-n-l-v-las-vegas-nv-usa: tickets=2 (found), photos=0 (empty)
2026-02-15 09:40:33,340 - INFO -   1994-06-25-sam-boyd-silver-bowl-u-n-l-v-las-vegas-nv-usa: tickets=2 (found), photos=0 (empty)
2026-02-15 09:40:39,017 - INFO -   1994-06-26-sam-boyd-silver-bowl-u-n-l-v-las-vegas-nv-usa: tickets=2 (found), photos=0 (empty)
2026-02-15 09:40:45,239 - INFO -   1994-07-01-shoreline-amphitheatre-mountain-view-ca-usa: tickets=2 (found), photos=0 (empty)
2026-02-15 09:40:51,356 - INFO -   1994-07-02-shoreline-amphitheatre-mountain-view-ca-usa: tickets=2 (found), photos=0 (empty)
2026-02-15 09:40:57,025 - INFO -   1994-07-03-shoreline-amphitheatre-mountain-view-ca-usa: tickets=2 (found), photos=0 (empty)
2026-02-15 09:41:03,314 - INFO -   1994-07-13-franklin-county-airport-highgate-vt-usa: tickets=2 (found), photos=0 (empty)
2026-02-15 09:41:09,245 - INFO -   1994-07-16-robert-f-kennedy-stadium-washington-dc-usa: tickets=2 (found), photos=0 (empty)
2026-02-15 09:41:15,259 - INFO -   1994-07-17-robert-f-kennedy-stadium-washington-dc-usa: tickets=2 (found), photos=0 (empty)
2026-02-15 09:41:21,332 - INFO -   1994-07-19-deer-creek-music-center-noblesville-in-usa: tickets=2 (found), photos=0 (empty)
2026-02-15 09:41:27,235 - INFO -   1994-07-20-deer-creek-music-center-noblesville-in-usa: tickets=2 (found), photos=0 (empty)
2026-02-15 09:41:33,272 - INFO -   1994-07-21-deer-creek-music-center-noblesville-in-usa: tickets=2 (found), photos=0 (empty)
2026-02-15 09:41:39,281 - INFO -   1994-07-23-soldier-field-chicago-il-usa: tickets=2 (found), photos=0 (empty)
2026-02-15 09:41:45,319 - INFO -   1994-07-24-soldier-field-chicago-il-usa: tickets=2 (found), photos=0 (empty)
2026-02-15 09:41:51,253 - INFO -   1994-07-26-riverport-amphitheatre-maryland-heights-mo-usa: tickets=2 (found), photos=0 (empty)
2026-02-15 09:41:57,325 - INFO -   1994-07-27-riverport-amphitheatre-maryland-heights-mo-usa: tickets=2 (found), photos=0 (empty)
2026-02-15 09:42:03,302 - INFO -   1994-07-29-buckeye-lake-music-center-hebron-oh-usa: tickets=2 (found), photos=0 (empty)
2026-02-15 09:42:09,273 - INFO -   1994-07-31-the-palace-auburn-hills-mi-usa: tickets=2 (found), photos=0 (empty)
2026-02-15 09:42:15,252 - INFO -   1994-08-01-the-palace-auburn-hills-mi-usa: tickets=2 (found), photos=0 (empty)
2026-02-15 09:42:21,246 - INFO -   1994-08-03-giants-stadium-east-rutherford-nj-usa: tickets=2 (found), photos=0 (empty)
2026-02-15 09:42:27,254 - INFO -   1994-08-04-giants-stadium-east-rutherford-nj-usa: tickets=2 (found), photos=0 (empty)
2026-02-15 09:42:35,298 - INFO -   1994-09-16-shoreline-amphitheatre-mountain-view-ca-usa: tickets=3 (found), photos=0 (empty)
2026-02-15 09:42:39,291 - INFO -   1994-09-17-shoreline-amphitheatre-mountain-view-ca-usa: tickets=1 (found), photos=0 (empty)
2026-02-15 09:42:45,027 - INFO -   1994-09-18-shoreline-amphitheatre-mountain-view-ca-usa: tickets=2 (found), photos=0 (empty)
2026-02-15 09:42:53,311 - INFO -   1994-09-27-boston-garden-boston-ma-usa: tickets=2 (found), photos=0 (empty)
2026-02-15 09:42:59,028 - INFO -   1994-09-28-boston-garden-boston-ma-usa: tickets=2 (found), photos=0 (empty)
2026-02-15 09:43:05,279 - INFO -   1994-09-29-boston-garden-boston-ma-usa: tickets=2 (found), photos=0 (empty)
2026-02-15 09:43:11,314 - INFO -   1994-10-01-boston-garden-boston-ma-usa: tickets=2 (found), photos=0 (empty)
2026-02-15 09:43:17,262 - INFO -   1994-10-02-boston-garden-boston-ma-usa: tickets=2 (found), photos=0 (empty)
2026-02-15 09:43:23,026 - INFO -   1994-10-03-boston-garden-boston-ma-usa: tickets=2 (found), photos=0 (empty)
2026-02-15 09:43:29,032 - INFO -   1994-10-05-the-spectrum-philadelphia-pa-usa: tickets=2 (found), photos=0 (empty)
2026-02-15 09:43:35,287 - INFO -   1994-10-06-the-spectrum-philadelphia-pa-usa: tickets=2 (found), photos=0 (empty)
2026-02-15 09:43:41,314 - INFO -   1994-10-07-the-spectrum-philadelphia-pa-usa: tickets=2 (found), photos=0 (empty)
2026-02-15 09:43:47,251 - INFO -   1994-10-09-usair-arena-landover-md-usa: tickets=2 (found), photos=0 (empty)
2026-02-15 09:43:53,317 - INFO -   1994-10-10-usair-arena-landover-md-usa: tickets=2 (found), photos=0 (empty)
2026-02-15 09:43:59,266 - INFO -   1994-10-11-usair-arena-landover-md-usa: tickets=2 (found), photos=0 (empty)
2026-02-15 09:44:05,042 - INFO -   1994-10-13-madison-square-garden-new-york-ny-usa: tickets=2 (found), photos=0 (empty)
2026-02-15 09:44:05,042 - INFO - Progress: 2250/2313 shows (2250 processed, 0 skipped, 0 errors) — 902 shows/hour
2026-02-15 09:44:11,032 - INFO -   1994-10-14-madison-square-garden-new-york-ny-usa: tickets=2 (found), photos=0 (empty)
2026-02-15 09:44:17,506 - INFO -   1994-10-15-madison-square-garden-new-york-ny-usa: tickets=2 (found), photos=0 (empty)
2026-02-15 09:44:23,350 - INFO -   1994-10-17-madison-square-garden-new-york-ny-usa: tickets=2 (found), photos=0 (empty)
2026-02-15 09:44:31,043 - INFO -   1994-10-18-madison-square-garden-new-york-ny-usa: tickets=3 (found), photos=0 (empty)
2026-02-15 09:44:37,303 - INFO -   1994-10-19-madison-square-garden-new-york-ny-usa: tickets=2 (found), photos=0 (empty)
2026-02-15 09:44:43,031 - INFO -   1994-11-29-mcnichols-sports-arena-denver-co-usa: tickets=2 (found), photos=0 (empty)
2026-02-15 09:44:49,271 - INFO -   1994-11-30-mcnichols-sports-arena-denver-co-usa: tickets=2 (found), photos=0 (empty)
2026-02-15 09:44:55,333 - INFO -   1994-12-01-mcnichols-sports-arena-denver-co-usa: tickets=2 (found), photos=0 (empty)
2026-02-15 09:45:01,254 - INFO -   1994-12-08-oakland-alameda-county-coliseum-oakland-ca-usa: tickets=2 (found), photos=0 (empty)
2026-02-15 09:45:07,319 - INFO -   1994-12-09-oakland-alameda-county-coliseum-oakland-ca-usa: tickets=2 (found), photos=0 (empty)
2026-02-15 09:45:13,373 - INFO -   1994-12-11-oakland-alameda-county-coliseum-oakland-ca-usa: tickets=2 (found), photos=0 (empty)
2026-02-15 09:45:19,297 - INFO -   1994-12-12-oakland-alameda-county-coliseum-oakland-ca-usa: tickets=2 (found), photos=0 (empty)
2026-02-15 09:45:25,308 - INFO -   1994-12-15-sports-arena-los-angeles-ca-usa: tickets=2 (found), photos=0 (empty)
2026-02-15 09:45:31,324 - INFO -   1994-12-16-sports-arena-los-angeles-ca-usa: tickets=2 (found), photos=0 (empty)
2026-02-15 09:45:37,263 - INFO -   1994-12-18-sports-arena-los-angeles-ca-usa: tickets=2 (found), photos=0 (empty)
2026-02-15 09:45:43,259 - INFO -   1994-12-19-sports-arena-los-angeles-ca-usa: tickets=2 (found), photos=0 (empty)
2026-02-15 09:45:49,262 - INFO -   1995-02-19-delta-center-salt-lake-city-ut-usa: tickets=2 (found), photos=0 (empty)
2026-02-15 09:45:55,269 - INFO -   1995-02-20-delta-center-salt-lake-city-ut-usa: tickets=2 (found), photos=0 (empty)
2026-02-15 09:46:01,253 - INFO -   1995-02-21-delta-center-salt-lake-city-ut-usa: tickets=2 (found), photos=0 (empty)
2026-02-15 09:46:07,267 - INFO -   1995-02-24-oakland-alameda-county-coliseum-oakland-ca-usa: tickets=2 (found), photos=0 (empty)
2026-02-15 09:46:13,324 - INFO -   1995-02-25-oakland-alameda-county-coliseum-oakland-ca-usa: tickets=2 (found), photos=0 (empty)
2026-02-15 09:46:19,252 - INFO -   1995-02-26-oakland-alameda-county-coliseum-oakland-ca-usa: tickets=2 (found), photos=0 (empty)
2026-02-15 09:46:25,271 - INFO -   1995-03-17-the-spectrum-philadelphia-pa-usa: tickets=2 (found), photos=0 (empty)
2026-02-15 09:46:31,309 - INFO -   1995-03-18-the-spectrum-philadelphia-pa-usa: tickets=2 (found), photos=0 (empty)
2026-02-15 09:46:37,260 - INFO -   1995-03-19-the-spectrum-philadelphia-pa-usa: tickets=2 (found), photos=0 (empty)
2026-02-15 09:46:43,281 - INFO -   1995-03-22-charlotte-coliseum-charlotte-nc-usa: tickets=2 (found), photos=0 (empty)
2026-02-15 09:46:49,271 - INFO -   1995-03-23-charlotte-coliseum-charlotte-nc-usa: tickets=2 (found), photos=0 (empty)
2026-02-15 09:46:55,299 - INFO -   1995-03-24-charlotte-coliseum-charlotte-nc-usa: tickets=2 (found), photos=0 (empty)
2026-02-15 09:47:01,327 - INFO -   1995-03-26-the-omni-atlanta-ga-usa: tickets=2 (found), photos=0 (empty)
2026-02-15 09:47:07,276 - INFO -   1995-03-27-the-omni-atlanta-ga-usa: tickets=2 (found), photos=0 (empty)
2026-02-15 09:47:13,045 - INFO -   1995-03-29-the-omni-atlanta-ga-usa: tickets=2 (found), photos=0 (empty)
2026-02-15 09:47:19,054 - INFO -   1995-03-30-the-omni-atlanta-ga-usa: tickets=2 (found), photos=0 (empty)
2026-02-15 09:47:25,048 - INFO -   1995-04-01-pyramid-arena-memphis-tn-usa: tickets=2 (found), photos=0 (empty)
2026-02-15 09:47:31,279 - INFO -   1995-04-02-pyramid-arena-memphis-tn-usa: tickets=2 (found), photos=0 (empty)
2026-02-15 09:47:37,287 - INFO -   1995-04-04-jefferson-civic-center-coliseum-birmingham-al-usa: tickets=2 (found), photos=0 (empty)
2026-02-15 09:47:43,360 - INFO -   1995-04-05-jefferson-civic-center-coliseum-birmingham-al-usa: tickets=2 (found), photos=0 (empty)
2026-02-15 09:47:49,321 - INFO -   1995-04-07-tampa-stadium-tampa-fl-usa: tickets=2 (found), photos=0 (empty)
2026-02-15 09:47:55,374 - INFO -   1995-05-19-sam-boyd-silver-bowl-u-n-l-v-las-vegas-nv-usa: tickets=2 (found), photos=0 (empty)
2026-02-15 09:48:01,315 - INFO -   1995-05-20-sam-boyd-silver-bowl-u-n-l-v-las-vegas-nv-usa: tickets=2 (found), photos=0 (empty)
2026-02-15 09:48:07,273 - INFO -   1995-05-21-sam-boyd-silver-bowl-u-n-l-v-las-vegas-nv-usa: tickets=2 (found), photos=0 (empty)
2026-02-15 09:48:13,369 - INFO -   1995-05-24-memorial-stadium-seattle-wa-usa: tickets=2 (found), photos=0 (empty)
2026-02-15 09:48:19,276 - INFO -   1995-05-25-memorial-stadium-seattle-wa-usa: tickets=2 (found), photos=0 (empty)
2026-02-15 09:48:27,314 - INFO -   1995-05-26-memorial-stadium-seattle-wa-usa: tickets=3 (found), photos=0 (empty)
2026-02-15 09:48:33,283 - INFO -   1995-05-28-portland-meadows-portland-or-usa: tickets=2 (found), photos=0 (empty)
2026-02-15 09:48:39,324 - INFO -   1995-05-29-portland-meadows-portland-or-usa: tickets=2 (found), photos=0 (empty)
2026-02-15 09:48:45,057 - INFO -   1995-06-02-shoreline-amphitheatre-mountain-view-ca-usa: tickets=2 (found), photos=0 (empty)
2026-02-15 09:48:51,053 - INFO -   1995-06-03-shoreline-amphitheatre-mountain-view-ca-usa: tickets=2 (found), photos=0 (empty)
2026-02-15 09:48:57,269 - INFO -   1995-06-04-shoreline-amphitheatre-mountain-view-ca-usa: tickets=2 (found), photos=0 (empty)
2026-02-15 09:49:03,277 - INFO -   1995-06-15-franklin-county-airport-highgate-vt-usa: tickets=2 (found), photos=0 (empty)
2026-02-15 09:49:09,288 - INFO -   1995-06-18-giants-stadium-east-rutherford-nj-usa: tickets=2 (found), photos=0 (empty)
2026-02-15 09:49:09,288 - INFO - Progress: 2300/2313 shows (2300 processed, 0 skipped, 0 errors) — 892 shows/hour
2026-02-15 09:49:15,059 - INFO -   1995-06-19-giants-stadium-east-rutherford-nj-usa: tickets=2 (found), photos=0 (empty)
2026-02-15 09:49:21,617 - INFO -   1995-06-21-knickerbocker-arena-albany-ny-usa: tickets=2 (found), photos=0 (empty)
2026-02-15 09:49:27,163 - INFO -   1995-06-22-knickerbocker-arena-albany-ny-usa: tickets=2 (found), photos=0 (empty)
2026-02-15 09:49:33,330 - INFO -   1995-06-24-robert-f-kennedy-stadium-washington-dc-usa: tickets=2 (found), photos=0 (empty)
2026-02-15 09:49:39,280 - INFO -   1995-06-25-robert-f-kennedy-stadium-washington-dc-usa: tickets=2 (found), photos=0 (empty)
2026-02-15 09:49:45,297 - INFO -   1995-06-27-the-palace-auburn-hills-mi-usa: tickets=2 (found), photos=0 (empty)
2026-02-15 09:49:51,311 - INFO -   1995-06-28-the-palace-auburn-hills-mi-usa: tickets=2 (found), photos=0 (empty)
2026-02-15 09:49:57,397 - INFO -   1995-06-30-three-rivers-stadium-pittsburgh-pa-usa: tickets=2 (found), photos=0 (empty)
2026-02-15 09:50:03,303 - INFO -   1995-07-02-deer-creek-music-center-noblesville-in-usa: tickets=2 (found), photos=0 (empty)
2026-02-15 09:50:09,348 - INFO -   1995-07-05-riverport-amphitheatre-maryland-heights-mo-usa: tickets=2 (found), photos=0 (empty)
2026-02-15 09:50:15,397 - INFO -   1995-07-06-riverport-amphitheatre-maryland-heights-mo-usa: tickets=2 (found), photos=0 (empty)
2026-02-15 09:50:21,060 - INFO -   1995-07-08-soldier-field-chicago-il-usa: tickets=2 (found), photos=0 (empty)
2026-02-15 09:50:27,363 - INFO -   1995-07-09-soldier-field-chicago-il-usa: tickets=2 (found), photos=0 (empty)
2026-02-15 09:50:27,363 - INFO - Progress: 2313/2313 shows (2313 processed, 0 skipped, 0 errors) — 889 shows/hour
2026-02-15 09:50:27,363 - INFO - 
Image collection complete in 156.1 minutes
2026-02-15 09:50:27,363 - INFO -   Shows: 2313 processed, 0 skipped, 0 errors
2026-02-15 09:50:27,363 - INFO -   Tickets: 1429 found, 877 empty, 7 missing
2026-02-15 09:50:27,364 - INFO -   Photos: 0 found, 2306 empty, 7 missing
2026-02-15 09:50:27,364 - INFO -   Total images: 2370 tickets + 0 photos
2026-02-15 09:50:27,364 - INFO -   Downloaded: 2370 files
2026-02-15 12:14:15,001 - INFO - Starting image collection for 2313 shows (download=True)
2026-02-15 12:14:15,003 - INFO - Progress: 50/2313 shows (0 processed, 50 skipped, 0 errors) — 72698577 shows/hour
2026-02-15 12:14:15,006 - INFO - Progress: 100/2313 shows (0 processed, 100 skipped, 0 errors) — 72979673 shows/hour
2026-02-15 12:14:15,008 - INFO - Progress: 150/2313 shows (0 processed, 150 skipped, 0 errors) — 77795018 shows/hour
2026-02-15 12:14:15,010 - INFO - Progress: 200/2313 shows (0 processed, 200 skipped, 0 errors) — 80440543 shows/hour
2026-02-15 12:14:15,012 - INFO - Progress: 250/2313 shows (0 processed, 250 skipped, 0 errors) — 78855123 shows/hour
2026-02-15 12:14:15,014 - INFO - Progress: 300/2313 shows (0 processed, 300 skipped, 0 errors) — 79017711 shows/hour
2026-02-15 12:14:15,017 - INFO - Progress: 350/2313 shows (0 processed, 350 skipped, 0 errors) — 76869035 shows/hour
2026-02-15 12:14:15,020 - INFO - Progress: 400/2313 shows (0 processed, 400 skipped, 0 errors) — 75681947 shows/hour
2026-02-15 12:14:15,022 - INFO - Progress: 450/2313 shows (0 processed, 450 skipped, 0 errors) — 75001628 shows/hour
2026-02-15 12:14:15,025 - INFO - Progress: 500/2313 shows (0 processed, 500 skipped, 0 errors) — 74616254 shows/hour
2026-02-15 12:14:15,027 - INFO - Progress: 550/2313 shows (0 processed, 550 skipped, 0 errors) — 74062676 shows/hour
2026-02-15 12:14:15,030 - INFO - Progress: 600/2313 shows (0 processed, 600 skipped, 0 errors) — 73839769 shows/hour
2026-02-15 12:14:15,033 - INFO - Progress: 650/2313 shows (0 processed, 650 skipped, 0 errors) — 72574399 shows/hour
2026-02-15 12:14:15,036 - INFO - Progress: 700/2313 shows (0 processed, 700 skipped, 0 errors) — 70755348 shows/hour
2026-02-15 12:14:15,039 - INFO - Progress: 750/2313 shows (0 processed, 750 skipped, 0 errors) — 69739328 shows/hour
2026-02-15 12:14:15,042 - INFO - Progress: 800/2313 shows (0 processed, 800 skipped, 0 errors) — 69034544 shows/hour
2026-02-15 12:14:15,045 - INFO - Progress: 850/2313 shows (0 processed, 850 skipped, 0 errors) — 68412365 shows/hour
2026-02-15 12:14:15,049 - INFO - Progress: 900/2313 shows (0 processed, 900 skipped, 0 errors) — 67513612 shows/hour
2026-02-15 12:14:15,052 - INFO - Progress: 950/2313 shows (0 processed, 950 skipped, 0 errors) — 66468589 shows/hour
2026-02-15 12:14:15,055 - INFO - Progress: 1000/2313 shows (0 processed, 1000 skipped, 0 errors) — 66050587 shows/hour
2026-02-15 12:14:15,058 - INFO - Progress: 1050/2313 shows (0 processed, 1050 skipped, 0 errors) — 65905136 shows/hour
2026-02-15 12:14:15,061 - INFO - Progress: 1100/2313 shows (0 processed, 1100 skipped, 0 errors) — 65784926 shows/hour
2026-02-15 12:14:15,064 - INFO - Progress: 1150/2313 shows (0 processed, 1150 skipped, 0 errors) — 65492497 shows/hour
2026-02-15 12:14:15,067 - INFO - Progress: 1200/2313 shows (0 processed, 1200 skipped, 0 errors) — 64765087 shows/hour
2026-02-15 12:14:15,071 - INFO - Progress: 1250/2313 shows (0 processed, 1250 skipped, 0 errors) — 64251855 shows/hour
2026-02-15 12:14:15,074 - INFO - Progress: 1300/2313 shows (0 processed, 1300 skipped, 0 errors) — 64146292 shows/hour
2026-02-15 12:14:15,077 - INFO - Progress: 1350/2313 shows (0 processed, 1350 skipped, 0 errors) — 63994768 shows/hour
2026-02-15 12:14:15,080 - INFO - Progress: 1400/2313 shows (0 processed, 1400 skipped, 0 errors) — 63912238 shows/hour
2026-02-15 12:14:15,083 - INFO - Progress: 1450/2313 shows (0 processed, 1450 skipped, 0 errors) — 63606001 shows/hour
2026-02-15 12:14:15,086 - INFO - Progress: 1500/2313 shows (0 processed, 1500 skipped, 0 errors) — 63509076 shows/hour
2026-02-15 12:14:15,089 - INFO - Progress: 1550/2313 shows (0 processed, 1550 skipped, 0 errors) — 63435000 shows/hour
2026-02-15 12:14:15,092 - INFO - Progress: 1600/2313 shows (0 processed, 1600 skipped, 0 errors) — 63383000 shows/hour
2026-02-15 12:14:15,094 - INFO - Progress: 1650/2313 shows (0 processed, 1650 skipped, 0 errors) — 63381438 shows/hour
2026-02-15 12:14:15,097 - INFO - Progress: 1700/2313 shows (0 processed, 1700 skipped, 0 errors) — 63298852 shows/hour
2026-02-15 12:14:15,101 - INFO - Progress: 1750/2313 shows (0 processed, 1750 skipped, 0 errors) — 62901680 shows/hour
2026-02-15 12:14:15,104 - INFO - Progress: 1800/2313 shows (0 processed, 1800 skipped, 0 errors) — 62834853 shows/hour
2026-02-15 12:14:15,107 - INFO - Progress: 1850/2313 shows (0 processed, 1850 skipped, 0 errors) — 62784607 shows/hour
2026-02-15 12:14:15,110 - INFO - Progress: 1900/2313 shows (0 processed, 1900 skipped, 0 errors) — 62704856 shows/hour
2026-02-15 12:14:15,113 - INFO - Progress: 1950/2313 shows (0 processed, 1950 skipped, 0 errors) — 62613001 shows/hour
2026-02-15 12:14:15,116 - INFO - Progress: 2000/2313 shows (0 processed, 2000 skipped, 0 errors) — 62479158 shows/hour
2026-02-15 12:14:15,119 - INFO - Progress: 2050/2313 shows (0 processed, 2050 skipped, 0 errors) — 62349737 shows/hour
2026-02-15 12:14:15,122 - INFO - Progress: 2100/2313 shows (0 processed, 2100 skipped, 0 errors) — 62366870 shows/hour
2026-02-15 12:14:15,125 - INFO - Progress: 2150/2313 shows (0 processed, 2150 skipped, 0 errors) — 62370630 shows/hour
2026-02-15 12:14:15,128 - INFO - Progress: 2200/2313 shows (0 processed, 2200 skipped, 0 errors) — 62370472 shows/hour
2026-02-15 12:14:15,131 - INFO - Progress: 2250/2313 shows (0 processed, 2250 skipped, 0 errors) — 62391282 shows/hour
2026-02-15 12:14:15,134 - INFO - Progress: 2300/2313 shows (0 processed, 2300 skipped, 0 errors) — 62155853 shows/hour
2026-02-15 12:14:15,135 - INFO - Progress: 2313/2313 shows (0 processed, 2313 skipped, 0 errors) — 62075988 shows/hour
2026-02-15 12:14:15,135 - INFO - 
Image collection complete in 0.0 minutes
2026-02-15 12:14:15,135 - INFO -   Shows: 0 processed, 2313 skipped, 0 errors
2026-02-15 12:14:15,135 - INFO -   Tickets: 0 found, 0 empty, 0 missing
2026-02-15 12:14:15,135 - INFO -   Photos: 0 found, 0 empty, 0 missing
2026-02-15 12:14:15,135 - INFO -   Total images: 0 tickets + 0 photos
2026-02-15 12:14:15,135 - INFO -   Downloaded: 0 files
2026-02-15 12:14:19,202 - INFO - Starting image collection for 2313 shows (download=True)
2026-02-15 12:14:21,831 - INFO -   1965-12-10-fillmore-auditorium-san-francisco-ca-usa: tickets=0 (empty), photos=1 (found)
2026-02-15 12:14:23,694 - INFO -   1965-12-11-the-big-beat-palo-alto-ca-usa: tickets=0 (empty), photos=1 (found)
2026-02-15 12:14:27,653 - INFO -   1966-01-08-fillmore-auditorium-san-francisco-ca-usa-early-show: tickets=0 (empty), photos=1 (found)
2026-02-15 12:14:30,646 - INFO -   1966-01-14-fillmore-auditorium-san-francisco-ca-usa: tickets=0 (empty), photos=1 (found)
2026-02-15 12:14:34,528 - INFO -   1966-01-22-longshoremans-hall-san-francisco-ca-usa: tickets=0 (empty), photos=1 (found)
2026-02-15 12:14:36,265 - INFO -   1966-01-23-longshoremans-hall-san-francisco-ca-usa: tickets=0 (empty), photos=1 (found)
2026-02-15 12:14:43,652 - INFO -   1966-02-25-cinema-theatre-los-angeles-ca-usa: tickets=0 (empty), photos=1 (found)
2026-02-15 12:14:47,514 - INFO -   1966-03-12-danish-center-los-angeles-ca-usa: tickets=0 (empty), photos=1 (found)
2026-02-15 12:14:51,537 - INFO -   1966-03-19-carthay-studios-los-angeles-ca-usa: tickets=0 (empty), photos=3 (found)
2026-02-15 12:14:54,535 - INFO -   1966-03-25-troupers-club-los-angeles-ca-usa: tickets=0 (empty), photos=2 (found)
2026-02-15 12:14:56,262 - INFO -   1966-04-22-longshoremans-hall-san-francisco-ca-usa: tickets=0 (empty), photos=1 (found)
2026-02-15 12:14:58,266 - INFO -   1966-04-23-longshoremans-hall-san-francisco-ca-usa: tickets=0 (empty), photos=1 (found)
2026-02-15 12:15:00,256 - INFO -   1966-04-24-longshoremans-hall-san-francisco-ca-usa: tickets=0 (empty), photos=1 (found)
2026-02-15 12:15:03,806 - INFO -   1966-05-07-harmon-gym-u-of-california-berkeley-ca-usa: tickets=0 (empty), photos=2 (found)
2026-02-15 12:15:05,552 - INFO -   1966-05-14-veterans-memorial-hall-berkeley-ca-usa: tickets=0 (empty), photos=1 (found)
2026-02-15 12:15:08,652 - INFO -   1966-05-19-avalon-ballroom-san-francisco-ca-usa: tickets=0 (empty), photos=2 (found)
2026-02-15 12:15:11,712 - INFO -   1966-05-27-avalon-ballroom-san-francisco-ca-usa: tickets=0 (empty), photos=1 (found)
2026-02-15 12:15:13,269 - INFO -   1966-05-28-avalon-ballroom-san-francisco-ca-usa: tickets=0 (empty), photos=1 (found)
2026-02-15 12:15:16,663 - INFO -   1966-05-29-california-hall-san-francisco-ca-usa: tickets=0 (empty), photos=2 (found)
2026-02-15 12:15:19,641 - INFO -   1966-06-03-fillmore-auditorium-san-francisco-ca-usa: tickets=0 (empty), photos=2 (found)
2026-02-15 12:15:22,263 - INFO -   1966-06-04-fillmore-auditorium-san-francisco-ca-usa: tickets=0 (empty), photos=2 (found)
2026-02-15 12:15:24,697 - INFO -   1966-06-10-avalon-ballroom-san-francisco-ca-usa: tickets=0 (empty), photos=1 (found)
2026-02-15 12:15:26,273 - INFO -   1966-06-11-avalon-ballroom-san-francisco-ca-usa: tickets=0 (empty), photos=1 (found)
2026-02-15 12:15:28,591 - INFO -   1966-06-17-veterans-memorial-hall-san-jose-ca-usa: tickets=0 (empty), photos=1 (found)
2026-02-15 12:15:30,264 - INFO -   1966-06-18-veterans-memorial-hall-san-jose-ca-usa: tickets=0 (empty), photos=1 (found)
2026-02-15 12:15:32,544 - INFO -   1966-07-03-fillmore-auditorium-san-francisco-ca-usa: tickets=0 (empty), photos=1 (found)
2026-02-15 12:15:36,563 - INFO -   1966-07-14-fillmore-auditorium-san-francisco-ca-usa: tickets=0 (empty), photos=1 (found)
2026-02-15 12:15:38,655 - INFO -   1966-07-15-fillmore-auditorium-san-francisco-ca-usa: tickets=0 (empty), photos=1 (found)
2026-02-15 12:15:40,267 - INFO -   1966-07-16-fillmore-auditorium-san-francisco-ca-usa: tickets=0 (empty), photos=1 (found)
2026-02-15 12:15:42,259 - INFO -   1966-07-17-fillmore-auditorium-san-francisco-ca-usa: tickets=0 (empty), photos=1 (found)
2026-02-15 12:15:44,650 - INFO -   1966-07-29-p-n-e-garden-auditorium-vancouver-british-columbia-canada: tickets=0 (empty), photos=1 (found)
2026-02-15 12:15:46,268 - INFO -   1966-07-30-p-n-e-garden-auditorium-vancouver-british-columbia-canada: tickets=0 (empty), photos=1 (found)
2026-02-15 12:15:48,265 - INFO -   1966-07-31-p-n-e-garden-auditorium-vancouver-british-columbia-canada: tickets=0 (empty), photos=1 (found)
2026-02-15 12:15:49,475 - INFO - Progress: 50/2313 shows (50 processed, 0 skipped, 0 errors) — 1994 shows/hour
2026-02-15 12:15:52,546 - INFO -   1966-08-12-fillmore-auditorium-san-francisco-ca-usa: tickets=0 (empty), photos=1 (found)
2026-02-15 12:15:54,270 - INFO -   1966-08-13-fillmore-auditorium-san-francisco-ca-usa: tickets=0 (empty), photos=1 (found)
2026-02-15 12:15:56,712 - INFO -   1966-08-19-avalon-ballroom-san-francisco-ca-usa: tickets=0 (empty), photos=1 (found)
2026-02-15 12:15:58,266 - INFO -   1966-08-20-avalon-ballroom-san-francisco-ca-usa: tickets=0 (empty), photos=1 (found)
2026-02-15 12:16:00,268 - INFO -   1966-08-26-i-d-b-s-hall-pescadero-ca-usa: tickets=0 (empty), photos=1 (found)
2026-02-15 12:16:02,262 - INFO -   1966-08-27-i-d-b-s-hall-pescadero-ca-usa: tickets=0 (empty), photos=1 (found)
2026-02-15 12:16:04,262 - INFO -   1966-08-28-i-d-b-s-hall-pescadero-ca-usa: tickets=0 (empty), photos=1 (found)
2026-02-15 12:16:07,268 - INFO -   1966-09-04-fillmore-auditorium-san-francisco-ca-usa: tickets=0 (empty), photos=1 (found)
2026-02-15 12:16:10,551 - INFO -   1966-09-11-fillmore-auditorium-san-francisco-ca-usa: tickets=0 (empty), photos=1 (found)
2026-02-15 12:16:12,713 - INFO -   1966-09-16-avalon-ballroom-san-francisco-ca-usa: tickets=1 (found), photos=1 (found)
2026-02-15 12:16:14,272 - INFO -   1966-09-17-avalon-ballroom-san-francisco-ca-usa: tickets=1 (found), photos=1 (found)
2026-02-15 12:16:16,657 - INFO -   1966-09-23-pioneer-ballroom-suisun-city-ca-usa: tickets=0 (empty), photos=1 (found)
2026-02-15 12:16:18,270 - INFO -   1966-09-24-pioneer-ballroom-suisun-city-ca-usa: tickets=0 (empty), photos=1 (found)
2026-02-15 12:16:22,658 - INFO -   1966-10-07-fillmore-auditorium-san-francisco-ca-usa: tickets=0 (empty), photos=1 (found)
2026-02-15 12:16:24,271 - INFO -   1966-10-08-fillmore-auditorium-san-francisco-ca-usa: tickets=0 (empty), photos=1 (found)
2026-02-15 12:16:26,733 - INFO -   1966-10-08-mt-tamalpais-amphitheatre-marin-county-ca-usa: tickets=0 (empty), photos=1 (found)
2026-02-15 12:16:30,568 - INFO -   1966-10-15-the-heliport-sausalito-ca-usa: tickets=0 (empty), photos=1 (found)
2026-02-15 12:16:32,547 - INFO -   1966-10-16-golden-gate-park-san-francisco-ca-usa: tickets=0 (empty), photos=1 (found)
2026-02-15 12:16:34,778 - INFO -   1966-10-21-fillmore-auditorium-san-francisco-ca-usa: tickets=0 (empty), photos=1 (found)
2026-02-15 12:16:36,284 - INFO -   1966-10-22-fillmore-auditorium-san-francisco-ca-usa: tickets=0 (empty), photos=1 (found)
2026-02-15 12:16:39,278 - INFO -   1966-10-26-the-north-face-ski-shop-berkeley-ca-usa: tickets=0 (empty), photos=1 (found)
2026-02-15 12:16:41,663 - INFO -   1966-10-31-california-hall-san-francisco-ca-usa: tickets=0 (empty), photos=1 (found)
2026-02-15 12:16:43,736 - INFO -   1966-11-04-avalon-ballroom-san-francisco-ca-usa: tickets=0 (empty), photos=1 (found)
2026-02-15 12:16:45,290 - INFO -   1966-11-05-avalon-ballroom-san-francisco-ca-usa: tickets=0 (empty), photos=1 (found)
2026-02-15 12:16:48,758 - INFO -   1966-11-12-the-old-cheese-factory-san-francisco-ca-usa: tickets=0 (empty), photos=1 (found)
2026-02-15 12:16:50,592 - INFO -   1966-11-13-avalon-ballroom-san-francisco-ca-usa: tickets=0 (empty), photos=1 (found)
2026-02-15 12:16:52,677 - INFO -   1966-11-18-fillmore-auditorium-san-francisco-ca-usa: tickets=0 (empty), photos=1 (found)
2026-02-15 12:16:54,282 - INFO -   1966-11-19-fillmore-auditorium-san-francisco-ca-usa: tickets=0 (empty), photos=1 (found)
2026-02-15 12:16:56,761 - INFO -   1966-11-20-fillmore-auditorium-san-francisco-ca-usa: tickets=0 (empty), photos=1 (found)
2026-02-15 12:16:59,755 - INFO -   1966-11-28-the-matrix-san-francisco-ca-usa: tickets=0 (empty), photos=1 (found)
2026-02-15 12:17:01,297 - INFO -   1966-11-29-the-matrix-san-francisco-ca-usa: tickets=0 (empty), photos=1 (found)
2026-02-15 12:17:03,291 - INFO -   1966-11-30-the-matrix-san-francisco-ca-usa: tickets=0 (empty), photos=1 (found)
2026-02-15 12:17:05,283 - INFO -   1966-12-01-the-matrix-san-francisco-ca-usa: tickets=0 (empty), photos=1 (found)
2026-02-15 12:17:07,595 - INFO -   1966-12-02-pauley-ballroom-u-of-california-berkeley-ca-usa: tickets=0 (empty), photos=1 (found)
2026-02-15 12:17:09,709 - INFO -   1966-12-09-fillmore-auditorium-san-francisco-ca-usa: tickets=0 (empty), photos=1 (found)
2026-02-15 12:17:11,287 - INFO -   1966-12-10-fillmore-auditorium-san-francisco-ca-usa: tickets=0 (empty), photos=1 (found)
2026-02-15 12:17:13,278 - INFO -   1966-12-11-fillmore-auditorium-san-francisco-ca-usa: tickets=0 (empty), photos=1 (found)
2026-02-15 12:17:16,283 - INFO -   1966-12-20-fillmore-auditorium-san-francisco-ca-usa: tickets=0 (empty), photos=2 (found)
2026-02-15 12:17:19,555 - INFO -   1966-12-21-continental-ballroom-santa-clara-ca-usa: tickets=0 (empty), photos=2 (found)
2026-02-15 12:17:21,743 - INFO -   1966-12-23-avalon-ballroom-san-francisco-ca-usa: tickets=0 (empty), photos=1 (found)
2026-02-15 12:17:21,743 - INFO - Progress: 100/2313 shows (100 processed, 0 skipped, 0 errors) — 1972 shows/hour
2026-02-15 12:17:23,298 - INFO -   1966-12-24-avalon-ballroom-san-francisco-ca-usa: tickets=0 (empty), photos=1 (found)
2026-02-15 12:17:26,562 - INFO -   1966-12-28-governors-hall-sacramento-ca-usa: tickets=0 (empty), photos=2 (found)
2026-02-15 12:17:29,742 - INFO -   1966-12-29-santa-venetia-armory-san-rafael-ca-usa: tickets=0 (empty), photos=2 (found)
2026-02-15 12:17:30,489 - INFO -   1966-12-30-fillmore-auditorium-san-francisco-ca-usa: tickets=1 (found), photos=0 (empty)
2026-02-15 12:17:32,564 - INFO -   1966-12-31-fillmore-auditorium-san-francisco-ca-usa: tickets=0 (empty), photos=1 (found)
2026-02-15 12:17:35,583 - INFO -   1967-01-06-freeborn-hall-uc-davis-davis-ca: tickets=0 (empty), photos=1 (found)
2026-02-15 12:17:38,770 - INFO -   1967-01-13-fillmore-auditorium-san-francisco-ca-usa: tickets=0 (empty), photos=1 (found)
2026-02-15 12:17:44,678 - INFO -   1967-01-14-polo-field-golden-gate-park-san-francisco-ca-usa: tickets=0 (empty), photos=4 (found)
2026-02-15 12:17:46,297 - INFO -   1967-01-15-fillmore-auditorium-san-francisco-ca-usa: tickets=0 (empty), photos=1 (found)
2026-02-15 12:17:49,557 - INFO -   1967-01-27-avalon-ballroom-san-francisco-ca-usa: tickets=0 (empty), photos=1 (found)
2026-02-15 12:17:51,287 - INFO -   1967-01-28-avalon-ballroom-san-francisco-ca-usa: tickets=0 (empty), photos=1 (found)
2026-02-15 12:17:53,687 - INFO -   1967-01-29-avalon-ballroom-san-francisco-ca-usa: tickets=0 (empty), photos=1 (found)
2026-02-15 12:17:55,756 - INFO -   1967-02-10-santa-venetia-armory-san-rafael-ca-usa: tickets=0 (empty), photos=1 (found)
2026-02-15 12:17:57,722 - INFO -   1967-02-12-fillmore-auditorium-san-francisco-ca-usa: tickets=0 (empty), photos=1 (found)
2026-02-15 12:17:59,868 - INFO -   1967-02-24-fillmore-auditorium-san-francisco-ca-usa: tickets=0 (empty), photos=1 (found)
2026-02-15 12:18:01,359 - INFO -   1967-02-25-fillmore-auditorium-san-francisco-ca-usa: tickets=0 (empty), photos=1 (found)
2026-02-15 12:18:03,321 - INFO -   1967-02-26-fillmore-auditorium-san-francisco-ca-usa: tickets=0 (empty), photos=1 (found)
2026-02-15 12:18:05,677 - INFO -   1967-03-03-winterland-arena-san-francisco-ca-usa: tickets=0 (empty), photos=1 (found)
2026-02-15 12:18:07,755 - INFO -   1967-03-05-avalon-ballroom-san-francisco-ca-usa: tickets=0 (empty), photos=1 (found)
2026-02-15 12:18:14,947 - INFO -   1967-03-17-winterland-arena-san-francisco-ca-usa: tickets=0 (empty), photos=1 (found)
2026-02-15 12:18:16,478 - INFO -   1967-03-18-winterland-arena-san-francisco-ca-usa: tickets=0 (empty), photos=1 (found)
2026-02-15 12:18:18,448 - INFO -   1967-03-19-fillmore-auditorium-san-francisco-ca-usa: tickets=0 (empty), photos=1 (found)
2026-02-15 12:18:20,707 - INFO -   1967-03-20-fugazi-hall-san-francisco-ca-usa: tickets=0 (empty), photos=1 (found)
2026-02-15 12:18:22,707 - INFO -   1967-03-24-avalon-ballroom-san-francisco-ca-usa: tickets=0 (empty), photos=1 (found)
2026-02-15 12:18:24,301 - INFO -   1967-03-25-avalon-ballroom-san-francisco-ca-usa: tickets=0 (empty), photos=1 (found)
2026-02-15 12:18:26,299 - INFO -   1967-03-26-avalon-ballroom-san-francisco-ca-usa: tickets=0 (empty), photos=1 (found)
2026-02-15 12:18:28,693 - INFO -   1967-03-28-the-rock-garden-san-francisco-ca-usa: tickets=0 (empty), photos=1 (found)
2026-02-15 12:18:30,297 - INFO -   1967-03-29-the-rock-garden-san-francisco-ca-usa: tickets=0 (empty), photos=1 (found)
2026-02-15 12:18:32,298 - INFO -   1967-03-30-the-rock-garden-san-francisco-ca-usa: tickets=0 (empty), photos=1 (found)
2026-02-15 12:18:34,302 - INFO -   1967-03-31-the-rock-garden-san-francisco-ca-usa: tickets=0 (empty), photos=1 (found)
2026-02-15 12:18:36,292 - INFO -   1967-04-01-the-rock-garden-san-francisco-ca-usa: tickets=0 (empty), photos=1 (found)
2026-02-15 12:18:38,299 - INFO -   1967-04-02-the-rock-garden-san-francisco-ca-usa: tickets=0 (empty), photos=1 (found)
2026-02-15 12:18:40,298 - INFO -   1967-04-09-longshoremans-hall-san-francisco-ca-usa: tickets=0 (empty), photos=1 (found)
2026-02-15 12:18:43,695 - INFO -   1967-04-12-fillmore-auditorium-san-francisco-ca-usa: tickets=0 (empty), photos=1 (found)
2026-02-15 12:18:45,301 - INFO -   1967-04-14-kaleidoscope-hollywood-ca-usa: tickets=0 (empty), photos=1 (found)
2026-02-15 12:18:47,299 - INFO -   1967-04-15-kaleidoscope-hollywood-ca-usa: tickets=0 (empty), photos=1 (found)
2026-02-15 12:18:49,301 - INFO -   1967-04-16-kaleidoscope-hollywood-ca-usa: tickets=0 (empty), photos=1 (found)
2026-02-15 12:18:52,728 - INFO -   1967-04-28-stockton-ballroom-stockton-ca-usa: tickets=0 (empty), photos=1 (found)
2026-02-15 12:18:54,683 - INFO -   1967-04-29-earl-warren-showgrounds-santa-barbara-ca-usa: tickets=0 (empty), photos=1 (found)
2026-02-15 12:18:54,683 - INFO - Progress: 150/2313 shows (150 processed, 0 skipped, 0 errors) — 1960 shows/hour
2026-02-15 12:18:58,575 - INFO -   1967-05-05-fillmore-auditorium-san-francisco-ca-usa: tickets=0 (empty), photos=1 (found)
2026-02-15 12:19:00,298 - INFO -   1967-05-06-fillmore-auditorium-san-francisco-ca-usa: tickets=0 (empty), photos=1 (found)
2026-02-15 12:19:03,734 - INFO -   1967-05-12-marigold-ballroom-fresno-ca-usa: tickets=0 (empty), photos=2 (found)
2026-02-15 12:19:04,462 - INFO -   1967-05-18-awalt-high-school-mountain-view-ca-usa: tickets=1 (found), photos=0 (empty)
2026-02-15 12:19:06,727 - INFO -   1967-05-20-continental-ballroom-santa-clara-ca-usa: tickets=0 (empty), photos=1 (found)
2026-02-15 12:19:08,698 - INFO -   1967-05-29-napa-county-fairgrounds-vallejo-ca-usa: tickets=0 (empty), photos=1 (found)
2026-02-15 12:19:10,694 - INFO -   1967-05-30-winterland-arena-san-francisco-ca-usa: tickets=0 (empty), photos=1 (found)
2026-02-15 12:19:14,686 - INFO -   1967-06-02-cafe-au-go-go-new-york-ny-usa: tickets=0 (empty), photos=1 (found)
2026-02-15 12:19:16,307 - INFO -   1967-06-03-cafe-au-go-go-new-york-ny-usa: tickets=0 (empty), photos=1 (found)
2026-02-15 12:19:19,314 - INFO -   1967-06-04-cafe-au-go-go-new-york-ny-usa: tickets=0 (empty), photos=1 (found)
2026-02-15 12:19:21,302 - INFO -   1967-06-05-cafe-au-go-go-new-york-ny-usa: tickets=0 (empty), photos=1 (found)
2026-02-15 12:19:23,309 - INFO -   1967-06-06-cafe-au-go-go-new-york-ny-usa: tickets=0 (empty), photos=1 (found)
2026-02-15 12:19:25,308 - INFO -   1967-06-07-cafe-au-go-go-new-york-ny-usa: tickets=0 (empty), photos=1 (found)
2026-02-15 12:19:27,299 - INFO -   1967-06-08-cafe-au-go-go-new-york-ny-usa: tickets=0 (empty), photos=1 (found)
2026-02-15 12:19:29,606 - INFO -   1967-06-08-central-park-new-york-ny-usa: tickets=0 (empty), photos=1 (found)
2026-02-15 12:19:31,304 - INFO -   1967-06-09-cafe-au-go-go-new-york-ny-usa: tickets=0 (empty), photos=1 (found)
2026-02-15 12:19:33,323 - INFO -   1967-06-10-cafe-au-go-go-new-york-ny-usa: tickets=0 (empty), photos=1 (found)
2026-02-15 12:19:35,306 - INFO -   1967-06-11-cafe-au-go-go-new-york-ny-usa: tickets=0 (empty), photos=1 (found)
2026-02-15 12:19:41,684 - INFO -   1967-06-18-monterey-fairgrounds-monterey-ca-usa: tickets=0 (empty), photos=1 (found)
2026-02-15 12:19:43,581 - INFO -   1967-06-21-polo-field-golden-gate-park-san-francisco-ca-usa: tickets=0 (empty), photos=1 (found)
2026-02-15 12:19:45,701 - INFO -   1967-06-28-oakland-auditorium-arena-oakland-ca-usa: tickets=0 (empty), photos=1 (found)
2026-02-15 12:19:48,768 - INFO -   1967-07-13-p-n-e-agradome-vancouver-british-columbia-canada: tickets=0 (empty), photos=1 (found)
2026-02-15 12:19:50,573 - INFO -   1967-07-16-eagles-auditorium-seattle-wa-usa: tickets=0 (empty), photos=1 (found)
2026-02-15 12:19:56,736 - INFO -   1967-07-16-golden-gardens-beach-seattle-wa-usa: tickets=0 (empty), photos=5 (found)
2026-02-15 12:19:58,764 - INFO -   1967-07-18-masonic-temple-portland-or-usa: tickets=0 (empty), photos=1 (found)
2026-02-15 12:20:00,313 - INFO -   1967-07-21-continental-ballroom-santa-clara-ca-usa: tickets=0 (empty), photos=1 (found)
2026-02-15 12:20:02,313 - INFO -   1967-07-22-continental-ballroom-santa-clara-ca-usa: tickets=0 (empty), photos=1 (found)
2026-02-15 12:20:04,703 - INFO -   1967-07-23-straight-theater-san-francisco-ca-usa: tickets=0 (empty), photos=1 (found)
2026-02-15 12:20:07,591 - INFO -   1967-07-31-okeefe-center-toronto-ontario-canada: tickets=0 (empty), photos=2 (found)
2026-02-15 12:20:10,310 - INFO -   1967-08-01-okeefe-center-toronto-ontario-canada: tickets=0 (empty), photos=2 (found)
2026-02-15 12:20:13,306 - INFO -   1967-08-02-okeefe-center-toronto-ontario-canada-early-show: tickets=0 (empty), photos=2 (found)
2026-02-15 12:20:16,306 - INFO -   1967-08-02-okeefe-center-toronto-ontario-canada: tickets=0 (empty), photos=2 (found)
2026-02-15 12:20:19,307 - INFO -   1967-08-03-okeefe-center-toronto-ontario-canada: tickets=0 (empty), photos=2 (found)
2026-02-15 12:20:22,305 - INFO -   1967-08-04-okeefe-center-toronto-ontario-canada: tickets=0 (empty), photos=2 (found)
2026-02-15 12:20:25,307 - INFO -   1967-08-05-okeefe-center-toronto-ontario-canada-early-show: tickets=1 (found), photos=2 (found)
2026-02-15 12:20:28,312 - INFO -   1967-08-05-okeefe-center-toronto-ontario-canada: tickets=0 (empty), photos=2 (found)
2026-02-15 12:20:33,736 - INFO -   1967-08-11-grande-ballroom-detroit-mi-usa: tickets=0 (empty), photos=1 (found)
2026-02-15 12:20:33,737 - INFO - Progress: 200/2313 shows (200 processed, 0 skipped, 0 errors) — 1922 shows/hour
2026-02-15 12:20:35,320 - INFO -   1967-08-12-grande-ballroom-detroit-mi-usa: tickets=0 (empty), photos=1 (found)
2026-02-15 12:20:39,313 - INFO -   1967-08-25-kings-beach-bowl-lake-tahoe-ca-usa: tickets=0 (empty), photos=1 (found)
2026-02-15 12:20:41,313 - INFO -   1967-08-26-kings-beach-bowl-lake-tahoe-ca-usa: tickets=0 (empty), photos=1 (found)
2026-02-15 12:20:43,627 - INFO -   1967-08-28-lindley-meadows-golden-gate-park-san-francisco-ca-usa: tickets=0 (empty), photos=1 (found)
2026-02-15 12:20:45,312 - INFO -   1967-09-03-dance-hall-rio-nido-ca-usa: tickets=0 (empty), photos=1 (found)
2026-02-15 12:20:47,320 - INFO -   1967-09-04-dance-hall-rio-nido-ca-usa: tickets=0 (empty), photos=1 (found)
2026-02-15 12:20:50,312 - INFO -   1967-09-08-eagles-auditorium-seattle-wa-usa: tickets=0 (empty), photos=2 (found)
2026-02-15 12:20:53,311 - INFO -   1967-09-09-eagles-auditorium-seattle-wa-usa: tickets=0 (empty), photos=2 (found)
2026-02-15 12:20:56,840 - INFO -   1967-09-15-hollywood-bowl-hollywood-ca-usa: tickets=0 (empty), photos=1 (found)
2026-02-15 12:20:58,711 - INFO -   1967-09-22-family-dog-denver-co-usa: tickets=0 (empty), photos=1 (found)
2026-02-15 12:21:00,317 - INFO -   1967-09-23-family-dog-denver-co-usa: tickets=0 (empty), photos=1 (found)
2026-02-15 12:21:04,720 - INFO -   1967-09-24-city-park-denver-co-usa: tickets=0 (empty), photos=3 (found)
2026-02-15 12:21:07,774 - INFO -   1967-09-29-straight-theater-san-francisco-ca-usa: tickets=0 (empty), photos=2 (found)
2026-02-15 12:21:10,331 - INFO -   1967-09-30-straight-theater-san-francisco-ca-usa: tickets=0 (empty), photos=2 (found)
2026-02-15 12:21:12,736 - INFO -   1967-10-01-greek-theatre-berkeley-ca: tickets=0 (empty), photos=1 (found)
2026-02-15 12:21:14,780 - INFO -   1967-10-14-continental-ballroom-santa-clara-ca-usa: tickets=0 (empty), photos=1 (found)
2026-02-15 12:21:16,694 - INFO -   1967-10-22-winterland-arena-san-francisco-ca-usa: tickets=0 (empty), photos=1 (found)
2026-02-15 12:21:18,326 - INFO -   1967-10-31-winterland-arena-san-francisco-ca-usa: tickets=0 (empty), photos=1 (found)
2026-02-15 12:21:20,736 - INFO -   1967-11-10-shrine-auditorium-los-angeles-ca-usa: tickets=0 (empty), photos=1 (found)
2026-02-15 12:21:22,326 - INFO -   1967-11-11-shrine-auditorium-los-angeles-ca-usa: tickets=0 (empty), photos=1 (found)
2026-02-15 12:21:25,826 - INFO -   1967-12-08-psychedelic-supermarket-boston-ma-usa: tickets=0 (empty), photos=1 (found)
2026-02-15 12:21:27,344 - INFO -   1967-12-09-psychedelic-supermarket-boston-ma-usa: tickets=0 (empty), photos=1 (found)
2026-02-15 12:21:36,884 - INFO -   1968-01-17-carousel-ballroom-san-francisco-ca-usa: tickets=0 (empty), photos=1 (found)
2026-02-15 12:21:41,809 - INFO -   1968-01-26-eagles-auditorium-seattle-wa-usa: tickets=0 (empty), photos=3 (found)
2026-02-15 12:21:45,337 - INFO -   1968-01-27-eagles-auditorium-seattle-wa-usa: tickets=0 (empty), photos=3 (found)
2026-02-15 12:21:47,863 - INFO -   1968-01-29-portland-state-college-portland-or-usa: tickets=0 (empty), photos=1 (found)
2026-02-15 12:21:49,868 - INFO -   1968-01-30-emu-ballroom-u-of-oregon-eugene-or-usa: tickets=0 (empty), photos=1 (found)
2026-02-15 12:21:51,341 - INFO -   1968-02-02-crystal-ballroom-portland-or-usa: tickets=0 (empty), photos=1 (found)
2026-02-15 12:21:53,329 - INFO -   1968-02-03-crystal-ballroom-portland-or-usa: tickets=0 (empty), photos=1 (found)
2026-02-15 12:21:55,857 - INFO -   1968-02-04-gym-south-oregon-college-ashland-or-usa: tickets=0 (empty), photos=1 (found)
2026-02-15 12:21:57,340 - INFO -   1968-02-14-carousel-ballroom-san-francisco-ca-usa: tickets=0 (empty), photos=1 (found)
2026-02-15 12:21:59,870 - INFO -   1968-02-17-selland-arena-fresno-ca-usa: tickets=0 (empty), photos=1 (found)
2026-02-15 12:22:01,735 - INFO -   1968-02-22-kings-beach-bowl-lake-tahoe-ca-usa: tickets=0 (empty), photos=1 (found)
2026-02-15 12:22:03,334 - INFO -   1968-02-23-kings-beach-bowl-lake-tahoe-ca-usa: tickets=0 (empty), photos=1 (found)
2026-02-15 12:22:05,330 - INFO -   1968-02-24-kings-beach-bowl-lake-tahoe-ca-usa: tickets=0 (empty), photos=1 (found)
2026-02-15 12:22:07,326 - INFO -   1968-03-03-haight-street-san-francisco-ca-usa: tickets=0 (empty), photos=1 (found)
2026-02-15 12:22:09,494 - INFO - Progress: 250/2313 shows (250 processed, 0 skipped, 0 errors) — 1914 shows/hour
2026-02-15 12:22:12,342 - INFO -   1968-03-11-sacramento-memorial-auditorium-sacramento-ca-usa: tickets=0 (empty), photos=1 (found)
2026-02-15 12:22:14,591 - INFO -   1968-03-15-carousel-ballroom-san-francisco-ca-usa: tickets=0 (empty), photos=1 (found)
2026-02-15 12:22:16,334 - INFO -   1968-03-16-carousel-ballroom-san-francisco-ca-usa: tickets=1 (found), photos=1 (found)
2026-02-15 12:22:17,813 - WARNING - Got 500 but response contains HTML, attempting to parse: https://jerrygarcia.com/show/1968-03-17-carousel-ballroom-san-francisco-ca-usa/
2026-02-15 12:22:17,827 - INFO - ✅ Successfully parsed show data despite 500 error: https://jerrygarcia.com/show/1968-03-17-carousel-ballroom-san-francisco-ca-usa/
2026-02-15 12:22:20,878 - INFO -   1968-03-22-state-fair-coliseum-detroit-mi-usa: tickets=0 (empty), photos=1 (found)
2026-02-15 12:22:22,818 - INFO -   1968-03-29-carousel-ballroom-san-francisco-ca-usa: tickets=1 (found), photos=1 (found)
2026-02-15 12:22:24,359 - INFO -   1968-03-30-carousel-ballroom-san-francisco-ca-usa: tickets=0 (empty), photos=1 (found)
2026-02-15 12:22:26,358 - INFO -   1968-03-31-carousel-ballroom-san-francisco-ca-usa: tickets=0 (empty), photos=1 (found)
2026-02-15 12:22:28,828 - INFO -   1968-04-03-winterland-arena-san-francisco-ca-usa: tickets=0 (empty), photos=1 (found)
2026-02-15 12:22:30,826 - INFO -   1968-04-12-thee-image-club-miami-fl-usa: tickets=0 (empty), photos=1 (found)
2026-02-15 12:22:32,355 - INFO -   1968-04-13-thee-image-club-miami-fl-usa: tickets=0 (empty), photos=1 (found)
2026-02-15 12:22:35,339 - INFO -   1968-04-14-thee-image-club-miami-fl-usa: tickets=0 (empty), photos=1 (found)
2026-02-15 12:22:43,866 - INFO -   1968-05-03-low-library-plaza-columbia-university-new-york-ny: tickets=0 (empty), photos=1 (found)
2026-02-15 12:22:46,678 - INFO -   1968-05-05-central-park-new-york-ny-usa: tickets=0 (empty), photos=1 (found)
2026-02-15 12:22:48,754 - INFO -   1968-05-07-electric-circus-new-york-ny-usa-early-show: tickets=0 (empty), photos=1 (found)
2026-02-15 12:22:50,341 - INFO -   1968-05-07-electric-circus-new-york-ny-usa: tickets=0 (empty), photos=1 (found)
2026-02-15 12:22:52,340 - INFO -   1968-05-08-electric-circus-new-york-ny-usa-early-show: tickets=0 (empty), photos=1 (found)
2026-02-15 12:22:54,342 - INFO -   1968-05-08-electric-circus-new-york-ny-usa: tickets=0 (empty), photos=1 (found)
2026-02-15 12:22:56,339 - INFO -   1968-05-09-electric-circus-new-york-ny-usa-early-show: tickets=0 (empty), photos=1 (found)
2026-02-15 12:22:58,345 - INFO -   1968-05-09-electric-circus-new-york-ny-usa: tickets=0 (empty), photos=1 (found)
2026-02-15 12:23:00,354 - INFO -   1968-05-11-the-dome-virginia-beach-va-usa: tickets=0 (empty), photos=1 (found)
2026-02-15 12:23:02,354 - INFO -   1968-05-12-virginia-beach-civic-center-virginia-beach-va-usa: tickets=0 (empty), photos=1 (found)
2026-02-15 12:23:04,805 - INFO -   1968-05-17-shrine-auditorium-los-angeles-ca-usa: tickets=0 (empty), photos=1 (found)
2026-02-15 12:23:08,843 - INFO -   1968-05-18-santa-clara-county-fairgrounds-santa-clara-ca-usa: tickets=0 (empty), photos=3 (found)
2026-02-15 12:23:10,350 - INFO -   1968-05-18-shrine-auditorium-los-angeles-ca-usa: tickets=0 (empty), photos=1 (found)
2026-02-15 12:23:12,924 - INFO -   1968-05-24-national-guard-armory-st-louis-mo-usa: tickets=1 (found), photos=1 (found)
2026-02-15 12:23:15,950 - INFO -   1968-05-30-carousel-ballroom-san-francisco-ca-usa: tickets=0 (empty), photos=1 (found)
2026-02-15 12:23:17,395 - INFO -   1968-05-31-carousel-ballroom-san-francisco-ca-usa: tickets=0 (empty), photos=1 (found)
2026-02-15 12:23:19,392 - INFO -   1968-06-01-carousel-ballroom-san-francisco-ca-usa: tickets=0 (empty), photos=1 (found)
2026-02-15 12:23:22,796 - INFO -   1968-06-08-carousel-ballroom-san-francisco-ca-usa: tickets=1 (found), photos=0 (empty)
2026-02-15 12:23:26,177 - INFO -   1968-06-14-fillmore-east-new-york-ny-usa-early-show: tickets=0 (empty), photos=1 (found)
2026-02-15 12:23:27,562 - INFO -   1968-06-14-fillmore-east-new-york-ny-usa-late-show: tickets=0 (empty), photos=1 (found)
2026-02-15 12:23:29,357 - INFO -   1968-06-15-fillmore-east-new-york-ny-usa-early-show: tickets=0 (empty), photos=1 (found)
2026-02-15 12:23:31,359 - INFO -   1968-06-15-fillmore-east-new-york-ny-usa: tickets=0 (empty), photos=1 (found)
2026-02-15 12:23:34,784 - INFO -   1968-06-19-carousel-ballroom-san-francisco-ca-usa: tickets=0 (empty), photos=1 (found)
2026-02-15 12:23:34,785 - INFO - Progress: 300/2313 shows (300 processed, 0 skipped, 0 errors) — 1944 shows/hour
2026-02-15 12:23:37,377 - INFO -   1968-07-11-shrine-auditorium-los-angeles-ca-usa: tickets=0 (empty), photos=1 (found)
2026-02-15 12:23:42,868 - INFO -   1968-08-02-the-hippodrome-san-diego-ca-usa: tickets=0 (empty), photos=1 (found)
2026-02-15 12:23:44,369 - INFO -   1968-08-03-the-hippodrome-san-diego-ca-usa: tickets=0 (empty), photos=1 (found)
2026-02-15 12:23:49,782 - INFO -   1968-08-04-orange-county-fairgrounds-costa-mesa-ca-usa: tickets=1 (found), photos=4 (found)
2026-02-15 12:23:50,500 - INFO -   1968-08-20-fillmore-west-san-francisco-ca-usa: tickets=1 (found), photos=0 (empty)
2026-02-15 12:23:51,499 - INFO -   1968-08-21-fillmore-west-san-francisco-ca-usa: tickets=1 (found), photos=0 (empty)
2026-02-15 12:23:52,508 - INFO -   1968-08-22-fillmore-west-san-francisco-ca-usa: tickets=1 (found), photos=0 (empty)
2026-02-15 12:23:57,378 - INFO -   1968-08-30-fillmore-west-san-francisco-ca-usa: tickets=0 (empty), photos=1 (found)
2026-02-15 12:23:59,371 - INFO -   1968-08-31-fillmore-west-san-francisco-ca-usa: tickets=0 (empty), photos=1 (found)
2026-02-15 12:24:01,368 - INFO -   1968-09-01-fillmore-west-san-francisco-ca-usa: tickets=0 (empty), photos=1 (found)
2026-02-15 12:24:04,630 - INFO -   1968-09-02-betty-nelsons-organic-raspberry-farm-sultan-wa-usa: tickets=0 (empty), photos=1 (found)
2026-02-15 12:24:06,782 - INFO -   1968-09-20-berkeley-community-theater-berkeley-ca-usa: tickets=0 (empty), photos=1 (found)
2026-02-15 12:24:08,894 - INFO -   1968-09-22-del-mar-fairgrounds-san-diego-ca-usa: tickets=0 (empty), photos=1 (found)
2026-02-15 12:24:11,876 - INFO -   1968-10-11-avalon-ballroom-san-francisco-ca-usa: tickets=0 (empty), photos=1 (found)
2026-02-15 12:24:13,378 - INFO -   1968-10-12-avalon-ballroom-san-francisco-ca-usa: tickets=0 (empty), photos=1 (found)
2026-02-15 12:24:15,364 - INFO -   1968-10-13-avalon-ballroom-san-francisco-ca-usa: tickets=0 (empty), photos=1 (found)
2026-02-15 12:24:20,357 - INFO -   1968-11-01-silver-dollar-fairgrounds-chico-ca-usa: tickets=0 (empty), photos=2 (found)
2026-02-15 12:24:23,914 - INFO -   1968-11-07-fillmore-west-san-francisco-ca-usa: tickets=1 (found), photos=1 (found)
2026-02-15 12:24:25,385 - INFO -   1968-11-08-fillmore-west-san-francisco-ca-usa: tickets=0 (empty), photos=1 (found)
2026-02-15 12:24:27,384 - INFO -   1968-11-09-fillmore-west-san-francisco-ca-usa: tickets=1 (found), photos=1 (found)
2026-02-15 12:24:29,375 - INFO -   1968-11-10-fillmore-west-san-francisco-ca-usa: tickets=1 (found), photos=1 (found)
2026-02-15 12:24:31,817 - INFO -   1968-11-15-oregon-state-university-corvallis-ca-usa: tickets=0 (empty), photos=1 (found)
2026-02-15 12:24:33,792 - INFO -   1968-11-17-eagles-auditorium-seattle-wa-usa-2: tickets=0 (empty), photos=1 (found)
2026-02-15 12:24:35,362 - INFO -   1968-11-17-eagles-auditorium-seattle-wa-usa: tickets=0 (empty), photos=1 (found)
2026-02-15 12:24:40,822 - INFO -   1968-11-27-the-kinetic-playground-chicago-il-usa: tickets=0 (empty), photos=1 (found)
2026-02-15 12:24:42,371 - INFO -   1968-11-28-the-kinetic-playground-chicago-il-usa: tickets=0 (empty), photos=1 (found)
2026-02-15 12:24:44,801 - INFO -   1968-12-01-grande-ballroom-detroit-mi-usa: tickets=0 (empty), photos=1 (found)
2026-02-15 12:24:47,847 - INFO -   1968-12-07-bellarmine-college-louisville-ky-usa: tickets=0 (empty), photos=1 (found)
2026-02-15 12:24:49,903 - INFO -   1968-12-13-the-bank-torrance-ca-usa: tickets=0 (empty), photos=1 (found)
2026-02-15 12:24:51,385 - INFO -   1968-12-14-the-bank-torrance-ca-usa: tickets=0 (empty), photos=1 (found)
2026-02-15 12:24:55,512 - INFO - Progress: 350/2313 shows (350 processed, 0 skipped, 0 errors) — 1980 shows/hour
2026-02-15 12:24:57,885 - INFO -   1968-12-31-winterland-arena-san-francisco-ca-usa: tickets=1 (found), photos=1 (found)
2026-02-15 12:24:59,843 - INFO -   1969-01-02-fillmore-west-san-francisco-ca-usa: tickets=1 (found), photos=1 (found)
2026-02-15 12:25:01,404 - INFO -   1969-01-03-fillmore-west-san-francisco-ca-usa: tickets=1 (found), photos=1 (found)
2026-02-15 12:25:03,389 - INFO -   1969-01-04-fillmore-west-san-francisco-ca-usa: tickets=1 (found), photos=1 (found)
2026-02-15 12:25:06,833 - INFO -   1969-01-17-civic-auditorium-santa-barbara-ca-usa: tickets=0 (empty), photos=1 (found)
2026-02-15 12:25:09,954 - INFO -   1969-01-24-avalon-ballroom-san-francisco-ca-usa: tickets=0 (empty), photos=1 (found)
2026-02-15 12:25:11,414 - INFO -   1969-01-25-avalon-ballroom-san-francisco-ca-usa: tickets=0 (empty), photos=1 (found)
2026-02-15 12:25:13,395 - INFO -   1969-01-26-avalon-ballroom-san-francisco-ca-usa: tickets=0 (empty), photos=1 (found)
2026-02-15 12:25:17,896 - INFO -   1969-02-02-labor-temple-minneapolis-mn-usa: tickets=0 (empty), photos=1 (found)
2026-02-15 12:25:22,904 - INFO -   1969-02-07-stanley-theater-pittsburgh-pa-usa-early-show: tickets=0 (empty), photos=1 (found)
2026-02-15 12:25:24,388 - INFO -   1969-02-07-stanley-theater-pittsburgh-pa-usa: tickets=0 (empty), photos=1 (found)
2026-02-15 12:25:28,363 - INFO -   1969-02-11-fillmore-east-new-york-ny-usa-early-show: tickets=0 (empty), photos=1 (found)
2026-02-15 12:25:30,362 - INFO -   1969-02-11-fillmore-east-new-york-ny-usa: tickets=0 (empty), photos=1 (found)
2026-02-15 12:25:32,366 - INFO -   1969-02-12-fillmore-east-new-york-ny-usa-early-show: tickets=0 (empty), photos=1 (found)
2026-02-15 12:25:34,368 - INFO -   1969-02-12-fillmore-east-new-york-ny-usa: tickets=0 (empty), photos=1 (found)
2026-02-15 12:25:39,360 - INFO -   1969-02-21-dream-bowl-vallejo-ca-usa: tickets=0 (empty), photos=1 (found)
2026-02-15 12:25:41,369 - INFO -   1969-02-22-dream-bowl-vallejo-ca-usa: tickets=0 (empty), photos=1 (found)
2026-02-15 12:25:45,776 - INFO -   1969-02-27-fillmore-west-san-francisco-ca-usa: tickets=0 (empty), photos=1 (found)
2026-02-15 12:25:47,374 - INFO -   1969-02-28-fillmore-west-san-francisco-ca-usa: tickets=1 (found), photos=1 (found)
2026-02-15 12:25:49,377 - INFO -   1969-03-01-fillmore-west-san-francisco-ca-usa: tickets=1 (found), photos=1 (found)
2026-02-15 12:25:51,363 - INFO -   1969-03-02-fillmore-west-san-francisco-ca-usa: tickets=0 (empty), photos=1 (found)
2026-02-15 12:25:57,890 - INFO -   1969-03-21-rose-palace-pasadena-ca-usa: tickets=0 (empty), photos=2 (found)
2026-02-15 12:26:00,394 - INFO -   1969-03-22-rose-palace-pasadena-ca-usa: tickets=0 (empty), photos=2 (found)
2026-02-15 12:26:03,889 - INFO -   1969-03-29-ice-palace-las-vegas-nv-usa: tickets=0 (empty), photos=1 (found)
2026-02-15 12:26:06,920 - INFO -   1969-04-04-avalon-ballroom-san-francisco-ca-usa: tickets=0 (empty), photos=2 (found)
2026-02-15 12:26:09,388 - INFO -   1969-04-05-avalon-ballroom-san-francisco-ca-usa: tickets=0 (empty), photos=2 (found)
2026-02-15 12:26:12,390 - INFO -   1969-04-06-avalon-ballroom-san-francisco-ca-usa: tickets=0 (empty), photos=2 (found)
2026-02-15 12:26:15,417 - INFO -   1969-04-12-student-union-ballroom-u-of-utah-salt-lake-city-ut-usa-2: tickets=0 (empty), photos=1 (found)
2026-02-15 12:26:17,420 - INFO -   1969-04-12-student-union-ballroom-u-of-utah-salt-lake-city-ut-usa: tickets=0 (empty), photos=1 (found)
2026-02-15 12:26:20,889 - INFO -   1969-04-15-the-music-box-omaha-ne-usa: tickets=0 (empty), photos=1 (found)
2026-02-15 12:26:20,889 - INFO - Progress: 400/2313 shows (400 processed, 0 skipped, 0 errors) — 1995 shows/hour
2026-02-15 12:26:24,662 - INFO -   1969-04-17-washington-u-st-louis-mo-usa: tickets=1 (found), photos=3 (found)
2026-02-15 12:26:26,862 - INFO -   1969-04-18-memorial-union-ballroom-purdue-u-lafayette-in-usa: tickets=0 (empty), photos=1 (found)
2026-02-15 12:26:28,895 - INFO -   1969-04-20-atwood-hall-clark-u-worcester-ma-usa: tickets=0 (empty), photos=1 (found)
2026-02-15 12:26:30,811 - INFO -   1969-04-21-the-ark-boston-ma-usa: tickets=0 (empty), photos=1 (found)
2026-02-15 12:26:32,388 - INFO -   1969-04-22-the-ark-boston-ma-usa: tickets=0 (empty), photos=1 (found)
2026-02-15 12:26:34,378 - INFO -   1969-04-23-the-ark-boston-ma-usa: tickets=0 (empty), photos=1 (found)
2026-02-15 12:26:38,612 - INFO -   1969-04-27-labor-temple-minneapolis-mn-usa: tickets=0 (empty), photos=1 (found)
2026-02-15 12:26:39,553 - INFO -   1969-05-02-winterland-arena-san-francisco-ca-usa: tickets=1 (found), photos=0 (empty)
2026-02-15 12:26:41,570 - INFO -   1969-05-03-winterland-arena-san-francisco-ca-usa: tickets=1 (found), photos=0 (empty)
2026-02-15 12:26:48,762 - INFO -   1969-05-23-seminole-indian-reservation-hollywood-fl-usa: tickets=0 (empty), photos=1 (found)
2026-02-15 12:26:50,390 - INFO -   1969-05-24-seminole-indian-reservation-hollywood-fl-usa: tickets=0 (empty), photos=1 (found)
2026-02-15 12:26:51,534 - INFO -   1969-05-28-winterland-arena-san-francisco-ca-usa: tickets=1 (found), photos=0 (empty)
2026-02-15 12:26:53,537 - INFO -   1969-05-30-springers-inn-portland-or-usa: tickets=1 (found), photos=0 (empty)
2026-02-15 12:26:55,537 - INFO -   1969-06-05-fillmore-west-san-francisco-ca-usa: tickets=1 (found), photos=0 (empty)
2026-02-15 12:26:56,544 - INFO -   1969-06-06-fillmore-west-san-francisco-ca-usa: tickets=1 (found), photos=0 (empty)
2026-02-15 12:26:57,539 - INFO -   1969-06-07-fillmore-west-san-francisco-ca-usa: tickets=1 (found), photos=0 (empty)
2026-02-15 12:26:58,541 - INFO -   1969-06-08-fillmore-west-san-francisco-ca-usa: tickets=1 (found), photos=0 (empty)
2026-02-15 12:27:02,545 - INFO -   1969-06-20-fillmore-east-new-york-ny-usa: tickets=1 (found), photos=0 (empty)
2026-02-15 12:27:07,779 - INFO -   1969-06-27-veterans-auditorium-santa-rosa-ca-usa: tickets=0 (empty), photos=1 (found)
2026-02-15 12:27:09,386 - INFO -   1969-06-28-veterans-auditorium-santa-rosa-ca-usa: tickets=0 (empty), photos=1 (found)
2026-02-15 12:27:11,380 - INFO -   1969-06-29-the-barn-rio-nido-ca-usa: tickets=0 (empty), photos=1 (found)
2026-02-15 12:27:21,825 - INFO -   1969-07-16-longshoremans-hall-san-francisco-ca-usa: tickets=1 (found), photos=1 (found)
2026-02-15 12:27:24,577 - INFO -   1969-08-16-max-yasgurs-farm-bethel-ny-usa: tickets=2 (found), photos=0 (empty)
2026-02-15 12:27:25,549 - INFO - Progress: 450/2313 shows (450 processed, 0 skipped, 0 errors) — 2060 shows/hour
2026-02-15 12:27:27,771 - INFO -   1969-08-21-aqua-theatre-seattle-wa-usa: tickets=0 (empty), photos=1 (found)
2026-02-15 12:27:43,776 - INFO -   1969-09-27-fillmore-east-new-york-ny-usa-early-show: tickets=0 (empty), photos=7 (found)
2026-02-15 12:27:55,578 - INFO -   1969-10-24-winterland-arena-san-francisco-ca-usa: tickets=1 (found), photos=0 (empty)
2026-02-15 12:27:56,593 - INFO -   1969-10-25-winterland-arena-san-francisco-ca-usa: tickets=1 (found), photos=0 (empty)
2026-02-15 12:27:59,427 - INFO -   1969-10-31-san-jose-state-college-san-jose-ca-usa: tickets=0 (empty), photos=1 (found)
2026-02-15 12:28:06,541 - INFO -   1969-12-04-fillmore-west-san-francisco-ca-usa: tickets=1 (found), photos=0 (empty)
2026-02-15 12:28:07,572 - INFO -   1969-12-05-fillmore-west-san-francisco-ca-usa: tickets=1 (found), photos=0 (empty)
2026-02-15 12:28:08,565 - INFO -   1969-12-07-fillmore-west-san-francisco-ca-usa: tickets=1 (found), photos=0 (empty)
2026-02-15 12:28:14,762 - INFO -   1969-12-19-fillmore-auditorium-san-francisco-ca-usa: tickets=0 (empty), photos=1 (found)
2026-02-15 12:28:23,825 - INFO -   1970-01-02-fillmore-east-new-york-ny-usa-early-show: tickets=2 (found), photos=1 (found)
2026-02-15 12:28:25,852 - INFO -   1970-01-02-fillmore-east-new-york-ny-usa: tickets=0 (empty), photos=1 (found)
2026-02-15 12:28:26,628 - INFO -   1970-01-03-fillmore-east-new-york-ny-usa-early-show: tickets=1 (found), photos=0 (empty)
2026-02-15 12:28:27,605 - INFO - Progress: 500/2313 shows (500 processed, 0 skipped, 0 errors) — 2122 shows/hour
2026-02-15 12:28:35,547 - INFO -   1970-01-30-the-warehouse-new-orleans-la-usa: tickets=0 (empty), photos=1 (found)
2026-02-15 12:28:39,929 - INFO -   1970-02-02-fox-theatre-st-louis-mo-usa: tickets=0 (empty), photos=1 (found)
2026-02-15 12:28:41,545 - INFO -   1970-02-05-fillmore-west-san-francisco-ca-usa: tickets=1 (found), photos=0 (empty)
2026-02-15 12:28:42,610 - INFO -   1970-02-06-fillmore-west-san-francisco-ca-usa: tickets=1 (found), photos=0 (empty)
2026-02-15 12:28:43,612 - INFO -   1970-02-07-fillmore-west-san-francisco-ca-usa: tickets=1 (found), photos=0 (empty)
2026-02-15 12:28:44,553 - INFO -   1970-02-08-fillmore-west-san-francisco-ca-usa: tickets=1 (found), photos=0 (empty)
2026-02-15 12:28:47,402 - INFO -   1970-02-11-fillmore-east-new-york-ny-usa-early-show: tickets=0 (empty), photos=2 (found)
2026-02-15 12:28:52,404 - INFO -   1970-02-11-fillmore-east-new-york-ny-usa: tickets=0 (empty), photos=4 (found)
2026-02-15 12:28:55,396 - INFO -   1970-02-13-fillmore-east-new-york-ny-usa-early-show: tickets=0 (empty), photos=1 (found)
2026-02-15 12:28:57,398 - INFO -   1970-02-13-fillmore-east-new-york-ny-usa: tickets=0 (empty), photos=1 (found)
2026-02-15 12:28:59,399 - INFO -   1970-02-14-fillmore-east-new-york-ny-usa-early-show: tickets=1 (found), photos=1 (found)
2026-02-15 12:29:02,402 - INFO -   1970-02-14-fillmore-east-new-york-ny-usa: tickets=0 (empty), photos=2 (found)
2026-02-15 12:29:19,626 - INFO -   1970-04-09-fillmore-west-san-francisco-ca-usa: tickets=1 (found), photos=0 (empty)
2026-02-15 12:29:21,828 - INFO -   1970-04-10-fillmore-west-san-francisco-ca-usa: tickets=0 (empty), photos=1 (found)
2026-02-15 12:29:22,626 - INFO -   1970-04-11-fillmore-west-san-francisco-ca-usa: tickets=1 (found), photos=0 (empty)
2026-02-15 12:29:23,589 - INFO -   1970-04-12-fillmore-west-san-francisco-ca-usa: tickets=1 (found), photos=0 (empty)
2026-02-15 12:29:28,701 - INFO -   1970-04-26-york-farm-poynette-wi-usa: tickets=0 (empty), photos=1 (found)
2026-02-15 12:29:32,574 - INFO - Progress: 550/2313 shows (550 processed, 0 skipped, 0 errors) — 2168 shows/hour
2026-02-15 12:29:35,024 - INFO -   1970-05-07-dupont-gymnasium-m-i-t-cambridge-ma-usa: tickets=0 (empty), photos=1 (found)
2026-02-15 12:29:38,841 - INFO -   1970-05-10-sports-arena-atlanta-ga-usa: tickets=1 (found), photos=1 (found)
2026-02-15 12:29:42,653 - INFO -   1970-05-15-fillmore-east-new-york-ny-usa-early-show: tickets=1 (found), photos=2 (found)
2026-02-15 12:29:49,677 - INFO -   1970-05-15-fillmore-east-new-york-ny-usa: tickets=0 (empty), photos=6 (found)
2026-02-15 12:29:54,558 - INFO -   1970-06-05-fillmore-west-san-francisco-ca-usa: tickets=1 (found), photos=0 (empty)
2026-02-15 12:29:55,614 - INFO -   1970-06-06-fillmore-west-san-francisco-ca-usa: tickets=1 (found), photos=0 (empty)
2026-02-15 12:29:56,860 - WARNING - Got 500 but response contains HTML, attempting to parse: https://jerrygarcia.com/show/1970-06-07-fillmore-west-san-francisco-ca-usa/
2026-02-15 12:29:56,872 - INFO - ✅ Successfully parsed show data despite 500 error: https://jerrygarcia.com/show/1970-06-07-fillmore-west-san-francisco-ca-usa/
2026-02-15 12:29:58,805 - INFO -   1970-06-12-honolulu-civic-auditorium-honolulu-hi-usa: tickets=0 (empty), photos=1 (found)
2026-02-15 12:30:00,422 - INFO -   1970-06-13-honolulu-civic-auditorium-honolulu-hi-usa: tickets=0 (empty), photos=1 (found)
2026-02-15 12:30:05,879 - INFO -   1970-06-24-capitol-theater-port-chester-ny-usa: tickets=1 (found), photos=1 (found)
2026-02-15 12:30:09,028 - INFO -   1970-06-27-canadian-national-exhibition-stadium-toronto-ontario-canada: tickets=0 (empty), photos=2 (found)
2026-02-15 12:30:11,817 - INFO -   1970-07-01-winnipeg-fairgrounds-winnipeg-manatoba-canada: tickets=0 (empty), photos=1 (found)
2026-02-15 12:30:13,978 - INFO -   1970-07-03-mcmahon-stadium-calgary-alberta-canada: tickets=1 (found), photos=1 (found)
2026-02-15 12:30:17,008 - INFO -   1970-07-09-fillmore-east-new-york-ny-usa: tickets=0 (empty), photos=1 (found)
2026-02-15 12:30:18,461 - INFO -   1970-07-10-fillmore-east-new-york-ny-usa: tickets=0 (empty), photos=1 (found)
2026-02-15 12:30:20,455 - INFO -   1970-07-11-fillmore-east-new-york-ny-usa: tickets=1 (found), photos=1 (found)
2026-02-15 12:30:22,454 - INFO -   1970-07-12-fillmore-east-new-york-ny-usa: tickets=0 (empty), photos=1 (found)
2026-02-15 12:30:24,821 - INFO -   1970-07-14-euphoria-ballroom-san-rafael-ca-usa: tickets=0 (empty), photos=1 (found)
2026-02-15 12:30:31,973 - INFO -   1970-08-17-fillmore-west-san-francisco-ca-usa: tickets=1 (found), photos=1 (found)
2026-02-15 12:30:33,428 - INFO -   1970-08-18-fillmore-west-san-francisco-ca-usa: tickets=1 (found), photos=1 (found)
2026-02-15 12:30:35,435 - INFO -   1970-08-19-fillmore-west-san-francisco-ca-usa: tickets=1 (found), photos=1 (found)
2026-02-15 12:30:41,822 - INFO -   1970-08-30-kqed-studios-san-francisco-ca-usa: tickets=0 (empty), photos=3 (found)
2026-02-15 12:30:43,416 - INFO -   1970-09-17-fillmore-east-new-york-ny-usa: tickets=1 (found), photos=1 (found)
2026-02-15 12:30:45,422 - INFO -   1970-09-18-fillmore-east-new-york-ny-usa: tickets=1 (found), photos=1 (found)
2026-02-15 12:30:47,419 - INFO -   1970-09-19-fillmore-east-new-york-ny-usa: tickets=0 (empty), photos=1 (found)
2026-02-15 12:30:49,420 - INFO -   1970-09-20-fillmore-east-new-york-ny-usa: tickets=0 (empty), photos=1 (found)
2026-02-15 12:30:53,710 - INFO -   1970-10-04-winterland-arena-san-francisco-ca-usa: tickets=0 (empty), photos=1 (found)
2026-02-15 12:30:55,426 - INFO -   1970-10-05-winterland-arena-san-francisco-ca-usa: tickets=0 (empty), photos=1 (found)
2026-02-15 12:30:56,597 - INFO - Progress: 600/2313 shows (600 processed, 0 skipped, 0 errors) — 2166 shows/hour
2026-02-15 12:30:57,602 - INFO -   1970-10-11-marion-shea-aud-paterson-state-col-wayne-nj-usa: tickets=1 (found), photos=0 (empty)
2026-02-15 12:31:02,592 - INFO -   1970-10-23-mcdonough-arena-georgetown-u-washington-dc-usa: tickets=1 (found), photos=0 (empty)
2026-02-15 12:31:05,607 - INFO -   1970-10-30-gym-s-u-n-y-stony-brook-ny-usa: tickets=1 (found), photos=0 (empty)
2026-02-15 12:31:06,618 - INFO -   1970-10-31-gym-s-u-n-y-stony-brook-ny-usa-early-show: tickets=2 (found), photos=0 (empty)
2026-02-15 12:31:15,816 - INFO -   1970-11-11-46th-street-rock-palace-brooklyn-ny-usa: tickets=0 (empty), photos=1 (found)
2026-02-15 12:31:17,432 - INFO -   1970-11-12-46th-street-rock-palace-brooklyn-ny-usa: tickets=0 (empty), photos=1 (found)
2026-02-15 12:31:19,423 - INFO -   1970-11-13-46th-street-rock-palace-brooklyn-ny-usa: tickets=0 (empty), photos=1 (found)
2026-02-15 12:31:21,432 - INFO -   1970-11-14-46th-street-rock-palace-brooklyn-ny-usa: tickets=0 (empty), photos=1 (found)
2026-02-15 12:31:23,609 - INFO -   1970-11-20-the-palestra-u-of-rochester-rochester-ny-usa: tickets=1 (found), photos=0 (empty)
2026-02-15 12:31:26,444 - INFO -   1970-11-22-middlesex-county-community-college-edison-nj-usa: tickets=0 (empty), photos=1 (found)
2026-02-15 12:31:28,956 - INFO -   1970-11-23-anderson-theater-new-york-ny-usa: tickets=1 (found), photos=1 (found)
2026-02-15 12:31:32,712 - INFO -   1970-12-12-santa-rosa-fairgrounds-santa-rosa-ca-usa: tickets=0 (empty), photos=1 (found)
2026-02-15 12:31:34,894 - INFO -   1970-12-22-sacramento-memorial-auditorium-sacramento-ca-usa: tickets=0 (empty), photos=1 (found)
2026-02-15 12:31:41,020 - INFO -   1970-12-31-winterland-arena-san-francisco-ca-usa: tickets=0 (empty), photos=1 (found)
2026-02-15 12:31:43,023 - INFO -   1971-01-21-freeborn-hall-uc-davis-davis-ca-usa: tickets=0 (empty), photos=1 (found)
2026-02-15 12:31:45,822 - INFO -   1971-01-24-seattle-center-arena-seattle-wa-usa: tickets=0 (empty), photos=1 (found)
2026-02-15 12:31:52,751 - INFO -   1971-03-03-fillmore-west-san-francisco-ca-usa: tickets=1 (found), photos=0 (empty)
2026-02-15 12:31:55,678 - INFO -   1971-03-13-jenison-field-house-michigan-state-u-lansing-mi-usa: tickets=0 (empty), photos=1 (found)
2026-02-15 12:31:57,859 - INFO -   1971-03-14-camp-randall-field-house-u-of-wisconsin-madison-wi-usa: tickets=0 (empty), photos=1 (found)
2026-02-15 12:31:59,954 - INFO -   1971-03-17-fox-theatre-st-louis-mo-usa: tickets=1 (found), photos=1 (found)
2026-02-15 12:32:01,479 - INFO -   1971-03-18-fox-theatre-st-louis-mo-usa: tickets=0 (empty), photos=1 (found)
2026-02-15 12:32:01,480 - INFO - Progress: 650/2313 shows (650 processed, 0 skipped, 0 errors) — 2203 shows/hour
2026-02-15 12:32:06,888 - INFO -   1971-03-21-exposition-center-milwaukee-wi-usa: tickets=0 (empty), photos=3 (found)
2026-02-15 12:32:08,590 - INFO -   1971-04-04-manhattan-center-new-york-ny-usa: tickets=1 (found), photos=0 (empty)
2026-02-15 12:32:12,025 - INFO -   1971-04-05-manhattan-center-new-york-ny-usa: tickets=1 (found), photos=2 (found)
2026-02-15 12:32:12,573 - INFO -   1971-04-06-manhattan-center-new-york-ny-usa: tickets=1 (found), photos=0 (empty)
2026-02-15 12:32:16,763 - INFO -   1971-04-10-east-hall-franklin-marshall-col-lancaster-pa-usa: tickets=0 (empty), photos=1 (found)
2026-02-15 12:32:19,835 - INFO -   1971-04-13-catholic-youth-center-scranton-pa-usa: tickets=0 (empty), photos=1 (found)
2026-02-15 12:32:21,607 - INFO -   1971-04-15-allegheny-state-college-meadvllle-pa-usa: tickets=1 (found), photos=0 (empty)
2026-02-15 12:32:25,009 - INFO -   1971-04-18-lusk-field-house-s-u-c-n-y-cortland-ny-usa: tickets=1 (found), photos=1 (found)
2026-02-15 12:32:25,585 - INFO -   1971-04-21-rhode-island-auditorium-providence-ri-usa: tickets=1 (found), photos=0 (empty)
2026-02-15 12:32:27,874 - INFO -   1971-04-22-bangor-municipal-auditorium-bangor-me-usa: tickets=0 (empty), photos=1 (found)
2026-02-15 12:32:31,434 - INFO -   1971-04-25-fillmore-east-new-york-ny-usa: tickets=0 (empty), photos=2 (found)
2026-02-15 12:32:34,434 - INFO -   1971-04-26-fillmore-east-new-york-ny-usa: tickets=1 (found), photos=2 (found)
2026-02-15 12:32:38,431 - INFO -   1971-04-27-fillmore-east-new-york-ny-usa: tickets=0 (empty), photos=3 (found)
2026-02-15 12:32:41,434 - INFO -   1971-04-28-fillmore-east-new-york-ny-usa: tickets=1 (found), photos=2 (found)
2026-02-15 12:32:44,433 - INFO -   1971-04-29-fillmore-east-new-york-ny-usa: tickets=1 (found), photos=2 (found)
2026-02-15 12:32:46,820 - INFO -   1971-05-29-winterland-arena-san-francisco-ca-usa: tickets=1 (found), photos=1 (found)
2026-02-15 12:32:48,444 - INFO -   1971-05-30-winterland-arena-san-francisco-ca-usa: tickets=0 (empty), photos=1 (found)
2026-02-15 12:32:51,973 - INFO -   1971-07-02-fillmore-west-san-francisco-ca-usa: tickets=0 (empty), photos=1 (found)
2026-02-15 12:32:52,614 - INFO -   1971-07-31-yale-bowl-yale-u-new-haven-ct-usa: tickets=1 (found), photos=0 (empty)
2026-02-15 12:32:55,962 - INFO -   1971-08-05-hollywood-palladium-hollywood-ca-usa: tickets=1 (found), photos=1 (found)
2026-02-15 12:32:58,454 - INFO -   1971-08-06-hollywood-palladium-hollywood-ca-usa: tickets=1 (found), photos=2 (found)
2026-02-15 12:33:00,873 - INFO -   1971-08-07-san-diego-community-concorse-san-diego-ca-usa: tickets=0 (empty), photos=1 (found)
2026-02-15 12:33:02,876 - INFO -   1971-08-14-berkeley-community-theater-berkeley-ca-usa: tickets=0 (empty), photos=1 (found)
2026-02-15 12:33:04,447 - INFO -   1971-08-15-berkeley-community-theater-berkeley-ca-usa: tickets=0 (empty), photos=1 (found)
2026-02-15 12:33:07,623 - INFO -   1971-08-26-gaelic-park-bronx-ny-usa: tickets=1 (found), photos=0 (empty)
2026-02-15 12:33:12,822 - INFO -   1971-10-23-easttown-theatre-detroit-mi-usa: tickets=0 (empty), photos=1 (found)
2026-02-15 12:33:14,445 - INFO -   1971-10-24-easttown-theatre-detroit-mi-usa: tickets=0 (empty), photos=1 (found)
2026-02-15 12:33:16,768 - INFO -   1971-10-26-the-palestra-u-of-rochester-rochester-ny-usa: tickets=1 (found), photos=1 (found)
2026-02-15 12:33:18,446 - INFO -   1971-10-27-onondaga-county-war-memorial-syracuse-ny-usa: tickets=1 (found), photos=1 (found)
2026-02-15 12:33:22,748 - INFO -   1971-10-31-ohio-theatre-columbus-oh-usa: tickets=1 (found), photos=1 (found)
2026-02-15 12:33:25,619 - INFO - Progress: 700/2313 shows (700 processed, 0 skipped, 0 errors) — 2198 shows/hour
2026-02-15 12:33:27,625 - INFO -   1971-11-14-texas-christian-u-fort-worth-tx-usa: tickets=1 (found), photos=0 (empty)
2026-02-15 12:33:33,612 - INFO -   1971-12-04-felt-forum-new-york-ny-usa: tickets=1 (found), photos=0 (empty)
2026-02-15 12:33:34,605 - INFO -   1971-12-05-felt-forum-new-york-ny-usa: tickets=1 (found), photos=0 (empty)
2026-02-15 12:33:35,707 - INFO -   1971-12-06-felt-forum-new-york-ny-usa: tickets=1 (found), photos=0 (empty)
2026-02-15 12:33:36,947 - INFO -   1971-12-07-felt-forum-new-york-ny-usa: tickets=1 (found), photos=0 (empty)
2026-02-15 12:33:39,039 - INFO -   1971-12-10-fox-theatre-st-louis-mo-usa: tickets=1 (found), photos=0 (empty)
2026-02-15 12:33:39,940 - INFO -   1971-12-14-hill-auditorium-ann-arbor-mi-usa: tickets=1 (found), photos=0 (empty)
2026-02-15 12:33:42,945 - INFO -   1972-01-02-winterland-arena-san-francisco-ca-usa: tickets=1 (found), photos=0 (empty)
2026-02-15 12:33:45,933 - INFO -   1972-03-21-academy-of-music-new-york-ny-usa: tickets=0 (empty), photos=1 (found)
2026-02-15 12:33:47,613 - INFO -   1972-03-23-academy-of-music-new-york-ny-usa: tickets=1 (found), photos=0 (empty)
2026-02-15 12:33:49,444 - INFO -   1972-03-25-academy-of-music-new-york-ny-usa: tickets=1 (found), photos=1 (found)
2026-02-15 12:33:50,607 - INFO -   1972-03-26-academy-of-music-new-york-ny-usa: tickets=1 (found), photos=0 (empty)
2026-02-15 12:33:57,447 - INFO -   1972-04-07-wembley-empire-pool-london-england: tickets=1 (found), photos=4 (found)
2026-02-15 12:33:58,611 - INFO -   1972-04-08-wembley-empire-pool-london-england: tickets=2 (found), photos=0 (empty)
2026-02-15 12:33:59,629 - INFO -   1972-04-11-newcastle-city-hall-newcastle-england: tickets=1 (found), photos=0 (empty)
2026-02-15 12:34:01,917 - INFO -   1972-04-14-tivoli-theater-copenhagen-denmark: tickets=1 (found), photos=1 (found)
2026-02-15 12:34:05,601 - INFO -   1972-04-24-rheinhalle-duesseldorf-germany: tickets=1 (found), photos=0 (empty)
2026-02-15 12:34:08,735 - INFO -   1972-04-26-jahrhundert-halle-frankfurt-germany: tickets=1 (found), photos=2 (found)
2026-02-15 12:34:09,611 - INFO -   1972-04-29-musikhalle-hamburg-hamburg: tickets=1 (found), photos=0 (empty)
2026-02-15 12:34:15,655 - INFO -   1972-05-07-bickershaw-festival-wigan-england: tickets=1 (found), photos=3 (found)
2026-02-15 12:34:19,768 - INFO -   1972-05-13-lille-fairgrounds-lille-france: tickets=0 (empty), photos=1 (found)
2026-02-15 12:34:22,858 - INFO -   1972-05-18-kongressaal-deutsches-museum-muenchen-germany: tickets=1 (found), photos=1 (found)
2026-02-15 12:34:23,649 - INFO -   1972-05-23-the-strand-lyceum-london-england: tickets=1 (found), photos=0 (empty)
2026-02-15 12:34:28,623 - INFO -   1972-07-16-dillon-stadium-hartford-ct-usa: tickets=2 (found), photos=0 (empty)
2026-02-15 12:34:30,922 - INFO -   1972-07-18-roosevelt-stadium-jersey-city-nj-usa: tickets=0 (empty), photos=1 (found)
2026-02-15 12:34:30,922 - INFO - Progress: 750/2313 shows (750 processed, 0 skipped, 0 errors) — 2228 shows/hour
2026-02-15 12:34:32,667 - INFO -   1972-07-21-paramount-northwest-theater-seattle-wa-usa: tickets=0 (empty), photos=1 (found)
2026-02-15 12:34:34,448 - INFO -   1972-07-22-paramount-northwest-theater-seattle-wa-usa: tickets=0 (empty), photos=1 (found)
2026-02-15 12:34:41,852 - INFO -   1972-08-24-berkeley-community-theater-berkeley-ca-usa: tickets=1 (found), photos=0 (empty)
2026-02-15 12:34:43,628 - INFO -   1972-08-27-old-renaissance-faire-grounds-veneta-or-usa: tickets=1 (found), photos=0 (empty)
2026-02-15 12:34:45,628 - INFO -   1972-09-09-hollywood-palladium-hollywood-ca-usa: tickets=1 (found), photos=0 (empty)
2026-02-15 12:34:47,615 - INFO -   1972-09-15-boston-music-hall-boston-ma-usa: tickets=1 (found), photos=0 (empty)
2026-02-15 12:34:50,695 - INFO -   1972-09-17-baltimore-civic-center-baltimore-md-usa: tickets=0 (empty), photos=1 (found)
2026-02-15 12:34:52,625 - INFO -   1972-09-21-the-spectrum-philadelphia-pa-usa: tickets=1 (found), photos=0 (empty)
2026-02-15 12:34:55,622 - INFO -   1972-09-26-stanley-theatre-jersey-city-nj-usa: tickets=1 (found), photos=0 (empty)
2026-02-15 12:34:56,618 - INFO -   1972-09-27-stanley-theatre-jersey-city-nj-usa: tickets=1 (found), photos=0 (empty)
2026-02-15 12:34:57,633 - INFO -   1972-09-28-stanley-theatre-jersey-city-nj-usa: tickets=1 (found), photos=0 (empty)
2026-02-15 12:34:59,644 - INFO -   1972-10-02-springfield-civic-center-springfield-ma-usa: tickets=1 (found), photos=0 (empty)
2026-02-15 12:35:02,670 - INFO -   1972-10-17-fox-theatre-st-louis-mo-usa: tickets=1 (found), photos=1 (found)
2026-02-15 12:35:03,656 - INFO -   1972-10-18-fox-theatre-st-louis-mo-usa: tickets=1 (found), photos=0 (empty)
2026-02-15 12:35:04,629 - INFO -   1972-10-19-fox-theatre-st-louis-mo-usa: tickets=1 (found), photos=0 (empty)
2026-02-15 12:35:06,901 - INFO -   1972-10-21-vanderbilt-u-nashville-tn-usa: tickets=0 (empty), photos=1 (found)
2026-02-15 12:35:09,611 - INFO -   1972-10-26-cincinnati-music-hall-cincinnati-oh-usa: tickets=1 (found), photos=0 (empty)
2026-02-15 12:35:16,634 - INFO -   1972-11-15-oklahoma-city-music-hall-oklahoma-city-ok-usa: tickets=1 (found), photos=0 (empty)
2026-02-15 12:35:19,625 - INFO -   1972-11-19-hofheinz-pavilion-houston-tx-usa: tickets=1 (found), photos=0 (empty)
2026-02-15 12:35:21,614 - INFO -   1972-11-24-dallas-memorial-auditorium-dallas-tx-usa: tickets=1 (found), photos=0 (empty)
2026-02-15 12:35:25,638 - INFO - Progress: 800/2313 shows (800 processed, 0 skipped, 0 errors) — 2274 shows/hour
2026-02-15 12:35:29,618 - INFO -   1973-02-15-dane-county-coliseum-madison-wi-usa: tickets=1 (found), photos=0 (empty)
2026-02-15 12:35:31,615 - INFO -   1973-02-19-international-ampitheatre-chicago-il-usa: tickets=1 (found), photos=0 (empty)
2026-02-15 12:35:37,614 - INFO -   1973-03-15-nassau-coliseum-uniondale-ny-usa: tickets=1 (found), photos=0 (empty)
2026-02-15 12:35:38,639 - INFO -   1973-03-16-nassau-coliseum-uniondale-ny-usa: tickets=2 (found), photos=0 (empty)
2026-02-15 12:35:39,627 - INFO -   1973-03-19-nassau-coliseum-uniondale-ny-usa: tickets=1 (found), photos=0 (empty)
2026-02-15 12:35:42,637 - INFO -   1973-03-24-the-spectrum-philadelphia-pa-usa: tickets=1 (found), photos=0 (empty)
2026-02-15 12:35:43,642 - INFO -   1973-03-26-baltimore-civic-center-baltimore-md-usa: tickets=1 (found), photos=0 (empty)
2026-02-15 12:35:44,639 - INFO -   1973-03-28-springfield-civic-center-springfield-ma-usa: tickets=1 (found), photos=0 (empty)
2026-02-15 12:35:45,623 - INFO -   1973-03-30-rochester-community-war-memorial-rochester-ny-usa: tickets=1 (found), photos=0 (empty)
2026-02-15 12:35:46,613 - INFO -   1973-03-31-buffalo-war-memorial-buffalo-ny-usa: tickets=1 (found), photos=0 (empty)
2026-02-15 12:35:48,641 - INFO -   1973-05-13-des-moines-state-fairgrounds-des-moines-ia-usa: tickets=1 (found), photos=0 (empty)
2026-02-15 12:35:49,639 - INFO -   1973-05-20-stadium-uc-santa-barbara-santa-barbara-ca-usa: tickets=2 (found), photos=0 (empty)
2026-02-15 12:35:50,633 - INFO -   1973-05-26-kezar-stadium-san-francisco-ca-usa: tickets=1 (found), photos=0 (empty)
2026-02-15 12:35:51,659 - INFO -   1973-06-09-robert-f-kennedy-stadium-washington-dc-usa: tickets=1 (found), photos=0 (empty)
2026-02-15 12:35:53,628 - INFO -   1973-06-22-p-n-e-coliseum-vancouver-british-columbia-canada: tickets=1 (found), photos=0 (empty)
2026-02-15 12:35:54,962 - WARNING - Got 500 but response contains HTML, attempting to parse: https://jerrygarcia.com/show/1973-06-24-portland-memorial-coliseum-portland-or-usa/
2026-02-15 12:35:54,978 - INFO - ✅ Successfully parsed show data despite 500 error: https://jerrygarcia.com/show/1973-06-24-portland-memorial-coliseum-portland-or-usa/
2026-02-15 12:36:00,635 - INFO -   1973-07-28-grand-prix-racecourse-watkins-glen-ny-usa: tickets=2 (found), photos=0 (empty)
2026-02-15 12:36:01,677 - INFO -   1973-07-31-roosevelt-stadium-jersey-city-nj-usa: tickets=2 (found), photos=0 (empty)
2026-02-15 12:36:02,656 - INFO -   1973-08-01-roosevelt-stadium-jersey-city-nj-usa: tickets=2 (found), photos=0 (empty)
2026-02-15 12:36:04,956 - INFO -   1973-09-07-nassau-coliseum-uniondale-ny-usa: tickets=1 (found), photos=1 (found)
2026-02-15 12:36:05,629 - INFO -   1973-09-08-nassau-coliseum-uniondale-ny-usa: tickets=1 (found), photos=0 (empty)
2026-02-15 12:36:08,631 - INFO -   1973-09-15-providence-civic-center-providence-ri-usa: tickets=1 (found), photos=0 (empty)
2026-02-15 12:36:09,630 - INFO -   1973-09-17-onondaga-county-war-memorial-syracuse-ny-usa: tickets=1 (found), photos=0 (empty)
2026-02-15 12:36:10,636 - INFO -   1973-09-20-the-spectrum-philadelphia-pa-usa: tickets=1 (found), photos=0 (empty)
2026-02-15 12:36:13,900 - INFO -   1973-09-24-civic-arena-pittsburgh-pa-usa: tickets=2 (found), photos=1 (found)
2026-02-15 12:36:15,851 - INFO -   1973-09-26-war-memorial-auditorium-buffalo-ny-usa: tickets=1 (found), photos=1 (found)
2026-02-15 12:36:16,928 - WARNING - Got 500 but response contains HTML, attempting to parse: https://jerrygarcia.com/show/1973-10-19-oklahoma-city-fairgrounds-arena-oklahoma-city-ok-usa/
2026-02-15 12:36:16,958 - INFO - ✅ Successfully parsed show data despite 500 error: https://jerrygarcia.com/show/1973-10-19-oklahoma-city-fairgrounds-arena-oklahoma-city-ok-usa/
2026-02-15 12:36:18,627 - INFO - Progress: 850/2313 shows (850 processed, 0 skipped, 0 errors) — 2319 shows/hour
2026-02-15 12:36:19,623 - INFO -   1973-10-25-dane-county-coliseum-madison-wi-usa: tickets=1 (found), photos=0 (empty)
2026-02-15 12:36:21,626 - INFO -   1973-10-29-kiel-auditorium-st-louis-mo-usa: tickets=1 (found), photos=0 (empty)
2026-02-15 12:36:22,640 - INFO -   1973-10-30-kiel-auditorium-st-louis-mo-usa: tickets=1 (found), photos=0 (empty)
2026-02-15 12:36:27,610 - INFO -   1973-11-14-san-diego-sports-arena-san-diego-ca-usa: tickets=2 (found), photos=0 (empty)
2026-02-15 12:36:28,634 - INFO -   1973-11-17-pauley-pavilion-ucla-los-angeles-ca-usa: tickets=3 (found), photos=0 (empty)
2026-02-15 12:36:31,624 - INFO -   1973-11-23-county-coliseum-el-paso-tx-usa: tickets=1 (found), photos=0 (empty)
2026-02-15 12:36:33,645 - INFO -   1973-11-30-boston-music-hall-boston-ma-usa: tickets=1 (found), photos=0 (empty)
2026-02-15 12:36:35,636 - INFO -   1973-12-02-boston-music-hall-boston-ma-usa: tickets=1 (found), photos=0 (empty)
2026-02-15 12:36:40,788 - INFO -   1973-12-10-charlotte-coliseum-charlotte-nc-usa: tickets=0 (empty), photos=1 (found)
2026-02-15 12:36:41,628 - INFO -   1973-12-12-the-omni-atlanta-ga-usa: tickets=1 (found), photos=0 (empty)
2026-02-15 12:36:43,882 - INFO -   1973-12-18-curtis-hixon-convention-hall-tampa-fl-usa: tickets=0 (empty), photos=1 (found)
2026-02-15 12:36:46,824 - INFO -   1973-12-19-curtis-hixon-convention-hall-tampa-fl-usa: tickets=1 (found), photos=2 (found)
2026-02-15 12:36:49,630 - INFO -   1974-02-24-winterland-arena-san-francisco-ca-usa: tickets=1 (found), photos=0 (empty)
2026-02-15 12:36:53,627 - INFO -   1974-05-17-p-n-e-coliseum-vancouver-british-columbia-canada: tickets=1 (found), photos=0 (empty)
2026-02-15 12:36:54,635 - INFO -   1974-05-19-portland-memorial-coliseum-portland-or-usa: tickets=1 (found), photos=0 (empty)
2026-02-15 12:36:55,641 - INFO -   1974-05-21-edmundson-pavilion-u-of-washington-seattle-wa-usa: tickets=1 (found), photos=0 (empty)
2026-02-15 12:36:56,654 - INFO -   1974-05-25-campus-stadium-uc-santa-barbara-goleta-ca-usa: tickets=4 (found), photos=0 (empty)
2026-02-15 12:37:01,622 - INFO -   1974-06-22-jai-alai-fronton-miami-fl-usa: tickets=2 (found), photos=0 (empty)
2026-02-15 12:37:03,665 - INFO -   1974-06-26-providence-civic-center-providence-ri-usa: tickets=1 (found), photos=0 (empty)
2026-02-15 12:37:04,644 - INFO -   1974-06-28-boston-garden-boston-ma-usa: tickets=2 (found), photos=0 (empty)
2026-02-15 12:37:05,629 - INFO -   1974-06-30-springfield-civic-center-springfield-ma-usa: tickets=1 (found), photos=0 (empty)
2026-02-15 12:37:07,617 - INFO -   1974-07-21-hollywood-bowl-hollywood-ca-usa: tickets=1 (found), photos=0 (empty)
2026-02-15 12:37:10,646 - INFO -   1974-07-29-capitol-centre-landover-md-usa: tickets=1 (found), photos=0 (empty)
2026-02-15 12:37:12,488 - INFO -   1974-07-31-dillon-stadium-hartford-ct-usa: tickets=2 (found), photos=1 (found)
2026-02-15 12:37:14,915 - INFO -   1974-08-04-philadelphia-civic-arena-philadelphia-pa-usa: tickets=1 (found), photos=1 (found)
2026-02-15 12:37:14,916 - INFO - Progress: 900/2313 shows (900 processed, 0 skipped, 0 errors) — 2355 shows/hour
2026-02-15 12:37:16,843 - INFO -   1974-08-05-philadelphia-civic-arena-philadelphia-pa-usa: tickets=0 (empty), photos=1 (found)
2026-02-15 12:37:17,653 - INFO -   1974-08-06-roosevelt-stadium-jersey-city-nj-usa: tickets=2 (found), photos=0 (empty)
2026-02-15 12:37:18,642 - INFO -   1974-09-09-alexandra-palace-london-england: tickets=1 (found), photos=0 (empty)
2026-02-15 12:37:21,633 - INFO -   1974-09-14-olympia-halle-munich-germany: tickets=1 (found), photos=0 (empty)
2026-02-15 12:37:23,633 - INFO -   1974-09-20-palais-des-sports-paris-france: tickets=1 (found), photos=0 (empty)
2026-02-15 12:37:24,629 - INFO -   1974-09-21-palais-des-sports-paris-france: tickets=1 (found), photos=0 (empty)
2026-02-15 12:37:27,122 - INFO -   1974-10-16-winterland-arena-san-francisco-ca-usa: tickets=0 (empty), photos=1 (found)
2026-02-15 12:37:30,937 - INFO -   1974-10-19-winterland-arena-san-francisco-ca-usa: tickets=0 (empty), photos=1 (found)
2026-02-15 12:37:31,672 - INFO -   1974-10-20-winterland-arena-san-francisco-ca-usa: tickets=1 (found), photos=0 (empty)
2026-02-15 12:37:32,641 - INFO -   1975-03-23-kezar-stadium-san-francisco-ca-usa: tickets=1 (found), photos=0 (empty)
2026-02-15 12:37:34,637 - INFO -   1975-08-13-great-american-music-hall-san-francisco-ca-usa: tickets=1 (found), photos=0 (empty)
2026-02-15 12:37:37,856 - INFO -   1975-09-28-lindley-meadows-golden-gate-park-san-francisco-ca-usa: tickets=0 (empty), photos=2 (found)
2026-02-15 12:37:40,632 - INFO -   1976-06-09-boston-music-hall-boston-ma-usa: tickets=2 (found), photos=0 (empty)
2026-02-15 12:37:41,628 - INFO -   1976-06-10-boston-music-hall-boston-ma-usa: tickets=2 (found), photos=0 (empty)
2026-02-15 12:37:42,648 - INFO -   1976-06-11-boston-music-hall-boston-ma-usa: tickets=2 (found), photos=0 (empty)
2026-02-15 12:37:43,660 - INFO -   1976-06-12-boston-music-hall-boston-ma-usa: tickets=2 (found), photos=0 (empty)
2026-02-15 12:37:44,648 - INFO -   1976-06-14-beacon-theatre-new-york-ny-usa: tickets=2 (found), photos=0 (empty)
2026-02-15 12:37:45,619 - INFO -   1976-06-15-beacon-theatre-new-york-ny-usa: tickets=1 (found), photos=0 (empty)
2026-02-15 12:37:46,661 - INFO -   1976-06-17-capitol-theater-passaic-nj-usa: tickets=1 (found), photos=0 (empty)
2026-02-15 12:37:47,663 - INFO -   1976-06-18-capitol-theater-passaic-nj-usa: tickets=1 (found), photos=0 (empty)
2026-02-15 12:37:48,648 - INFO -   1976-06-19-capitol-theater-passaic-nj-usa: tickets=2 (found), photos=0 (empty)
2026-02-15 12:37:49,652 - INFO -   1976-06-21-tower-theatre-upper-darby-pa-usa: tickets=1 (found), photos=0 (empty)
2026-02-15 12:37:50,654 - INFO -   1976-06-22-tower-theatre-upper-darby-pa-usa: tickets=2 (found), photos=0 (empty)
2026-02-15 12:37:51,654 - INFO -   1976-06-23-tower-theatre-upper-darby-pa-usa: tickets=2 (found), photos=0 (empty)
2026-02-15 12:37:52,630 - INFO -   1976-06-24-tower-theatre-upper-darby-pa-usa: tickets=1 (found), photos=0 (empty)
2026-02-15 12:37:56,635 - INFO -   1976-06-29-auditorium-theatre-chicago-il-usa: tickets=1 (found), photos=0 (empty)
2026-02-15 12:37:59,928 - INFO -   1976-07-12-orpheum-theatre-san-francisco-ca-usa: tickets=1 (found), photos=2 (found)
2026-02-15 12:38:00,649 - INFO -   1976-07-13-orpheum-theatre-san-francisco-ca-usa: tickets=1 (found), photos=0 (empty)
2026-02-15 12:38:01,650 - INFO -   1976-07-14-orpheum-theatre-san-francisco-ca-usa: tickets=1 (found), photos=0 (empty)
2026-02-15 12:38:02,642 - INFO -   1976-07-16-orpheum-theatre-san-francisco-ca-usa: tickets=1 (found), photos=0 (empty)
2026-02-15 12:38:04,653 - INFO -   1976-07-18-orpheum-theatre-san-francisco-ca-usa: tickets=1 (found), photos=0 (empty)
2026-02-15 12:38:06,930 - INFO -   1976-08-02-colt-park-hartford-ct-usa: tickets=1 (found), photos=1 (found)
2026-02-15 12:38:07,650 - INFO -   1976-08-04-roosevelt-stadium-jersey-city-nj-usa: tickets=1 (found), photos=0 (empty)
2026-02-15 12:38:08,643 - INFO -   1976-09-23-cameron-indoor-stadium-duke-u-durham-nc-usa: tickets=1 (found), photos=0 (empty)
2026-02-15 12:38:09,640 - INFO -   1976-09-24-william-and-mary-college-hall-williamsburg-va-usa: tickets=1 (found), photos=0 (empty)
2026-02-15 12:38:10,653 - INFO -   1976-09-25-capitol-centre-landover-md-usa: tickets=1 (found), photos=0 (empty)
2026-02-15 12:38:11,638 - INFO -   1976-09-27-community-war-memorial-auditorium-rochester-ny-usa: tickets=1 (found), photos=0 (empty)
2026-02-15 12:38:12,651 - INFO -   1976-09-28-onondaga-county-war-memorial-syracuse-ny-usa: tickets=1 (found), photos=0 (empty)
2026-02-15 12:38:12,651 - INFO - Progress: 950/2313 shows (950 processed, 0 skipped, 0 errors) — 2386 shows/hour
2026-02-15 12:38:13,635 - INFO -   1976-09-30-auditorium-ohio-state-u-columbus-oh-usa: tickets=1 (found), photos=0 (empty)
2026-02-15 12:38:16,709 - INFO -   1976-10-03-cobo-arena-detriot-mi-usa: tickets=1 (found), photos=0 (empty)
2026-02-15 12:38:18,483 - INFO -   1976-10-09-oakland-alameda-county-stadium-oakland-ca-usa: tickets=0 (empty), photos=1 (found)
2026-02-15 12:38:23,487 - INFO -   1976-10-10-oakland-alameda-county-stadium-oakland-ca-usa: tickets=0 (empty), photos=4 (found)
2026-02-15 12:38:24,664 - INFO -   1976-10-14-shrine-auditorium-los-angeles-ca-usa: tickets=1 (found), photos=0 (empty)
2026-02-15 12:38:25,644 - INFO -   1976-10-15-shrine-auditorium-los-angeles-ca-usa: tickets=1 (found), photos=0 (empty)
2026-02-15 12:38:32,942 - INFO -   1976-12-31-cow-palace-daly-city-ca-usa: tickets=0 (empty), photos=6 (found)
2026-02-15 12:38:35,489 - INFO -   1977-02-27-robertson-gym-uc-santa-barbara-goleta-ca-usa: tickets=1 (found), photos=1 (found)
2026-02-15 12:38:39,786 - INFO -   1977-03-20-winterland-arena-san-francisco-ca-usa: tickets=0 (empty), photos=1 (found)
2026-02-15 12:38:40,655 - INFO -   1977-04-22-the-spectrum-philadelphia-pa-usa: tickets=1 (found), photos=0 (empty)
2026-02-15 12:38:41,715 - INFO -   1977-04-23-springfield-civic-center-springfield-ma-usa: tickets=1 (found), photos=0 (empty)
2026-02-15 12:38:42,649 - INFO -   1977-04-25-capitol-theater-passaic-nj-usa: tickets=2 (found), photos=0 (empty)
2026-02-15 12:38:43,643 - INFO -   1977-04-26-capitol-theater-passaic-nj-usa: tickets=1 (found), photos=0 (empty)
2026-02-15 12:38:44,998 - INFO -   1977-04-27-capitol-theater-passaic-nj-usa: tickets=1 (found), photos=0 (empty)
2026-02-15 12:38:46,097 - INFO -   1977-04-29-the-palladium-new-york-ny-usa: tickets=1 (found), photos=0 (empty)
2026-02-15 12:38:47,046 - INFO -   1977-04-30-the-palladium-new-york-ny-usa: tickets=1 (found), photos=0 (empty)
2026-02-15 12:38:47,952 - INFO -   1977-05-01-the-palladium-new-york-ny-usa: tickets=1 (found), photos=0 (empty)
2026-02-15 12:38:48,883 - INFO -   1977-05-03-the-palladium-new-york-ny-usa: tickets=1 (found), photos=0 (empty)
2026-02-15 12:38:49,985 - INFO -   1977-05-04-the-palladium-new-york-ny-usa: tickets=1 (found), photos=0 (empty)
2026-02-15 12:38:50,914 - INFO -   1977-05-05-veterans-memorial-coliseum-new-haven-ct-usa: tickets=1 (found), photos=0 (empty)
2026-02-15 12:38:52,069 - INFO -   1977-05-07-boston-garden-boston-ma-usa: tickets=1 (found), photos=0 (empty)
2026-02-15 12:38:52,670 - INFO -   1977-05-08-barton-hall-cornell-u-ithaca-ny-usa: tickets=1 (found), photos=0 (empty)
2026-02-15 12:38:53,657 - INFO -   1977-05-09-community-war-memorial-auditorium-buffalo-ny-usa: tickets=1 (found), photos=0 (empty)
2026-02-15 12:38:56,670 - INFO -   1977-05-13-auditorium-theatre-chicago-il-usa: tickets=1 (found), photos=0 (empty)
2026-02-15 12:38:57,664 - INFO -   1977-05-15-st-louis-arena-st-louis-mo-usa: tickets=1 (found), photos=0 (empty)
2026-02-15 12:39:04,654 - INFO -   1977-05-26-baltimore-civic-center-baltimore-md-usa: tickets=1 (found), photos=0 (empty)
2026-02-15 12:39:05,647 - INFO -   1977-05-28-hartford-civic-center-hartford-ct-usa: tickets=1 (found), photos=0 (empty)
2026-02-15 12:39:06,667 - INFO -   1977-06-04-the-forum-inglewood-ca-usa: tickets=1 (found), photos=0 (empty)
2026-02-15 12:39:12,488 - INFO -   1977-09-03-raceway-park-englishtown-nj-usa: tickets=1 (found), photos=2 (found)
2026-02-15 12:39:15,657 - INFO -   1977-10-01-paramount-theater-portland-or-usa: tickets=2 (found), photos=0 (empty)
2026-02-15 12:39:16,650 - INFO -   1977-10-02-paramount-theater-portland-or-usa: tickets=1 (found), photos=0 (empty)
2026-02-15 12:39:17,649 - INFO - Progress: 1000/2313 shows (1000 processed, 0 skipped, 0 errors) — 2402 shows/hour
2026-02-15 12:39:19,658 - INFO -   1977-10-09-mcnichols-sports-arena-denver-co-usa: tickets=1 (found), photos=0 (empty)
2026-02-15 12:39:23,489 - INFO -   1977-10-14-hofheinz-pavilion-houston-tx-usa: tickets=1 (found), photos=1 (found)
2026-02-15 12:39:24,675 - INFO -   1977-10-15-moody-coliseum-s-m-u-dallas-tx-usa: tickets=1 (found), photos=0 (empty)
2026-02-15 12:39:27,655 - INFO -   1977-10-29-field-house-northern-illinois-u-de-kalb-il-usa: tickets=1 (found), photos=0 (empty)
2026-02-15 12:39:31,904 - INFO -   1977-11-02-field-house-seneca-college-toronto-ontario-canada: tickets=0 (empty), photos=1 (found)
2026-02-15 12:39:32,655 - INFO -   1977-11-04-cotterrell-gym-colgate-u-hamilton-ny-usa: tickets=3 (found), photos=0 (empty)
2026-02-15 12:39:33,664 - INFO -   1977-11-05-community-war-memorial-auditorium-rochester-ny-usa: tickets=1 (found), photos=0 (empty)
2026-02-15 12:39:34,690 - INFO -   1977-11-06-broome-county-arena-binghamton-ny-usa: tickets=1 (found), photos=0 (empty)
2026-02-15 12:39:36,780 - INFO -   1977-12-27-winterland-arena-san-francisco-ca-usa: tickets=0 (empty), photos=1 (found)
2026-02-15 12:39:38,497 - INFO -   1977-12-29-winterland-arena-san-francisco-ca-usa: tickets=0 (empty), photos=1 (found)
2026-02-15 12:39:40,489 - INFO -   1977-12-30-winterland-arena-san-francisco-ca-usa: tickets=0 (empty), photos=1 (found)
2026-02-15 12:39:42,489 - INFO -   1977-12-31-winterland-arena-san-francisco-ca-usa: tickets=1 (found), photos=1 (found)
2026-02-15 12:39:43,646 - INFO -   1978-01-06-swing-auditorium-san-bernardino-ca-usa: tickets=1 (found), photos=0 (empty)
2026-02-15 12:39:45,665 - INFO -   1978-01-08-golden-hall-community-concorse-san-diego-ca-usa: tickets=1 (found), photos=0 (empty)
2026-02-15 12:39:46,661 - INFO -   1978-01-10-shrine-auditorium-los-angeles-ca-usa: tickets=1 (found), photos=0 (empty)
2026-02-15 12:39:47,677 - INFO -   1978-01-11-shrine-auditorium-los-angeles-ca-usa: tickets=1 (found), photos=0 (empty)
2026-02-15 12:39:49,656 - INFO -   1978-01-14-bakersfield-memorial-auditorium-bakersfield-ca-usa: tickets=1 (found), photos=0 (empty)
2026-02-15 12:39:53,660 - INFO -   1978-01-22-mcarthur-court-u-of-oregon-eugene-or-usa: tickets=1 (found), photos=0 (empty)
2026-02-15 12:39:55,674 - INFO -   1978-01-31-uptown-theater-chicago-il-usa: tickets=1 (found), photos=0 (empty)
2026-02-15 12:40:00,661 - INFO -   1978-04-06-curtis-hixon-convention-hall-tampa-fl-usa: tickets=1 (found), photos=0 (empty)
2026-02-15 12:40:01,672 - INFO -   1978-04-07-the-sportatorium-pembroke-pines-fl-usa: tickets=1 (found), photos=0 (empty)
2026-02-15 12:40:02,689 - INFO -   1978-04-08-veterans-memorial-coliseum-jacksonville-fl-usa: tickets=1 (found), photos=0 (empty)
2026-02-15 12:40:03,693 - INFO -   1978-04-10-fox-theater-atlanta-ga-usa: tickets=1 (found), photos=0 (empty)
2026-02-15 12:40:06,688 - INFO -   1978-04-14-cassell-coliseum-virginia-polytechnic-u-blacksburg-va-usa: tickets=1 (found), photos=0 (empty)
2026-02-15 12:40:07,680 - INFO -   1978-04-15-william-and-mary-college-hall-williamsburg-va-usa: tickets=1 (found), photos=0 (empty)
2026-02-15 12:40:08,692 - INFO -   1978-04-16-huntington-civic-center-huntington-wv-usa: tickets=1 (found), photos=0 (empty)
2026-02-15 12:40:09,682 - INFO -   1978-04-18-civic-arena-pittsburgh-pa-usa: tickets=1 (found), photos=0 (empty)
2026-02-15 12:40:10,697 - INFO -   1978-04-19-veterans-memorial-hall-columbus-oh-usa: tickets=2 (found), photos=0 (empty)
2026-02-15 12:40:12,696 - INFO -   1978-04-22-nashville-municipal-auditorium-nashville-tn-usa: tickets=1 (found), photos=0 (empty)
2026-02-15 12:40:13,661 - INFO - Progress: 1050/2313 shows (1050 processed, 0 skipped, 0 errors) — 2432 shows/hour
2026-02-15 12:40:14,692 - INFO -   1978-05-05-thompson-arena-dartmouth-college-hanover-nh-usa: tickets=2 (found), photos=0 (empty)
2026-02-15 12:40:15,698 - INFO -   1978-05-06-patrick-field-house-u-of-vermont-burlington-vt-usa: tickets=2 (found), photos=0 (empty)
2026-02-15 12:40:16,668 - INFO -   1978-05-07-field-house-rensselaer-polytechnic-institute-troy-ny-usa: tickets=1 (found), photos=0 (empty)
2026-02-15 12:40:17,683 - INFO -   1978-05-09-onondaga-county-war-memorial-syracuse-ny-usa: tickets=1 (found), photos=0 (empty)
2026-02-15 12:40:20,116 - INFO -   1978-05-10-veterans-memorial-coliseum-new-haven-ct-usa: tickets=1 (found), photos=1 (found)
2026-02-15 12:40:20,686 - INFO -   1978-05-11-springfield-civic-center-springfield-ma-usa: tickets=1 (found), photos=0 (empty)
2026-02-15 12:40:21,690 - INFO -   1978-05-13-the-spectrum-philadelphia-pa-usa: tickets=2 (found), photos=0 (empty)
2026-02-15 12:40:24,656 - INFO -   1978-05-17-uptown-theater-chicago-il-usa: tickets=1 (found), photos=0 (empty)
2026-02-15 12:40:26,893 - INFO -   1978-06-04-campus-stadium-uc-santa-barbara-goleta-ca-usa: tickets=1 (found), photos=1 (found)
2026-02-15 12:40:27,693 - INFO -   1978-06-25-autzen-stadium-u-of-oregon-eugene-or-usa: tickets=1 (found), photos=0 (empty)
2026-02-15 12:40:32,014 - WARNING - Got 500 but response contains HTML, attempting to parse: https://jerrygarcia.com/show/1978-07-07-red-rocks-amphitheatre-morrison-co-usa/
2026-02-15 12:40:32,030 - INFO - ✅ Successfully parsed show data despite 500 error: https://jerrygarcia.com/show/1978-07-07-red-rocks-amphitheatre-morrison-co-usa/
2026-02-15 12:40:33,686 - INFO -   1978-08-30-red-rocks-amphitheatre-morrison-co-usa: tickets=1 (found), photos=0 (empty)
2026-02-15 12:40:34,688 - INFO -   1978-08-31-red-rocks-amphitheatre-morrison-co-usa: tickets=2 (found), photos=0 (empty)
2026-02-15 12:40:35,702 - INFO -   1978-09-02-giants-stadium-east-rutherford-nj-usa: tickets=2 (found), photos=0 (empty)
2026-02-15 12:40:38,907 - INFO -   1978-09-14-giza-sound-and-light-theater-cairo-egypt: tickets=2 (found), photos=2 (found)
2026-02-15 12:40:41,505 - INFO -   1978-09-15-giza-sound-and-light-theater-cairo-egypt: tickets=1 (found), photos=2 (found)
2026-02-15 12:40:43,506 - INFO -   1978-09-16-giza-sound-and-light-theater-cairo-egypt: tickets=1 (found), photos=1 (found)
2026-02-15 12:40:50,662 - INFO -   1978-11-13-boston-music-hall-boston-ma-usa: tickets=1 (found), photos=0 (empty)
2026-02-15 12:40:51,685 - INFO -   1978-11-14-boston-music-hall-boston-ma-usa: tickets=1 (found), photos=0 (empty)
2026-02-15 12:40:52,678 - INFO -   1978-11-16-uptown-theater-chicago-il-usa: tickets=1 (found), photos=0 (empty)
2026-02-15 12:40:56,816 - INFO -   1978-11-17-rambler-room-loyola-university-chicago-il: tickets=0 (empty), photos=3 (found)
2026-02-15 12:40:58,659 - INFO -   1978-11-18-uptown-theater-chicago-il-usa: tickets=1 (found), photos=0 (empty)
2026-02-15 12:40:59,690 - INFO -   1978-11-20-cleveland-music-hall-cleveland-oh-usa: tickets=1 (found), photos=0 (empty)
2026-02-15 12:41:00,681 - INFO -   1978-11-21-community-war-memorial-auditorium-rochester-ny-usa: tickets=2 (found), photos=0 (empty)
2026-02-15 12:41:01,680 - INFO -   1978-11-23-capitol-centre-landover-md-usa: tickets=1 (found), photos=0 (empty)
2026-02-15 12:41:04,049 - INFO -   1978-11-24-capitol-theater-passaic-nj-usa: tickets=2 (found), photos=1 (found)
2026-02-15 12:41:05,665 - INFO -   1978-12-13-curtis-hixon-convention-hall-tampa-fl-usa: tickets=1 (found), photos=0 (empty)
2026-02-15 12:41:06,662 - INFO -   1978-12-15-boutwell-auditorium-birmingham-al-usa: tickets=1 (found), photos=0 (empty)
2026-02-15 12:41:07,673 - INFO -   1978-12-16-nashville-municipal-auditorium-nashville-tn-usa: tickets=2 (found), photos=0 (empty)
2026-02-15 12:41:09,731 - INFO -   1978-12-19-memorial-coliseum-mississippi-state-fairgrounds-jackson-ms-usa: tickets=1 (found), photos=0 (empty)
2026-02-15 12:41:10,668 - INFO -   1978-12-21-the-summit-houston-tx-usa: tickets=1 (found), photos=0 (empty)
2026-02-15 12:41:11,663 - INFO -   1978-12-22-dallas-county-convention-center-arena-dallas-tx-usa: tickets=1 (found), photos=0 (empty)
2026-02-15 12:41:15,022 - INFO -   1978-12-28-golden-hall-community-concorse-san-diego-ca-usa: tickets=0 (empty), photos=1 (found)
2026-02-15 12:41:15,681 - INFO -   1978-12-30-pauley-pavilion-ucla-los-angeles-ca-usa: tickets=1 (found), photos=0 (empty)
2026-02-15 12:41:15,681 - INFO - Progress: 1100/2313 shows (1100 processed, 0 skipped, 0 errors) — 2450 shows/hour
2026-02-15 12:41:17,898 - INFO -   1978-12-31-winterland-arena-san-francisco-ca-usa: tickets=0 (empty), photos=1 (found)
2026-02-15 12:41:19,691 - INFO -   1979-01-07-madison-square-garden-new-york-ny-usa: tickets=1 (found), photos=0 (empty)
2026-02-15 12:41:20,685 - INFO -   1979-01-08-madison-square-garden-new-york-ny-usa: tickets=1 (found), photos=0 (empty)
2026-02-15 12:41:21,675 - INFO -   1979-01-10-nassau-coliseum-uniondale-ny-usa: tickets=2 (found), photos=0 (empty)
2026-02-15 12:41:23,724 - INFO -   1979-01-12-the-spectrum-philadelphia-pa-usa: tickets=1 (found), photos=0 (empty)
2026-02-15 12:41:28,107 - INFO -   1979-01-15-springfield-civic-center-springfield-ma-usa: tickets=1 (found), photos=2 (found)
2026-02-15 12:41:28,682 - INFO -   1979-01-17-veterans-memorial-coliseum-new-haven-ct-usa: tickets=1 (found), photos=0 (empty)
2026-02-15 12:41:29,704 - INFO -   1979-01-18-providence-civic-center-providence-ri-usa: tickets=2 (found), photos=0 (empty)
2026-02-15 12:41:30,860 - INFO -   1979-01-20-sheas-buffalo-theater-buffalo-ny-usa: tickets=1 (found), photos=0 (empty)
2026-02-15 12:41:31,661 - INFO -   1979-01-21-masonic-temple-detroit-mi-usa: tickets=2 (found), photos=0 (empty)
2026-02-15 12:41:32,673 - INFO -   1979-02-03-market-square-arena-indianapolis-in-usa: tickets=1 (found), photos=0 (empty)
2026-02-15 12:41:33,670 - INFO -   1979-02-04-dane-county-coliseum-madison-wi-usa: tickets=2 (found), photos=0 (empty)
2026-02-15 12:41:34,672 - INFO -   1979-02-06-tulsa-fairgrounds-pavilion-tulsa-ok-usa: tickets=1 (found), photos=0 (empty)
2026-02-15 12:41:35,681 - INFO -   1979-02-07-siu-arena-u-of-southern-illinois-carbondale-il-usa: tickets=1 (found), photos=0 (empty)
2026-02-15 12:41:36,670 - INFO -   1979-02-09-soldiers-and-sailors-memorial-hall-kansas-city-ks-usa: tickets=2 (found), photos=0 (empty)
2026-02-15 12:41:37,684 - INFO -   1979-02-10-soldiers-and-sailors-memorial-hall-kansas-city-ks-usa: tickets=2 (found), photos=0 (empty)
2026-02-15 12:41:38,691 - INFO -   1979-02-11-kiel-auditorium-st-louis-mo-usa: tickets=1 (found), photos=0 (empty)
2026-02-15 12:41:39,691 - INFO -   1979-02-17-oakland-alameda-county-coliseum-oakland-ca-usa: tickets=1 (found), photos=0 (empty)
2026-02-15 12:41:42,965 - INFO -   1979-04-22-spartan-stadium-san-jose-state-u-san-jose-ca-usa: tickets=3 (found), photos=2 (found)
2026-02-15 12:41:43,688 - INFO -   1979-05-03-charlotte-coliseum-charlotte-nc-usa: tickets=1 (found), photos=0 (empty)
2026-02-15 12:41:44,676 - INFO -   1979-05-04-hampton-coliseum-hampton-va-usa: tickets=1 (found), photos=0 (empty)
2026-02-15 12:41:45,669 - INFO -   1979-05-05-baltimore-civic-center-baltimore-md-usa: tickets=1 (found), photos=0 (empty)
2026-02-15 12:41:46,885 - INFO -   1979-05-07-allan-kirby-field-house-lafayette-college-easton-pa-usa: tickets=1 (found), photos=0 (empty)
2026-02-15 12:41:47,701 - INFO -   1979-05-08-recreation-hall-penn-state-u-state-college-pa-usa: tickets=1 (found), photos=0 (empty)
2026-02-15 12:41:49,695 - INFO -   1979-05-11-billerica-forum-billerica-ma-usa: tickets=1 (found), photos=0 (empty)
2026-02-15 12:41:50,702 - INFO -   1979-05-12-alumni-stadium-u-of-mass-amherst-ma-usa: tickets=2 (found), photos=0 (empty)
2026-02-15 12:41:51,695 - INFO -   1979-05-13-cumberland-county-civic-center-portland-me-usa: tickets=1 (found), photos=0 (empty)
2026-02-15 12:41:53,686 - INFO -   1979-06-30-portland-international-speedway-portland-or-usa: tickets=3 (found), photos=0 (empty)
2026-02-15 12:41:54,681 - INFO -   1979-07-01-seattle-center-coliseum-seattle-wa-usa: tickets=1 (found), photos=0 (empty)
2026-02-15 12:41:55,681 - INFO -   1979-08-04-oakland-auditorium-arena-oakland-ca-usa: tickets=1 (found), photos=0 (empty)
2026-02-15 12:41:57,691 - INFO -   1979-08-12-red-rocks-amphitheatre-morrison-co-usa: tickets=1 (found), photos=0 (empty)
2026-02-15 12:41:58,675 - INFO -   1979-08-13-mcnichols-sports-arena-denver-co-usa: tickets=1 (found), photos=0 (empty)
2026-02-15 12:41:59,687 - INFO -   1979-08-14-mcnichols-sports-arena-denver-co-usa: tickets=1 (found), photos=0 (empty)
2026-02-15 12:42:00,677 - INFO -   1979-08-31-glenns-falls-civic-center-glenns-falls-ny-usa: tickets=1 (found), photos=0 (empty)
2026-02-15 12:42:02,677 - INFO -   1979-09-02-augusta-civic-center-augusta-me-usa: tickets=1 (found), photos=0 (empty)
2026-02-15 12:42:03,668 - INFO -   1979-09-04-madison-square-garden-new-york-ny-usa: tickets=2 (found), photos=0 (empty)
2026-02-15 12:42:04,686 - INFO -   1979-09-05-madison-square-garden-new-york-ny-usa: tickets=4 (found), photos=0 (empty)
2026-02-15 12:42:05,688 - INFO -   1979-09-06-madison-square-garden-new-york-ny-usa: tickets=1 (found), photos=0 (empty)
2026-02-15 12:42:06,673 - INFO -   1979-10-24-springfield-civic-center-springfield-ma-usa: tickets=1 (found), photos=0 (empty)
2026-02-15 12:42:07,699 - INFO -   1979-10-25-veterans-memorial-coliseum-new-haven-ct-usa: tickets=1 (found), photos=0 (empty)
2026-02-15 12:42:08,681 - INFO -   1979-10-27-cape-cod-coliseum-south-yarmouth-ma-usa: tickets=2 (found), photos=0 (empty)
2026-02-15 12:42:09,666 - INFO -   1979-10-28-cape-cod-coliseum-south-yarmouth-ma-usa: tickets=2 (found), photos=0 (empty)
2026-02-15 12:42:10,676 - INFO -   1979-10-31-nassau-coliseum-uniondale-ny-usa: tickets=1 (found), photos=0 (empty)
2026-02-15 12:42:10,677 - INFO - Progress: 1150/2313 shows (1150 processed, 0 skipped, 0 errors) — 2477 shows/hour
2026-02-15 12:42:11,675 - INFO -   1979-11-01-nassau-coliseum-uniondale-ny-usa: tickets=2 (found), photos=0 (empty)
2026-02-15 12:42:12,732 - INFO -   1979-11-02-nassau-coliseum-uniondale-ny-usa: tickets=1 (found), photos=0 (empty)
2026-02-15 12:42:14,691 - INFO -   1979-11-05-the-spectrum-philadelphia-pa-usa: tickets=1 (found), photos=0 (empty)
2026-02-15 12:42:15,892 - INFO -   1979-11-06-the-spectrum-philadelphia-pa-usa: tickets=1 (found), photos=0 (empty)
2026-02-15 12:42:16,669 - INFO -   1979-11-08-capitol-centre-landover-md-usa: tickets=2 (found), photos=0 (empty)
2026-02-15 12:42:17,692 - INFO -   1979-11-09-community-war-memorial-auditorium-buffalo-ny-usa: tickets=1 (found), photos=0 (empty)
2026-02-15 12:42:18,671 - INFO -   1979-11-10-crisler-arena-ann-arbor-mi-usa: tickets=1 (found), photos=0 (empty)
2026-02-15 12:42:22,689 - INFO -   1979-11-29-cleveland-public-hall-cleveland-oh-usa: tickets=2 (found), photos=0 (empty)
2026-02-15 12:42:25,023 - INFO -   1979-11-30-stanley-theater-pittsburgh-pa-usa: tickets=2 (found), photos=1 (found)
2026-02-15 12:42:26,698 - INFO -   1979-12-03-uptown-theater-chicago-il-usa: tickets=1 (found), photos=0 (empty)
2026-02-15 12:42:27,716 - INFO -   1979-12-04-uptown-theater-chicago-il-usa: tickets=1 (found), photos=0 (empty)
2026-02-15 12:42:28,686 - INFO -   1979-12-05-uptown-theater-chicago-il-usa: tickets=1 (found), photos=0 (empty)
2026-02-15 12:42:30,914 - INFO -   1979-12-09-kiel-auditorium-st-louis-mo-usa: tickets=1 (found), photos=0 (empty)
2026-02-15 12:42:31,697 - INFO -   1979-12-10-soldiers-and-sailors-memorial-hall-kansas-city-ks-usa: tickets=1 (found), photos=0 (empty)
2026-02-15 12:42:32,688 - INFO -   1979-12-11-soldiers-and-sailors-memorial-hall-kansas-city-ks-usa: tickets=1 (found), photos=0 (empty)
2026-02-15 12:42:39,690 - INFO -   1980-03-30-capitol-theater-passaic-nj-usa: tickets=2 (found), photos=0 (empty)
2026-02-15 12:42:40,674 - INFO -   1980-03-31-capitol-theater-passaic-nj-usa: tickets=2 (found), photos=0 (empty)
2026-02-15 12:42:44,990 - INFO -   1980-04-01-capitol-theater-passaic-nj-usa: tickets=1 (found), photos=3 (found)
2026-02-15 12:42:48,713 - INFO -   1980-05-01-greensboro-coliseum-greensboro-nc-usa: tickets=1 (found), photos=0 (empty)
2026-02-15 12:42:49,677 - INFO -   1980-05-02-hampton-coliseum-hampton-va-usa: tickets=1 (found), photos=0 (empty)
2026-02-15 12:42:50,697 - INFO -   1980-05-04-baltimore-civic-center-baltimore-md-usa: tickets=1 (found), photos=0 (empty)
2026-02-15 12:42:51,704 - INFO -   1980-05-06-rec-hall-penn-state-u-state-college-pa-usa: tickets=1 (found), photos=0 (empty)
2026-02-15 12:42:53,784 - INFO -   1980-05-07-barton-hall-cornell-u-ithaca-ny-usa: tickets=2 (found), photos=1 (found)
2026-02-15 12:42:54,693 - INFO -   1980-05-08-glenns-falls-civic-center-glenns-falls-ny-usa: tickets=1 (found), photos=0 (empty)
2026-02-15 12:42:55,716 - INFO -   1980-05-10-hartford-civic-center-hartford-ct-usa: tickets=1 (found), photos=0 (empty)
2026-02-15 12:42:58,686 - INFO -   1980-05-14-nassau-coliseum-uniondale-ny-usa: tickets=1 (found), photos=0 (empty)
2026-02-15 12:42:59,711 - INFO -   1980-05-15-nassau-coliseum-uniondale-ny-usa: tickets=1 (found), photos=0 (empty)
2026-02-15 12:43:00,692 - INFO -   1980-05-16-nassau-coliseum-uniondale-ny-usa: tickets=2 (found), photos=0 (empty)
2026-02-15 12:43:01,712 - INFO -   1980-05-29-des-moines-civic-center-des-moines-ia-usa: tickets=1 (found), photos=0 (empty)
2026-02-15 12:43:02,693 - INFO -   1980-05-30-milwaukee-auditorium-milwaukee-wi-usa: tickets=1 (found), photos=0 (empty)
2026-02-15 12:43:03,720 - INFO -   1980-05-31-metropolitan-sports-center-minneapolis-mn-usa: tickets=1 (found), photos=0 (empty)
2026-02-15 12:43:04,686 - INFO -   1980-06-05-compton-terrace-amphitheatre-tempe-az-usa: tickets=1 (found), photos=0 (empty)
2026-02-15 12:43:05,684 - INFO -   1980-06-07-folsom-field-u-of-colorado-boulder-co-usa: tickets=2 (found), photos=0 (empty)
2026-02-15 12:43:05,684 - INFO - Progress: 1200/2313 shows (1200 processed, 0 skipped, 0 errors) — 2502 shows/hour
2026-02-15 12:43:06,703 - INFO -   1980-06-08-folsom-field-u-of-colorado-boulder-co-usa: tickets=2 (found), photos=0 (empty)
2026-02-15 12:43:07,694 - INFO -   1980-06-12-portland-memorial-coliseum-portland-or-usa: tickets=1 (found), photos=0 (empty)
2026-02-15 12:43:08,698 - INFO -   1980-06-13-seattle-center-coliseum-seattle-wa-usa: tickets=1 (found), photos=0 (empty)
2026-02-15 12:43:09,695 - INFO -   1980-06-14-spokane-coliseum-spokane-wa-usa: tickets=2 (found), photos=0 (empty)
2026-02-15 12:43:12,712 - INFO -   1980-06-21-west-high-auditorium-anchorage-ak-usa: tickets=1 (found), photos=0 (empty)
2026-02-15 12:43:13,697 - INFO -   1980-06-29-pauley-pavilion-ucla-los-angeles-ca-usa: tickets=1 (found), photos=0 (empty)
2026-02-15 12:43:15,699 - INFO -   1980-08-16-mississippi-river-festival-edwardsville-il-usa: tickets=1 (found), photos=0 (empty)
2026-02-15 12:43:18,700 - INFO -   1980-08-20-uptown-theater-chicago-il-usa: tickets=1 (found), photos=0 (empty)
2026-02-15 12:43:19,686 - INFO -   1980-08-21-uptown-theater-chicago-il-usa: tickets=1 (found), photos=0 (empty)
2026-02-15 12:43:20,686 - INFO -   1980-08-23-alpine-valley-music-theatre-east-troy-wi-usa: tickets=2 (found), photos=0 (empty)
2026-02-15 12:43:23,685 - INFO -   1980-08-27-pine-knob-music-theater-clarkston-mi-usa: tickets=1 (found), photos=0 (empty)
2026-02-15 12:43:24,683 - INFO -   1980-08-29-the-spectrum-philadelphia-pa-usa: tickets=1 (found), photos=0 (empty)
2026-02-15 12:43:25,700 - INFO -   1980-08-30-the-spectrum-philadelphia-pa-usa: tickets=1 (found), photos=0 (empty)
2026-02-15 12:43:26,692 - INFO -   1980-08-31-capitol-centre-landover-md-usa: tickets=1 (found), photos=0 (empty)
2026-02-15 12:43:27,713 - INFO -   1980-09-02-community-war-memorial-auditorium-rochester-ny-usa: tickets=1 (found), photos=0 (empty)
2026-02-15 12:43:28,705 - INFO -   1980-09-03-springfield-civic-center-springfield-ma-usa: tickets=1 (found), photos=0 (empty)
2026-02-15 12:43:29,701 - INFO -   1980-09-04-providence-civic-center-providence-ri-usa: tickets=1 (found), photos=0 (empty)
2026-02-15 12:43:30,699 - INFO -   1980-09-06-state-fairgrounds-lewiston-me-usa: tickets=1 (found), photos=0 (empty)
2026-02-15 12:43:31,709 - INFO -   1980-09-25-warfield-theater-san-francisco-ca-usa: tickets=3 (found), photos=0 (empty)
2026-02-15 12:43:32,712 - INFO -   1980-09-26-warfield-theater-san-francisco-ca-usa: tickets=2 (found), photos=0 (empty)
2026-02-15 12:43:34,563 - INFO -   1980-09-27-warfield-theater-san-francisco-ca-usa: tickets=2 (found), photos=1 (found)
2026-02-15 12:43:35,685 - INFO -   1980-09-29-warfield-theater-san-francisco-ca-usa: tickets=2 (found), photos=0 (empty)
2026-02-15 12:43:36,705 - INFO -   1980-09-30-warfield-theater-san-francisco-ca-usa: tickets=1 (found), photos=0 (empty)
2026-02-15 12:43:37,722 - INFO -   1980-10-02-warfield-theater-san-francisco-ca-usa: tickets=2 (found), photos=0 (empty)
2026-02-15 12:43:38,714 - INFO -   1980-10-03-warfield-theater-san-francisco-ca-usa: tickets=2 (found), photos=0 (empty)
2026-02-15 12:43:39,679 - INFO -   1980-10-04-warfield-theater-san-francisco-ca-usa: tickets=2 (found), photos=0 (empty)
2026-02-15 12:43:40,699 - INFO -   1980-10-06-warfield-theater-san-francisco-ca-usa: tickets=2 (found), photos=0 (empty)
2026-02-15 12:43:41,710 - INFO -   1980-10-07-warfield-theater-san-francisco-ca-usa: tickets=2 (found), photos=0 (empty)
2026-02-15 12:43:42,691 - INFO -   1980-10-09-warfield-theater-san-francisco-ca-usa: tickets=2 (found), photos=0 (empty)
2026-02-15 12:43:43,697 - INFO -   1980-10-10-warfield-theater-san-francisco-ca-usa: tickets=1 (found), photos=0 (empty)
2026-02-15 12:43:44,684 - INFO -   1980-10-11-warfield-theater-san-francisco-ca-usa: tickets=1 (found), photos=0 (empty)
2026-02-15 12:43:45,708 - INFO -   1980-10-13-warfield-theater-san-francisco-ca-usa: tickets=2 (found), photos=0 (empty)
2026-02-15 12:43:46,703 - INFO -   1980-10-14-warfield-theater-san-francisco-ca-usa: tickets=1 (found), photos=0 (empty)
2026-02-15 12:43:47,680 - INFO -   1980-10-18-saenger-performing-arts-center-new-orleans-la-usa: tickets=1 (found), photos=0 (empty)
2026-02-15 12:43:49,704 - INFO -   1980-10-22-radio-city-music-hall-new-york-ny-usa: tickets=2 (found), photos=0 (empty)
2026-02-15 12:43:50,740 - INFO -   1980-10-23-radio-city-music-hall-new-york-ny-usa: tickets=2 (found), photos=0 (empty)
2026-02-15 12:43:51,691 - INFO -   1980-10-25-radio-city-music-hall-new-york-ny-usa: tickets=2 (found), photos=0 (empty)
2026-02-15 12:43:52,938 - INFO -   1980-10-26-radio-city-music-hall-new-york-ny-usa: tickets=1 (found), photos=0 (empty)
2026-02-15 12:43:54,097 - INFO -   1980-10-27-radio-city-music-hall-new-york-ny-usa: tickets=2 (found), photos=0 (empty)
2026-02-15 12:43:55,043 - INFO -   1980-10-29-radio-city-music-hall-new-york-ny-usa: tickets=1 (found), photos=0 (empty)
2026-02-15 12:43:56,012 - INFO -   1980-10-30-radio-city-music-hall-new-york-ny-usa: tickets=2 (found), photos=0 (empty)
2026-02-15 12:43:56,899 - INFO -   1980-10-31-radio-city-music-hall-new-york-ny-usa: tickets=2 (found), photos=0 (empty)
2026-02-15 12:43:56,899 - INFO - Progress: 1250/2313 shows (1250 processed, 0 skipped, 0 errors) — 2531 shows/hour
2026-02-15 12:43:57,973 - INFO -   1980-11-26-the-sportatorium-pembroke-pines-fl-usa: tickets=2 (found), photos=0 (empty)
2026-02-15 12:43:59,141 - INFO -   1980-11-28-lakeland-civic-center-lakeland-fl-usa: tickets=1 (found), photos=0 (empty)
2026-02-15 12:44:03,039 - INFO -   1980-11-29-alligator-alley-gym-u-of-florida-gainesville-fl-usa: tickets=1 (found), photos=3 (found)
2026-02-15 12:44:08,696 - INFO -   1980-12-26-oakland-auditorium-arena-oakland-ca-usa: tickets=1 (found), photos=0 (empty)
2026-02-15 12:44:09,685 - INFO -   1980-12-27-oakland-auditorium-arena-oakland-ca-usa: tickets=1 (found), photos=0 (empty)
2026-02-15 12:44:10,685 - INFO -   1980-12-28-oakland-auditorium-arena-oakland-ca-usa: tickets=1 (found), photos=0 (empty)
2026-02-15 12:44:11,729 - INFO -   1980-12-30-oakland-auditorium-arena-oakland-ca-usa: tickets=1 (found), photos=0 (empty)
2026-02-15 12:44:12,683 - INFO -   1980-12-31-oakland-auditorium-arena-oakland-ca-usa: tickets=1 (found), photos=0 (empty)
2026-02-15 12:44:15,699 - INFO -   1981-02-28-uptown-theater-chicago-il-usa: tickets=1 (found), photos=0 (empty)
2026-02-15 12:44:18,690 - INFO -   1981-03-05-stanley-theater-pittsburgh-pa-usa: tickets=1 (found), photos=0 (empty)
2026-02-15 12:44:19,698 - INFO -   1981-03-06-stanley-theater-pittsburgh-pa-usa: tickets=1 (found), photos=0 (empty)
2026-02-15 12:44:20,705 - INFO -   1981-03-07-cole-field-house-u-of-maryland-college-park-md-usa: tickets=1 (found), photos=0 (empty)
2026-02-15 12:44:21,700 - INFO -   1981-03-09-madison-square-garden-new-york-ny-usa: tickets=3 (found), photos=0 (empty)
2026-02-15 12:44:22,721 - INFO -   1981-03-10-madison-square-garden-new-york-ny-usa: tickets=2 (found), photos=0 (empty)
2026-02-15 12:44:24,697 - INFO -   1981-03-13-utica-memorial-auditorium-utica-ny-usa: tickets=3 (found), photos=0 (empty)
2026-02-15 12:44:25,692 - INFO -   1981-03-14-veterans-memorial-coliseum-hartford-ct-usa: tickets=2 (found), photos=0 (empty)
2026-02-15 12:44:26,695 - INFO -   1981-03-20-rainbow-theatre-london-england: tickets=1 (found), photos=0 (empty)
2026-02-15 12:44:27,710 - INFO -   1981-03-21-rainbow-theatre-london-england: tickets=1 (found), photos=0 (empty)
2026-02-15 12:44:28,739 - INFO -   1981-03-23-rainbow-theatre-london-england: tickets=1 (found), photos=0 (empty)
2026-02-15 12:44:30,706 - INFO -   1981-03-28-gruga-halle-essen-germany: tickets=2 (found), photos=0 (empty)
2026-02-15 12:44:31,689 - INFO -   1981-04-30-greensboro-coliseum-greensboro-nc-usa: tickets=1 (found), photos=0 (empty)
2026-02-15 12:44:32,692 - INFO -   1981-05-01-hampton-coliseum-hampton-va-usa: tickets=1 (found), photos=0 (empty)
2026-02-15 12:44:33,696 - INFO -   1981-05-02-the-spectrum-philadelphia-pa-usa: tickets=2 (found), photos=0 (empty)
2026-02-15 12:44:34,695 - INFO -   1981-05-04-the-spectrum-philadelphia-pa-usa: tickets=2 (found), photos=0 (empty)
2026-02-15 12:44:35,696 - INFO -   1981-05-05-glenns-falls-civic-center-glenns-falls-ny-usa: tickets=2 (found), photos=0 (empty)
2026-02-15 12:44:37,855 - INFO -   1981-05-06-nassau-coliseum-uniondale-ny-usa: tickets=0 (empty), photos=1 (found)
2026-02-15 12:44:41,539 - INFO -   1981-05-08-nassau-coliseum-uniondale-ny-usa: tickets=2 (found), photos=2 (found)
2026-02-15 12:44:43,540 - INFO -   1981-05-09-nassau-coliseum-uniondale-ny-usa: tickets=1 (found), photos=1 (found)
2026-02-15 12:44:44,715 - INFO -   1981-05-11-veterans-memorial-coliseum-new-haven-ct-usa: tickets=1 (found), photos=0 (empty)
2026-02-15 12:44:45,692 - INFO -   1981-05-12-veterans-memorial-coliseum-new-haven-ct-usa: tickets=1 (found), photos=0 (empty)
2026-02-15 12:44:46,709 - INFO -   1981-05-13-providence-civic-center-providence-ri-usa: tickets=1 (found), photos=0 (empty)
2026-02-15 12:44:47,711 - INFO -   1981-05-15-athletic-center-rutgers-u-new-brunswick-nj-usa: tickets=3 (found), photos=0 (empty)
2026-02-15 12:44:48,721 - INFO -   1981-05-16-barton-hall-cornell-u-ithaca-ny-usa: tickets=1 (found), photos=0 (empty)
2026-02-15 12:44:49,709 - INFO -   1981-05-17-onondaga-county-war-memorial-syracuse-ny-usa: tickets=1 (found), photos=0 (empty)
2026-02-15 12:44:51,759 - INFO -   1981-07-02-the-summit-houston-tx-usa: tickets=2 (found), photos=0 (empty)
2026-02-15 12:44:52,743 - INFO -   1981-07-04-manor-downs-austin-tx-usa: tickets=1 (found), photos=0 (empty)
2026-02-15 12:44:55,064 - INFO -   1981-07-05-zoo-amphitheater-oklahoma-city-ok-usa: tickets=1 (found), photos=1 (found)
2026-02-15 12:44:55,064 - INFO - Progress: 1300/2313 shows (1300 processed, 0 skipped, 0 errors) — 2549 shows/hour
2026-02-15 12:44:57,048 - INFO -   1981-07-08-kiel-auditorium-st-louis-mo-usa: tickets=2 (found), photos=0 (empty)
2026-02-15 12:44:57,732 - INFO -   1981-07-10-st-paul-civic-center-st-paul-mn-usa: tickets=2 (found), photos=0 (empty)
2026-02-15 12:44:58,985 - INFO -   1981-07-11-alpine-valley-music-theatre-east-troy-wi-usa: tickets=2 (found), photos=0 (empty)
2026-02-15 12:45:00,756 - INFO -   1981-07-14-mcnichols-sports-arena-denver-co-usa: tickets=2 (found), photos=0 (empty)
2026-02-15 12:45:01,773 - INFO -   1981-08-12-salt-palace-salt-lake-city-ut-usa: tickets=1 (found), photos=0 (empty)
2026-02-15 12:45:02,778 - INFO -   1981-08-14-seattle-center-coliseum-seattle-wa-usa: tickets=2 (found), photos=0 (empty)
2026-02-15 12:45:03,850 - INFO -   1981-08-15-portland-memorial-coliseum-portland-or-usa: tickets=2 (found), photos=0 (empty)
2026-02-15 12:45:05,072 - INFO -   1981-08-16-mcarthur-court-u-of-oregon-eugene-or-usa: tickets=2 (found), photos=0 (empty)
2026-02-15 12:45:07,759 - INFO -   1981-08-30-compton-terrace-amphitheatre-tempe-az-usa: tickets=2 (found), photos=0 (empty)
2026-02-15 12:45:08,755 - INFO -   1981-08-31-aladdin-theater-las-vegas-nv-usa: tickets=2 (found), photos=0 (empty)
2026-02-15 12:45:09,759 - INFO -   1981-09-11-greek-theatre-berkeley-ca: tickets=2 (found), photos=0 (empty)
2026-02-15 12:45:10,738 - INFO -   1981-09-12-greek-theatre-berkeley-ca: tickets=1 (found), photos=0 (empty)
2026-02-15 12:45:11,741 - INFO -   1981-09-13-greek-theatre-berkeley-ca: tickets=2 (found), photos=0 (empty)
2026-02-15 12:45:12,747 - INFO -   1981-09-25-stabler-arena-lehigh-u-bethlehem-pa-usa: tickets=2 (found), photos=0 (empty)
2026-02-15 12:45:13,728 - INFO -   1981-09-26-community-war-memorial-auditorium-buffalo-ny-usa: tickets=2 (found), photos=0 (empty)
2026-02-15 12:45:14,717 - INFO -   1981-09-27-capitol-centre-landover-md-usa: tickets=1 (found), photos=0 (empty)
2026-02-15 12:45:15,770 - INFO -   1981-09-30-playhouse-theater-edinburgh-scotland: tickets=1 (found), photos=0 (empty)
2026-02-15 12:45:16,772 - INFO -   1981-10-02-rainbow-theatre-london-england: tickets=1 (found), photos=0 (empty)
2026-02-15 12:45:17,764 - INFO -   1981-10-03-rainbow-theatre-london-england: tickets=1 (found), photos=0 (empty)
2026-02-15 12:45:18,692 - INFO -   1981-10-04-rainbow-theatre-london-england: tickets=1 (found), photos=0 (empty)
2026-02-15 12:45:19,708 - INFO -   1981-10-06-rainbow-theatre-london-england: tickets=1 (found), photos=0 (empty)
2026-02-15 12:45:20,714 - INFO -   1981-10-08-forum-theater-copenhagen-denmark: tickets=1 (found), photos=0 (empty)
2026-02-15 12:45:21,710 - INFO -   1981-10-10-stadthalle-bremen-germany: tickets=1 (found), photos=0 (empty)
2026-02-15 12:45:22,702 - INFO -   1981-10-12-olympia-halle-munich-germany: tickets=1 (found), photos=0 (empty)
2026-02-15 12:45:25,044 - INFO -   1981-10-13-walter-koebel-halle-russelsheim-germany: tickets=1 (found), photos=1 (found)
2026-02-15 12:45:27,736 - INFO -   1981-10-17-the-hippodrome-paris-france: tickets=1 (found), photos=0 (empty)
2026-02-15 12:45:28,722 - INFO -   1981-10-19-sports-palace-barcelona-spain: tickets=1 (found), photos=0 (empty)
2026-02-15 12:45:29,705 - INFO -   1981-11-29-civic-arena-pittsburgh-pa-usa: tickets=1 (found), photos=0 (empty)
2026-02-15 12:45:30,740 - INFO -   1981-11-30-hara-arena-dayton-oh-usa: tickets=2 (found), photos=0 (empty)
2026-02-15 12:45:31,697 - INFO -   1981-12-02-assembly-hall-u-of-illinois-champaign-il-usa: tickets=2 (found), photos=0 (empty)
2026-02-15 12:45:32,735 - INFO -   1981-12-03-dane-county-coliseum-madison-wi-usa: tickets=2 (found), photos=0 (empty)
2026-02-15 12:45:33,736 - INFO -   1981-12-05-market-square-arena-indianapolis-in-usa: tickets=2 (found), photos=0 (empty)
2026-02-15 12:45:34,744 - INFO -   1981-12-06-rosemont-horizon-rosemont-il-usa: tickets=2 (found), photos=0 (empty)
2026-02-15 12:45:35,742 - INFO -   1981-12-07-des-moines-civic-center-des-moines-ia-usa: tickets=1 (found), photos=0 (empty)
2026-02-15 12:45:36,762 - INFO -   1981-12-09-events-center-u-of-colorado-boulder-co-usa: tickets=2 (found), photos=0 (empty)
2026-02-15 12:45:42,718 - INFO -   1981-12-31-oakland-auditorium-arena-oakland-ca-usa: tickets=1 (found), photos=0 (empty)
2026-02-15 12:45:43,729 - INFO -   1982-02-16-warfield-theater-san-francisco-ca-usa: tickets=1 (found), photos=0 (empty)
2026-02-15 12:45:44,723 - INFO -   1982-02-17-warfield-theater-san-francisco-ca-usa: tickets=1 (found), photos=0 (empty)
2026-02-15 12:45:45,849 - INFO - Progress: 1350/2313 shows (1350 processed, 0 skipped, 0 errors) — 2576 shows/hour
2026-02-15 12:45:47,723 - INFO -   1982-02-21-pauley-pavilion-ucla-los-angeles-ca-usa: tickets=1 (found), photos=0 (empty)
2026-02-15 12:45:48,723 - INFO -   1982-03-13-reno-centennial-coliseum-reno-nv-usa: tickets=1 (found), photos=0 (empty)
2026-02-15 12:45:49,747 - INFO -   1982-03-14-recreation-hall-uc-davis-davis-ca: tickets=2 (found), photos=0 (empty)
2026-02-15 12:45:50,733 - INFO -   1982-04-02-cameron-indoor-stadium-duke-u-durham-nc-usa: tickets=1 (found), photos=0 (empty)
2026-02-15 12:45:51,736 - INFO -   1982-04-03-the-scope-norfolk-va-usa: tickets=2 (found), photos=0 (empty)
2026-02-15 12:45:52,745 - INFO -   1982-04-05-the-spectrum-philadelphia-pa-usa: tickets=2 (found), photos=0 (empty)
2026-02-15 12:45:53,726 - INFO -   1982-04-06-the-spectrum-philadelphia-pa-usa: tickets=2 (found), photos=0 (empty)
2026-02-15 12:45:54,724 - INFO -   1982-04-08-onondaga-county-war-memorial-syracuse-ny-usa: tickets=2 (found), photos=0 (empty)
2026-02-15 12:45:55,750 - INFO -   1982-04-09-community-war-memorial-auditorium-rochester-ny-usa: tickets=2 (found), photos=0 (empty)
2026-02-15 12:45:56,733 - INFO -   1982-04-11-nassau-coliseum-uniondale-ny-usa: tickets=3 (found), photos=0 (empty)
2026-02-15 12:45:57,754 - INFO -   1982-04-12-nassau-coliseum-uniondale-ny-usa: tickets=2 (found), photos=0 (empty)
2026-02-15 12:45:58,744 - INFO -   1982-04-14-glenns-falls-civic-center-glenns-falls-ny-usa: tickets=2 (found), photos=0 (empty)
2026-02-15 12:45:59,753 - INFO -   1982-04-15-providence-civic-center-providence-ri-usa: tickets=2 (found), photos=0 (empty)
2026-02-15 12:46:00,734 - INFO -   1982-04-17-hartford-civic-center-hartford-ct-usa: tickets=2 (found), photos=0 (empty)
2026-02-15 12:46:01,951 - INFO -   1982-04-18-hartford-civic-center-hartford-ct-usa: tickets=2 (found), photos=0 (empty)
2026-02-15 12:46:02,750 - INFO -   1982-04-19-baltimore-civic-center-baltimore-md-usa: tickets=1 (found), photos=0 (empty)
2026-02-15 12:46:03,741 - INFO -   1982-05-21-greek-theatre-berkeley-ca: tickets=2 (found), photos=0 (empty)
2026-02-15 12:46:04,744 - INFO -   1982-05-22-greek-theatre-berkeley-ca: tickets=2 (found), photos=0 (empty)
2026-02-15 12:46:05,759 - INFO -   1982-05-23-greek-theatre-berkeley-ca: tickets=2 (found), photos=0 (empty)
2026-02-15 12:46:06,761 - INFO -   1982-05-28-moscone-convention-center-san-francisco-ca-usa: tickets=1 (found), photos=0 (empty)
2026-02-15 12:46:07,768 - INFO -   1982-07-17-ventura-county-fairgrounds-ventura-ca-usa: tickets=2 (found), photos=0 (empty)
2026-02-15 12:46:08,751 - INFO -   1982-07-18-ventura-county-fairgrounds-ventura-ca-usa: tickets=1 (found), photos=0 (empty)
2026-02-15 12:46:09,745 - INFO -   1982-07-25-compton-terrace-amphitheatre-tempe-az-usa: tickets=2 (found), photos=0 (empty)
2026-02-15 12:46:10,750 - INFO -   1982-07-27-red-rocks-amphitheatre-morrison-co-usa: tickets=2 (found), photos=0 (empty)
2026-02-15 12:46:11,755 - INFO -   1982-07-28-red-rocks-amphitheatre-morrison-co-usa: tickets=2 (found), photos=0 (empty)
2026-02-15 12:46:12,749 - INFO -   1982-07-29-red-rocks-amphitheatre-morrison-co-usa: tickets=1 (found), photos=0 (empty)
2026-02-15 12:46:13,763 - INFO -   1982-07-31-manor-downs-austin-tx-usa: tickets=1 (found), photos=0 (empty)
2026-02-15 12:46:14,760 - INFO -   1982-08-01-zoo-amphitheater-oklahoma-city-ok-usa: tickets=1 (found), photos=0 (empty)
2026-02-15 12:46:15,802 - INFO -   1982-08-03-starlight-theater-kansas-city-mo-usa: tickets=3 (found), photos=0 (empty)
2026-02-15 12:46:16,735 - INFO -   1982-08-04-kiel-auditorium-st-louis-mo-usa: tickets=2 (found), photos=0 (empty)
2026-02-15 12:46:17,761 - INFO -   1982-08-06-st-paul-civic-center-st-paul-mn-usa: tickets=2 (found), photos=0 (empty)
2026-02-15 12:46:18,721 - INFO -   1982-08-07-alpine-valley-music-theatre-east-troy-wi-usa: tickets=2 (found), photos=0 (empty)
2026-02-15 12:46:19,740 - INFO -   1982-08-08-alpine-valley-music-theatre-east-troy-wi-usa: tickets=2 (found), photos=0 (empty)
2026-02-15 12:46:20,774 - INFO -   1982-08-10-fieldhouse-u-of-iowa-iowa-city-ia-usa: tickets=1 (found), photos=0 (empty)
2026-02-15 12:46:21,755 - INFO -   1982-08-28-oregon-county-fair-veneta-or-usa: tickets=1 (found), photos=0 (empty)
2026-02-15 12:46:22,767 - INFO -   1982-08-29-seattle-center-coliseum-seattle-wa-usa: tickets=1 (found), photos=0 (empty)
2026-02-15 12:46:23,742 - INFO -   1982-09-05-glen-helen-regional-park-devore-ca-usa: tickets=1 (found), photos=0 (empty)
2026-02-15 12:46:24,756 - INFO -   1982-09-09-saenger-performing-arts-center-new-orleans-la-usa: tickets=2 (found), photos=0 (empty)
2026-02-15 12:46:25,743 - INFO -   1982-09-11-west-palm-beach-auditorium-west-palm-beach-fl-usa: tickets=1 (found), photos=0 (empty)
2026-02-15 12:46:26,746 - INFO -   1982-09-12-lakeland-civic-center-lakeland-fl-usa: tickets=1 (found), photos=0 (empty)
2026-02-15 12:46:27,757 - INFO -   1982-09-14-u-of-virginia-charlottesville-va-usa: tickets=1 (found), photos=0 (empty)
2026-02-15 12:46:28,759 - INFO -   1982-09-15-capitol-centre-landover-md-usa: tickets=2 (found), photos=0 (empty)
2026-02-15 12:46:29,749 - INFO -   1982-09-17-cumberland-county-civic-center-portland-me-usa: tickets=2 (found), photos=0 (empty)
2026-02-15 12:46:30,741 - INFO -   1982-09-18-boston-garden-boston-ma-usa: tickets=1 (found), photos=0 (empty)
2026-02-15 12:46:31,752 - INFO -   1982-09-20-madison-square-garden-new-york-ny-usa: tickets=2 (found), photos=0 (empty)
2026-02-15 12:46:32,767 - INFO -   1982-09-21-madison-square-garden-new-york-ny-usa: tickets=3 (found), photos=0 (empty)
2026-02-15 12:46:33,763 - INFO -   1982-09-23-veterans-memorial-coliseum-new-haven-ct-usa: tickets=2 (found), photos=0 (empty)
2026-02-15 12:46:34,767 - INFO -   1982-09-24-carrier-dome-syracuse-u-syracuse-ny-usa: tickets=2 (found), photos=0 (empty)
2026-02-15 12:46:35,756 - INFO -   1982-10-09-frost-amphitheatre-palo-alto-ca-usa: tickets=1 (found), photos=0 (empty)
2026-02-15 12:46:35,757 - INFO - Progress: 1400/2313 shows (1400 processed, 0 skipped, 0 errors) — 2603 shows/hour
2026-02-15 12:46:36,775 - INFO -   1982-10-10-frost-amphitheatre-palo-alto-ca-usa: tickets=1 (found), photos=0 (empty)
2026-02-15 12:46:37,757 - INFO -   1982-10-17-santa-fe-downs-santa-fe-nm-usa: tickets=1 (found), photos=0 (empty)
2026-02-15 12:46:39,819 - INFO -   1982-11-26-bob-marley-performing-arts-center-montego-bay-jamaica: tickets=0 (empty), photos=1 (found)
2026-02-15 12:46:40,770 - INFO -   1982-12-26-oakland-auditorium-arena-oakland-ca-usa: tickets=2 (found), photos=0 (empty)
2026-02-15 12:46:41,764 - INFO -   1982-12-27-oakland-auditorium-arena-oakland-ca-usa: tickets=2 (found), photos=0 (empty)
2026-02-15 12:46:42,778 - INFO -   1982-12-28-oakland-auditorium-arena-oakland-ca-usa: tickets=2 (found), photos=0 (empty)
2026-02-15 12:46:43,761 - INFO -   1982-12-30-oakland-auditorium-arena-oakland-ca-usa: tickets=2 (found), photos=0 (empty)
2026-02-15 12:46:44,761 - INFO -   1982-12-31-oakland-auditorium-arena-oakland-ca-usa: tickets=2 (found), photos=0 (empty)
2026-02-15 12:46:45,767 - INFO -   1983-03-25-compton-terrace-amphitheatre-tempe-az-usa: tickets=1 (found), photos=0 (empty)
2026-02-15 12:46:46,757 - INFO -   1983-03-26-aladdin-theater-las-vegas-nv-usa: tickets=1 (found), photos=0 (empty)
2026-02-15 12:46:47,776 - INFO -   1983-03-27-irvine-meadows-irvine-ca-usa: tickets=1 (found), photos=0 (empty)
2026-02-15 12:46:50,075 - INFO -   1983-03-29-warfield-theater-san-francisco-ca-usa: tickets=1 (found), photos=1 (found)
2026-02-15 12:46:50,741 - INFO -   1983-03-30-warfield-theater-san-francisco-ca-usa: tickets=1 (found), photos=0 (empty)
2026-02-15 12:46:51,759 - INFO -   1983-03-31-warfield-theater-san-francisco-ca-usa: tickets=1 (found), photos=0 (empty)
2026-02-15 12:46:52,713 - INFO -   1983-04-09-hampton-coliseum-hampton-va-usa: tickets=1 (found), photos=0 (empty)
2026-02-15 12:46:53,711 - INFO -   1983-04-10-morgantown-civic-center-morgantown-wv-usa: tickets=1 (found), photos=0 (empty)
2026-02-15 12:46:56,769 - INFO -   1983-04-15-community-war-memorial-auditorium-rochester-ny-usa: tickets=1 (found), photos=0 (empty)
2026-02-15 12:46:57,774 - INFO -   1983-04-16-meadowlands-arena-east-rutherford-nj-usa: tickets=1 (found), photos=0 (empty)
2026-02-15 12:46:58,793 - INFO -   1983-04-17-meadowlands-arena-east-rutherford-nj-usa: tickets=1 (found), photos=0 (empty)
2026-02-15 12:46:59,753 - INFO -   1983-04-19-alfond-arena-u-of-maine-orono-me-usa: tickets=1 (found), photos=0 (empty)
2026-02-15 12:47:00,775 - INFO -   1983-04-20-providence-civic-center-providence-ri-usa: tickets=1 (found), photos=0 (empty)
2026-02-15 12:47:01,784 - INFO -   1983-04-22-veterans-memorial-coliseum-new-haven-ct-usa: tickets=1 (found), photos=0 (empty)
2026-02-15 12:47:02,768 - INFO -   1983-04-23-veterans-memorial-coliseum-new-haven-ct-usa: tickets=1 (found), photos=0 (empty)
2026-02-15 12:47:03,805 - INFO -   1983-04-25-the-spectrum-philadelphia-pa-usa: tickets=1 (found), photos=0 (empty)
2026-02-15 12:47:04,770 - INFO -   1983-04-26-the-spectrum-philadelphia-pa-usa: tickets=1 (found), photos=0 (empty)
2026-02-15 12:47:05,785 - INFO -   1983-05-13-greek-theatre-berkeley-ca: tickets=1 (found), photos=0 (empty)
2026-02-15 12:47:06,741 - INFO -   1983-05-14-greek-theatre-berkeley-ca: tickets=2 (found), photos=0 (empty)
2026-02-15 12:47:07,824 - INFO -   1983-05-15-greek-theatre-berkeley-ca: tickets=3 (found), photos=0 (empty)
2026-02-15 12:47:08,717 - INFO -   1983-06-18-saratoga-performing-arts-center-saratoga-springs-ny-usa: tickets=2 (found), photos=0 (empty)
2026-02-15 12:47:09,768 - INFO -   1983-06-20-merriweather-post-pavilion-columbia-md-usa: tickets=2 (found), photos=0 (empty)
2026-02-15 12:47:10,797 - INFO -   1983-06-21-merriweather-post-pavilion-columbia-md-usa: tickets=2 (found), photos=0 (empty)
2026-02-15 12:47:11,777 - INFO -   1983-06-22-city-island-harrisburg-pa-usa: tickets=2 (found), photos=0 (empty)
2026-02-15 12:47:12,767 - INFO -   1983-06-24-dane-county-coliseum-madison-wi-usa: tickets=2 (found), photos=0 (empty)
2026-02-15 12:47:13,762 - INFO -   1983-06-25-st-paul-civic-center-st-paul-mn-usa: tickets=2 (found), photos=0 (empty)
2026-02-15 12:47:14,783 - INFO -   1983-06-27-poplar-creek-music-theater-hofman-estates-il-usa: tickets=2 (found), photos=0 (empty)
2026-02-15 12:47:15,772 - INFO -   1983-06-28-poplar-creek-music-theater-hofman-estates-il-usa: tickets=2 (found), photos=0 (empty)
2026-02-15 12:47:16,725 - INFO -   1983-07-30-ventura-county-fairgrounds-ventura-ca-usa: tickets=1 (found), photos=0 (empty)
2026-02-15 12:47:17,723 - INFO -   1983-07-31-ventura-county-fairgrounds-ventura-ca-usa: tickets=1 (found), photos=0 (empty)
2026-02-15 12:47:18,722 - INFO -   1983-08-20-frost-amphitheatre-palo-alto-ca-usa: tickets=3 (found), photos=0 (empty)
2026-02-15 12:47:19,791 - INFO -   1983-08-21-frost-amphitheatre-palo-alto-ca-usa: tickets=2 (found), photos=0 (empty)
2026-02-15 12:47:20,782 - INFO -   1983-08-26-portland-memorial-coliseum-portland-or-usa: tickets=2 (found), photos=0 (empty)
2026-02-15 12:47:21,775 - INFO -   1983-08-27-seattle-center-coliseum-seattle-wa-usa: tickets=2 (found), photos=0 (empty)
2026-02-15 12:47:22,786 - INFO -   1983-08-29-silva-hall-hult-center-eugene-or-usa: tickets=2 (found), photos=0 (empty)
2026-02-15 12:47:23,786 - INFO -   1983-08-30-silva-hall-hult-center-eugene-or-usa: tickets=3 (found), photos=0 (empty)
2026-02-15 12:47:25,007 - INFO -   1983-08-31-silva-hall-hult-center-eugene-or-usa: tickets=2 (found), photos=0 (empty)
2026-02-15 12:47:25,770 - INFO -   1983-09-02-boise-pavillion-boise-state-u-boise-id-usa: tickets=2 (found), photos=0 (empty)
2026-02-15 12:47:26,785 - INFO -   1983-09-04-park-west-ski-resort-park-city-ut-usa: tickets=1 (found), photos=0 (empty)
2026-02-15 12:47:27,770 - INFO -   1983-09-06-red-rocks-amphitheatre-morrison-co-usa: tickets=2 (found), photos=0 (empty)
2026-02-15 12:47:27,770 - INFO - Progress: 1450/2313 shows (1450 processed, 0 skipped, 0 errors) — 2625 shows/hour
2026-02-15 12:47:28,794 - INFO -   1983-09-07-red-rocks-amphitheatre-morrison-co-usa: tickets=2 (found), photos=0 (empty)
2026-02-15 12:47:29,767 - INFO -   1983-09-08-red-rocks-amphitheatre-morrison-co-usa: tickets=2 (found), photos=0 (empty)
2026-02-15 12:47:32,001 - INFO -   1983-09-10-santa-fe-downs-santa-fe-nm-usa: tickets=2 (found), photos=1 (found)
2026-02-15 12:47:32,719 - INFO -   1983-09-11-santa-fe-downs-santa-fe-nm-usa: tickets=2 (found), photos=0 (empty)
2026-02-15 12:47:33,774 - INFO -   1983-09-13-manor-downs-austin-tx-usa: tickets=1 (found), photos=0 (empty)
2026-02-15 12:47:34,737 - INFO -   1983-09-18-nevada-county-fairgrounds-grass-valley-ca-usa: tickets=1 (found), photos=0 (empty)
2026-02-15 12:47:35,780 - INFO -   1983-09-24-santa-cruz-county-fairgrounds-watsonville-ca-usa: tickets=2 (found), photos=0 (empty)
2026-02-15 12:47:36,778 - INFO -   1983-10-08-richmond-coliseum-richmond-va-usa: tickets=2 (found), photos=0 (empty)
2026-02-15 12:47:37,779 - INFO -   1983-10-09-greensboro-coliseum-greensboro-nc-usa: tickets=1 (found), photos=0 (empty)
2026-02-15 12:47:38,750 - INFO -   1983-10-11-madison-square-garden-new-york-ny-usa: tickets=2 (found), photos=0 (empty)
2026-02-15 12:47:39,771 - INFO -   1983-10-12-madison-square-garden-new-york-ny-usa: tickets=2 (found), photos=0 (empty)
2026-02-15 12:47:40,782 - INFO -   1983-10-14-hartford-civic-center-hartford-ct-usa: tickets=2 (found), photos=0 (empty)
2026-02-15 12:47:41,792 - INFO -   1983-10-15-hartford-civic-center-hartford-ct-usa: tickets=2 (found), photos=0 (empty)
2026-02-15 12:47:42,852 - INFO -   1983-10-17-olympic-center-lake-placid-ny-usa: tickets=2 (found), photos=0 (empty)
2026-02-15 12:47:43,771 - INFO -   1983-10-18-cumberland-county-civic-center-portland-me-usa: tickets=1 (found), photos=0 (empty)
2026-02-15 12:47:44,742 - INFO -   1983-10-20-the-centrum-worcester-ma-usa: tickets=2 (found), photos=0 (empty)
2026-02-15 12:47:45,799 - INFO -   1983-10-21-the-centrum-worcester-ma-usa: tickets=2 (found), photos=0 (empty)
2026-02-15 12:47:46,779 - INFO -   1983-10-22-carrier-dome-syracuse-u-syracuse-ny-usa: tickets=2 (found), photos=0 (empty)
2026-02-15 12:47:49,792 - INFO -   1983-12-27-san-francisco-civic-auditorium-san-francisco-ca-usa: tickets=2 (found), photos=0 (empty)
2026-02-15 12:47:50,814 - INFO -   1983-12-28-san-francisco-civic-auditorium-san-francisco-ca-usa: tickets=1 (found), photos=0 (empty)
2026-02-15 12:47:51,756 - INFO -   1983-12-30-san-francisco-civic-auditorium-san-francisco-ca-usa: tickets=1 (found), photos=0 (empty)
2026-02-15 12:47:52,782 - INFO -   1983-12-31-san-francisco-civic-auditorium-san-francisco-ca-usa: tickets=2 (found), photos=0 (empty)
2026-02-15 12:47:53,778 - INFO -   1984-03-28-marin-county-veterans-auditorium-san-rafael-ca-usa: tickets=2 (found), photos=0 (empty)
2026-02-15 12:47:54,785 - INFO -   1984-03-29-marin-county-veterans-auditorium-san-rafael-ca-usa: tickets=2 (found), photos=0 (empty)
2026-02-15 12:47:55,775 - INFO -   1984-03-31-marin-county-veterans-auditorium-san-rafael-ca-usa: tickets=3 (found), photos=0 (empty)
2026-02-15 12:47:56,778 - INFO -   1984-04-01-marin-county-veterans-auditorium-san-rafael-ca-usa: tickets=3 (found), photos=0 (empty)
2026-02-15 12:47:57,774 - INFO -   1984-04-06-aladdin-theater-las-vegas-nv-usa: tickets=1 (found), photos=0 (empty)
2026-02-15 12:47:58,786 - INFO -   1984-04-07-irvine-meadows-irvine-ca-usa: tickets=1 (found), photos=0 (empty)
2026-02-15 12:47:59,773 - INFO -   1984-04-13-hampton-coliseum-hampton-va-usa: tickets=2 (found), photos=0 (empty)
2026-02-15 12:48:00,852 - INFO -   1984-04-14-hampton-coliseum-hampton-va-usa: tickets=2 (found), photos=0 (empty)
2026-02-15 12:48:01,792 - INFO -   1984-04-16-community-war-memorial-auditorium-rochester-ny-usa: tickets=2 (found), photos=0 (empty)
2026-02-15 12:48:02,823 - INFO -   1984-04-17-niagara-falls-convention-center-niagara-falls-ny-usa: tickets=2 (found), photos=0 (empty)
2026-02-15 12:48:03,778 - INFO -   1984-04-19-philadelphia-civic-arena-philadelphia-pa-usa: tickets=2 (found), photos=0 (empty)
2026-02-15 12:48:04,774 - INFO -   1984-04-20-philadelphia-civic-arena-philadelphia-pa-usa: tickets=2 (found), photos=0 (empty)
2026-02-15 12:48:05,802 - INFO -   1984-04-21-philadelphia-civic-arena-philadelphia-pa-usa: tickets=2 (found), photos=0 (empty)
2026-02-15 12:48:06,788 - INFO -   1984-04-23-veterans-memorial-coliseum-new-haven-ct-usa: tickets=3 (found), photos=0 (empty)
2026-02-15 12:48:07,763 - INFO -   1984-04-24-veterans-memorial-coliseum-new-haven-ct-usa: tickets=3 (found), photos=0 (empty)
2026-02-15 12:48:08,747 - INFO -   1984-04-26-providence-civic-center-providence-ri-usa: tickets=2 (found), photos=0 (empty)
2026-02-15 12:48:09,740 - INFO -   1984-04-27-providence-civic-center-providence-ri-usa: tickets=2 (found), photos=0 (empty)
2026-02-15 12:48:10,749 - INFO -   1984-04-29-nassau-coliseum-uniondale-ny-usa: tickets=2 (found), photos=0 (empty)
2026-02-15 12:48:11,772 - INFO -   1984-04-30-nassau-coliseum-uniondale-ny-usa: tickets=2 (found), photos=0 (empty)
2026-02-15 12:48:12,980 - INFO -   1984-05-06-silva-hall-hult-center-eugene-or-usa: tickets=2 (found), photos=0 (empty)
2026-02-15 12:48:13,788 - INFO -   1984-05-07-silva-hall-hult-center-eugene-or-usa: tickets=2 (found), photos=0 (empty)
2026-02-15 12:48:14,801 - INFO -   1984-05-08-silva-hall-hult-center-eugene-or-usa: tickets=2 (found), photos=0 (empty)
2026-02-15 12:48:15,789 - INFO -   1984-06-09-cal-expo-sacramento-ca-usa: tickets=1 (found), photos=0 (empty)
2026-02-15 12:48:16,801 - INFO -   1984-06-10-cal-expo-sacramento-ca-usa: tickets=1 (found), photos=0 (empty)
2026-02-15 12:48:17,779 - INFO -   1984-06-12-red-rocks-amphitheatre-morrison-co-usa: tickets=1 (found), photos=0 (empty)
2026-02-15 12:48:18,752 - INFO -   1984-06-13-red-rocks-amphitheatre-morrison-co-usa: tickets=2 (found), photos=0 (empty)
2026-02-15 12:48:18,753 - INFO - Progress: 1500/2313 shows (1500 processed, 0 skipped, 0 errors) — 2648 shows/hour
2026-02-15 12:48:19,774 - INFO -   1984-06-14-red-rocks-amphitheatre-morrison-co-usa: tickets=2 (found), photos=0 (empty)
2026-02-15 12:48:20,745 - INFO -   1984-06-21-kingswood-music-theater-maple-ontario-canada: tickets=1 (found), photos=0 (empty)
2026-02-15 12:48:21,777 - INFO -   1984-06-23-city-island-harrisburg-pa-usa: tickets=3 (found), photos=0 (empty)
2026-02-15 12:48:22,772 - INFO -   1984-06-24-saratoga-performing-arts-center-saratoga-springs-ny-usa: tickets=1 (found), photos=0 (empty)
2026-02-15 12:48:23,792 - INFO -   1984-06-26-merriweather-post-pavilion-columbia-md-usa: tickets=2 (found), photos=0 (empty)
2026-02-15 12:48:24,781 - INFO -   1984-06-27-merriweather-post-pavilion-columbia-md-usa: tickets=2 (found), photos=0 (empty)
2026-02-15 12:48:25,782 - INFO -   1984-06-29-blossom-music-center-cuyahoga-falls-oh-usa: tickets=2 (found), photos=0 (empty)
2026-02-15 12:48:26,788 - INFO -   1984-06-30-indianapolis-sports-and-music-center-indianapolis-in-usa: tickets=2 (found), photos=0 (empty)
2026-02-15 12:48:27,788 - INFO -   1984-07-01-pine-knob-music-theater-clarkston-mi-usa: tickets=2 (found), photos=0 (empty)
2026-02-15 12:48:28,789 - INFO -   1984-07-03-starlight-theater-kansas-city-mo-usa: tickets=2 (found), photos=0 (empty)
2026-02-15 12:48:29,812 - INFO -   1984-07-04-five-seasons-center-cedar-rapids-ia-usa: tickets=2 (found), photos=0 (empty)
2026-02-15 12:48:30,800 - INFO -   1984-07-06-alpine-valley-music-theatre-east-troy-wi-usa: tickets=2 (found), photos=0 (empty)
2026-02-15 12:48:31,782 - INFO -   1984-07-07-alpine-valley-music-theatre-east-troy-wi-usa: tickets=2 (found), photos=0 (empty)
2026-02-15 12:48:32,784 - INFO -   1984-07-13-greek-theatre-berkeley-ca: tickets=2 (found), photos=0 (empty)
2026-02-15 12:48:33,793 - INFO -   1984-07-14-greek-theatre-berkeley-ca: tickets=1 (found), photos=0 (empty)
2026-02-15 12:48:34,795 - INFO -   1984-07-15-greek-theatre-berkeley-ca: tickets=1 (found), photos=0 (empty)
2026-02-15 12:48:35,828 - INFO -   1984-07-21-ventura-county-fairgrounds-ventura-ca-usa: tickets=1 (found), photos=0 (empty)
2026-02-15 12:48:36,775 - INFO -   1984-07-22-ventura-county-fairgrounds-ventura-ca-usa: tickets=1 (found), photos=0 (empty)
2026-02-15 12:48:37,796 - INFO -   1984-10-05-charlotte-coliseum-charlotte-nc-usa: tickets=2 (found), photos=0 (empty)
2026-02-15 12:48:38,750 - INFO -   1984-10-06-richmond-coliseum-richmond-va-usa: tickets=2 (found), photos=0 (empty)
2026-02-15 12:48:39,805 - INFO -   1984-10-08-the-centrum-worcester-ma-usa: tickets=2 (found), photos=0 (empty)
2026-02-15 12:48:40,774 - INFO -   1984-10-09-the-centrum-worcester-ma-usa: tickets=2 (found), photos=0 (empty)
2026-02-15 12:48:41,784 - INFO -   1984-10-11-augusta-civic-center-augusta-me-usa: tickets=2 (found), photos=0 (empty)
2026-02-15 12:48:42,803 - INFO -   1984-10-12-augusta-civic-center-augusta-me-usa: tickets=3 (found), photos=0 (empty)
2026-02-15 12:48:43,792 - INFO -   1984-10-14-hartford-civic-center-hartford-ct-usa: tickets=2 (found), photos=0 (empty)
2026-02-15 12:48:44,780 - INFO -   1984-10-15-hartford-civic-center-hartford-ct-usa: tickets=2 (found), photos=0 (empty)
2026-02-15 12:48:45,812 - INFO -   1984-10-17-meadowlands-arena-east-rutherford-nj-usa: tickets=2 (found), photos=0 (empty)
2026-02-15 12:48:46,784 - INFO -   1984-10-18-meadowlands-arena-east-rutherford-nj-usa: tickets=2 (found), photos=0 (empty)
2026-02-15 12:48:47,819 - INFO -   1984-10-20-carrier-dome-syracuse-u-syracuse-ny-usa: tickets=2 (found), photos=0 (empty)
2026-02-15 12:48:48,756 - INFO -   1984-10-27-berkeley-community-theater-berkeley-ca-usa: tickets=2 (found), photos=0 (empty)
2026-02-15 12:48:49,752 - INFO -   1984-10-28-berkeley-community-theater-berkeley-ca-usa: tickets=2 (found), photos=0 (empty)
2026-02-15 12:48:50,796 - INFO -   1984-10-30-berkeley-community-theater-berkeley-ca-usa: tickets=2 (found), photos=0 (empty)
2026-02-15 12:48:51,809 - INFO -   1984-10-31-berkeley-community-theater-berkeley-ca-usa: tickets=1 (found), photos=0 (empty)
2026-02-15 12:48:52,776 - INFO -   1984-11-02-berkeley-community-theater-berkeley-ca-usa: tickets=1 (found), photos=0 (empty)
2026-02-15 12:48:53,763 - INFO -   1984-11-03-berkeley-community-theater-berkeley-ca-usa: tickets=1 (found), photos=0 (empty)
2026-02-15 12:48:54,737 - INFO -   1984-12-28-san-francisco-civic-auditorium-san-francisco-ca-usa: tickets=2 (found), photos=0 (empty)
2026-02-15 12:48:55,736 - INFO -   1984-12-29-san-francisco-civic-auditorium-san-francisco-ca-usa: tickets=2 (found), photos=0 (empty)
2026-02-15 12:48:56,779 - INFO -   1984-12-31-san-francisco-civic-auditorium-san-francisco-ca-usa: tickets=2 (found), photos=0 (empty)
2026-02-15 12:48:57,920 - INFO -   1985-02-18-henry-j-kaiser-convention-center-oakland-ca-usa: tickets=1 (found), photos=0 (empty)
2026-02-15 12:48:58,913 - INFO -   1985-02-19-henry-j-kaiser-convention-center-oakland-ca-usa: tickets=1 (found), photos=0 (empty)
2026-02-15 12:48:59,771 - INFO -   1985-02-20-henry-j-kaiser-convention-center-oakland-ca-usa: tickets=1 (found), photos=0 (empty)
2026-02-15 12:49:00,922 - INFO -   1985-03-09-berkeley-community-theater-berkeley-ca-usa: tickets=2 (found), photos=0 (empty)
2026-02-15 12:49:02,078 - INFO -   1985-03-10-berkeley-community-theater-berkeley-ca-usa: tickets=2 (found), photos=0 (empty)
2026-02-15 12:49:03,049 - INFO -   1985-03-12-berkeley-community-theater-berkeley-ca-usa: tickets=2 (found), photos=0 (empty)
2026-02-15 12:49:04,045 - INFO -   1985-03-13-berkeley-community-theater-berkeley-ca-usa: tickets=2 (found), photos=0 (empty)
2026-02-15 12:49:05,072 - INFO -   1985-03-21-hampton-coliseum-hampton-va-usa: tickets=2 (found), photos=0 (empty)
2026-02-15 12:49:06,250 - INFO -   1985-03-22-hampton-coliseum-hampton-va-usa: tickets=2 (found), photos=0 (empty)
2026-02-15 12:49:07,176 - INFO -   1985-03-24-springfield-civic-center-springfield-ma-usa: tickets=2 (found), photos=0 (empty)
2026-02-15 12:49:08,106 - INFO -   1985-03-25-springfield-civic-center-springfield-ma-usa: tickets=2 (found), photos=0 (empty)
2026-02-15 12:49:08,798 - INFO -   1985-03-27-nassau-coliseum-uniondale-ny-usa: tickets=2 (found), photos=0 (empty)
2026-02-15 12:49:08,798 - INFO - Progress: 1550/2313 shows (1550 processed, 0 skipped, 0 errors) — 2670 shows/hour
2026-02-15 12:49:09,800 - INFO -   1985-03-28-nassau-coliseum-uniondale-ny-usa: tickets=2 (found), photos=0 (empty)
2026-02-15 12:49:10,807 - INFO -   1985-03-29-nassau-coliseum-uniondale-ny-usa: tickets=2 (found), photos=0 (empty)
2026-02-15 12:49:11,798 - INFO -   1985-03-31-cumberland-county-civic-center-portland-me-usa: tickets=2 (found), photos=0 (empty)
2026-02-15 12:49:12,812 - INFO -   1985-04-01-cumberland-county-civic-center-portland-me-usa: tickets=2 (found), photos=0 (empty)
2026-02-15 12:49:13,788 - INFO -   1985-04-03-providence-civic-center-providence-ri-usa: tickets=2 (found), photos=0 (empty)
2026-02-15 12:49:14,758 - INFO -   1985-04-04-providence-civic-center-providence-ri-usa: tickets=2 (found), photos=0 (empty)
2026-02-15 12:49:15,895 - INFO -   1985-04-06-the-spectrum-philadelphia-pa-usa: tickets=2 (found), photos=0 (empty)
2026-02-15 12:49:16,783 - INFO -   1985-04-07-the-spectrum-philadelphia-pa-usa: tickets=2 (found), photos=0 (empty)
2026-02-15 12:49:17,772 - INFO -   1985-04-08-the-spectrum-philadelphia-pa-usa: tickets=2 (found), photos=0 (empty)
2026-02-15 12:49:18,750 - INFO -   1985-04-13-irvine-meadows-irvine-ca-usa: tickets=2 (found), photos=0 (empty)
2026-02-15 12:49:19,789 - INFO -   1985-04-14-irvine-meadows-irvine-ca-usa: tickets=2 (found), photos=0 (empty)
2026-02-15 12:49:20,843 - INFO -   1985-04-27-frost-amphitheatre-palo-alto-ca-usa: tickets=1 (found), photos=0 (empty)
2026-02-15 12:49:21,783 - INFO -   1985-04-28-frost-amphitheatre-palo-alto-ca-usa: tickets=1 (found), photos=0 (empty)
2026-02-15 12:49:22,782 - INFO -   1985-06-14-greek-theatre-berkeley-ca: tickets=3 (found), photos=0 (empty)
2026-02-15 12:49:23,790 - INFO -   1985-06-15-greek-theatre-berkeley-ca: tickets=2 (found), photos=0 (empty)
2026-02-15 12:49:24,770 - INFO -   1985-06-16-greek-theatre-berkeley-ca: tickets=2 (found), photos=0 (empty)
2026-02-15 12:49:25,805 - INFO -   1985-06-21-alpine-valley-music-theatre-east-troy-wi-usa: tickets=2 (found), photos=0 (empty)
2026-02-15 12:49:26,760 - INFO -   1985-06-22-alpine-valley-music-theatre-east-troy-wi-usa: tickets=2 (found), photos=0 (empty)
2026-02-15 12:49:27,763 - INFO -   1985-06-24-river-bend-music-center-cincinnati-oh-usa: tickets=2 (found), photos=0 (empty)
2026-02-15 12:49:28,800 - INFO -   1985-06-25-blossom-music-center-cuyahoga-falls-oh-usa: tickets=1 (found), photos=0 (empty)
2026-02-15 12:49:29,923 - INFO -   1985-06-27-saratoga-performing-arts-center-saratoga-springs-ny-usa: tickets=2 (found), photos=0 (empty)
2026-02-15 12:49:30,765 - INFO -   1985-06-28-hershey-park-stadium-hershey-pa-usa: tickets=2 (found), photos=0 (empty)
2026-02-15 12:49:31,754 - INFO -   1985-06-30-merriweather-post-pavilion-columbia-md-usa: tickets=2 (found), photos=0 (empty)
2026-02-15 12:49:32,777 - INFO -   1985-07-01-merriweather-post-pavilion-columbia-md-usa: tickets=2 (found), photos=0 (empty)
2026-02-15 12:49:33,764 - INFO -   1985-07-02-civic-arena-pittsburgh-pa-usa: tickets=3 (found), photos=0 (empty)
2026-02-15 12:49:34,766 - INFO -   1985-07-13-ventura-county-fairgrounds-ventura-ca-usa: tickets=2 (found), photos=0 (empty)
2026-02-15 12:49:36,998 - INFO -   1985-07-14-ventura-county-fairgrounds-ventura-ca-usa: tickets=2 (found), photos=1 (found)
2026-02-15 12:49:37,788 - INFO -   1985-08-24-boreal-ridge-ski-resort-donners-summit-ca-usa: tickets=2 (found), photos=0 (empty)
2026-02-15 12:49:38,772 - INFO -   1985-08-30-southern-star-amphitheater-houston-tx-usa: tickets=2 (found), photos=0 (empty)
2026-02-15 12:49:39,784 - INFO -   1985-08-31-manor-downs-austin-tx-usa: tickets=2 (found), photos=0 (empty)
2026-02-15 12:49:40,759 - INFO -   1985-09-02-zoo-amphitheater-oklahoma-city-ok-usa: tickets=2 (found), photos=0 (empty)
2026-02-15 12:49:41,793 - INFO -   1985-09-03-starlight-theater-kansas-city-mo-usa: tickets=2 (found), photos=0 (empty)
2026-02-15 12:49:42,792 - INFO -   1985-09-05-red-rocks-amphitheatre-morrison-co-usa: tickets=2 (found), photos=0 (empty)
2026-02-15 12:49:43,785 - INFO -   1985-09-06-red-rocks-amphitheatre-morrison-co-usa: tickets=2 (found), photos=0 (empty)
2026-02-15 12:49:44,790 - INFO -   1985-09-07-red-rocks-amphitheatre-morrison-co-usa: tickets=2 (found), photos=0 (empty)
2026-02-15 12:49:45,803 - INFO -   1985-09-10-henry-j-kaiser-convention-center-oakland-ca-usa: tickets=3 (found), photos=0 (empty)
2026-02-15 12:49:46,787 - INFO -   1985-09-11-henry-j-kaiser-convention-center-oakland-ca-usa: tickets=2 (found), photos=0 (empty)
2026-02-15 12:49:47,801 - INFO -   1985-09-12-henry-j-kaiser-convention-center-oakland-ca-usa: tickets=3 (found), photos=0 (empty)
2026-02-15 12:49:50,083 - INFO -   1985-09-15-devore-field-southwestern-u-chula-vista-ca-usa: tickets=3 (found), photos=1 (found)
2026-02-15 12:49:50,936 - INFO -   1985-10-25-the-sportatorium-pembroke-pines-fl-usa: tickets=2 (found), photos=0 (empty)
2026-02-15 12:49:51,786 - INFO -   1985-10-26-sun-dome-tampa-fl-usa: tickets=2 (found), photos=0 (empty)
2026-02-15 12:49:52,772 - INFO -   1985-10-28-fox-theater-atlanta-ga-usa: tickets=2 (found), photos=0 (empty)
2026-02-15 12:49:53,815 - INFO -   1985-10-29-fox-theater-atlanta-ga-usa: tickets=2 (found), photos=0 (empty)
2026-02-15 12:49:54,782 - INFO -   1985-10-31-carolina-coliseum-u-of-south-carolina-columbia-sc-usa: tickets=2 (found), photos=0 (empty)
2026-02-15 12:49:55,798 - INFO -   1985-11-01-richmond-coliseum-richmond-va-usa: tickets=2 (found), photos=0 (empty)
2026-02-15 12:49:56,799 - INFO -   1985-11-02-richmond-coliseum-richmond-va-usa: tickets=2 (found), photos=0 (empty)
2026-02-15 12:49:57,789 - INFO -   1985-11-04-the-centrum-worcester-ma-usa: tickets=2 (found), photos=0 (empty)
2026-02-15 12:49:58,781 - INFO -   1985-11-05-the-centrum-worcester-ma-usa: tickets=2 (found), photos=0 (empty)
2026-02-15 12:49:59,794 - INFO -   1985-11-07-community-war-memorial-auditorium-rochester-ny-usa: tickets=2 (found), photos=0 (empty)
2026-02-15 12:50:00,796 - INFO -   1985-11-08-community-war-memorial-auditorium-rochester-ny-usa: tickets=2 (found), photos=0 (empty)
2026-02-15 12:50:00,796 - INFO - Progress: 1600/2313 shows (1600 processed, 0 skipped, 0 errors) — 2690 shows/hour
2026-02-15 12:50:01,844 - INFO -   1985-11-10-meadowlands-arena-east-rutherford-nj-usa: tickets=2 (found), photos=0 (empty)
2026-02-15 12:50:02,848 - INFO -   1985-11-11-meadowlands-arena-east-rutherford-nj-usa: tickets=2 (found), photos=0 (empty)
2026-02-15 12:50:04,273 - INFO -   1985-11-16-long-beach-arena-long-beach-ca-usa: tickets=2 (found), photos=0 (empty)
2026-02-15 12:50:04,787 - INFO -   1985-11-17-long-beach-arena-long-beach-ca-usa: tickets=2 (found), photos=0 (empty)
2026-02-15 12:50:05,847 - INFO -   1985-11-20-henry-j-kaiser-convention-center-oakland-ca-usa: tickets=1 (found), photos=0 (empty)
2026-02-15 12:50:06,807 - INFO -   1985-11-21-henry-j-kaiser-convention-center-oakland-ca-usa: tickets=2 (found), photos=0 (empty)
2026-02-15 12:50:07,847 - INFO -   1985-11-22-henry-j-kaiser-convention-center-oakland-ca-usa: tickets=2 (found), photos=0 (empty)
2026-02-15 12:50:08,784 - INFO -   1985-12-30-oakland-alameda-county-coliseum-oakland-ca-usa: tickets=2 (found), photos=0 (empty)
2026-02-15 12:50:09,783 - INFO -   1985-12-31-oakland-alameda-county-coliseum-oakland-ca-usa: tickets=2 (found), photos=0 (empty)
2026-02-15 12:50:10,788 - INFO -   1986-02-08-henry-j-kaiser-convention-center-oakland-ca-usa: tickets=2 (found), photos=0 (empty)
2026-02-15 12:50:11,805 - INFO -   1986-02-09-henry-j-kaiser-convention-center-oakland-ca-usa: tickets=2 (found), photos=0 (empty)
2026-02-15 12:50:12,805 - INFO -   1986-02-11-henry-j-kaiser-convention-center-oakland-ca-usa: tickets=2 (found), photos=0 (empty)
2026-02-15 12:50:13,789 - INFO -   1986-02-12-henry-j-kaiser-convention-center-oakland-ca-usa: tickets=2 (found), photos=0 (empty)
2026-02-15 12:50:14,796 - INFO -   1986-02-14-henry-j-kaiser-convention-center-oakland-ca-usa: tickets=2 (found), photos=0 (empty)
2026-02-15 12:50:15,816 - INFO -   1986-03-19-hampton-coliseum-hampton-va-usa: tickets=2 (found), photos=0 (empty)
2026-02-15 12:50:16,798 - INFO -   1986-03-20-hampton-coliseum-hampton-va-usa: tickets=1 (found), photos=0 (empty)
2026-02-15 12:50:17,813 - INFO -   1986-03-21-hampton-coliseum-hampton-va-usa: tickets=2 (found), photos=0 (empty)
2026-02-15 12:50:18,770 - INFO -   1986-03-23-the-spectrum-philadelphia-pa-usa: tickets=2 (found), photos=0 (empty)
2026-02-15 12:50:19,818 - INFO -   1986-03-24-the-spectrum-philadelphia-pa-usa: tickets=2 (found), photos=0 (empty)
2026-02-15 12:50:20,805 - INFO -   1986-03-25-the-spectrum-philadelphia-pa-usa: tickets=2 (found), photos=0 (empty)
2026-02-15 12:50:21,807 - INFO -   1986-03-27-cumberland-county-civic-center-portland-me-usa: tickets=2 (found), photos=0 (empty)
2026-02-15 12:50:23,004 - INFO -   1986-03-28-cumberland-county-civic-center-portland-me-usa: tickets=2 (found), photos=0 (empty)
2026-02-15 12:50:23,902 - INFO -   1986-03-30-providence-civic-center-providence-ri-usa: tickets=2 (found), photos=0 (empty)
2026-02-15 12:50:24,790 - INFO -   1986-03-31-providence-civic-center-providence-ri-usa: tickets=1 (found), photos=0 (empty)
2026-02-15 12:50:25,798 - INFO -   1986-04-01-providence-civic-center-providence-ri-usa: tickets=2 (found), photos=0 (empty)
2026-02-15 12:50:26,795 - INFO -   1986-04-03-hartford-civic-center-hartford-ct-usa: tickets=2 (found), photos=0 (empty)
2026-02-15 12:50:27,811 - INFO -   1986-04-04-hartford-civic-center-hartford-ct-usa: tickets=2 (found), photos=0 (empty)
2026-02-15 12:50:28,802 - INFO -   1986-04-12-irvine-meadows-irvine-ca-usa: tickets=2 (found), photos=0 (empty)
2026-02-15 12:50:29,808 - INFO -   1986-04-13-irvine-meadows-irvine-ca-usa: tickets=2 (found), photos=0 (empty)
2026-02-15 12:50:30,795 - INFO -   1986-04-18-berkeley-community-theater-berkeley-ca-usa: tickets=1 (found), photos=0 (empty)
2026-02-15 12:50:31,802 - INFO -   1986-04-19-berkeley-community-theater-berkeley-ca-usa: tickets=1 (found), photos=0 (empty)
2026-02-15 12:50:32,803 - INFO -   1986-04-21-berkeley-community-theater-berkeley-ca: tickets=1 (found), photos=0 (empty)
2026-02-15 12:50:33,799 - INFO -   1986-04-22-berkeley-community-theater-berkeley-ca: tickets=2 (found), photos=0 (empty)
2026-02-15 12:50:35,873 - INFO -   1986-05-03-cal-expo-sacramento-ca-usa: tickets=2 (found), photos=1 (found)
2026-02-15 12:50:36,807 - INFO -   1986-05-04-cal-expo-sacramento-ca-usa: tickets=1 (found), photos=0 (empty)
2026-02-15 12:50:37,823 - INFO -   1986-05-10-frost-amphitheatre-palo-alto-ca-usa: tickets=1 (found), photos=0 (empty)
2026-02-15 12:50:38,820 - INFO -   1986-05-11-frost-amphitheatre-palo-alto-ca-usa: tickets=1 (found), photos=0 (empty)
2026-02-15 12:50:39,806 - INFO -   1986-06-20-greek-theatre-berkeley-ca: tickets=1 (found), photos=0 (empty)
2026-02-15 12:50:40,803 - INFO -   1986-06-21-greek-theatre-berkeley-ca: tickets=1 (found), photos=0 (empty)
2026-02-15 12:50:41,810 - INFO -   1986-06-22-greek-theatre-berkeley-ca: tickets=2 (found), photos=0 (empty)
2026-02-15 12:50:42,812 - INFO -   1986-06-26-hubert-h-humphrey-metrodome-minneapolis-mn-usa: tickets=2 (found), photos=0 (empty)
2026-02-15 12:50:43,807 - INFO -   1986-06-28-alpine-valley-music-theatre-east-troy-wi-usa: tickets=2 (found), photos=0 (empty)
2026-02-15 12:50:44,807 - INFO -   1986-06-29-alpine-valley-music-theatre-east-troy-wi-usa: tickets=1 (found), photos=0 (empty)
2026-02-15 12:50:45,809 - INFO -   1986-06-30-river-bend-music-center-cincinnati-oh-usa: tickets=2 (found), photos=0 (empty)
2026-02-15 12:50:47,344 - INFO -   1986-07-02-rubber-bowl-u-of-akron-akron-oh-usa: tickets=2 (found), photos=0 (empty)
2026-02-15 12:50:47,827 - INFO -   1986-07-04-rich-stadium-buffalo-ny-usa: tickets=2 (found), photos=0 (empty)
2026-02-15 12:50:48,824 - INFO -   1986-07-06-robert-f-kennedy-stadium-washington-dc-usa: tickets=2 (found), photos=0 (empty)
2026-02-15 12:50:49,811 - INFO -   1986-07-07-robert-f-kennedy-stadium-washington-dc-usa: tickets=2 (found), photos=0 (empty)
2026-02-15 12:50:50,804 - INFO -   1986-12-15-oakland-alameda-county-coliseum-oakland-ca-usa: tickets=2 (found), photos=0 (empty)
2026-02-15 12:50:51,814 - INFO -   1986-12-16-oakland-alameda-county-coliseum-oakland-ca-usa: tickets=1 (found), photos=0 (empty)
2026-02-15 12:50:51,815 - INFO - Progress: 1650/2313 shows (1650 processed, 0 skipped, 0 errors) — 2709 shows/hour
2026-02-15 12:50:52,826 - INFO -   1986-12-17-oakland-alameda-county-coliseum-oakland-ca-usa: tickets=1 (found), photos=0 (empty)
2026-02-15 12:50:53,839 - INFO -   1986-12-27-henry-j-kaiser-convention-center-oakland-ca-usa: tickets=1 (found), photos=0 (empty)
2026-02-15 12:50:54,789 - INFO -   1986-12-28-henry-j-kaiser-convention-center-oakland-ca-usa: tickets=2 (found), photos=0 (empty)
2026-02-15 12:50:55,808 - INFO -   1986-12-30-henry-j-kaiser-convention-center-oakland-ca-usa: tickets=2 (found), photos=0 (empty)
2026-02-15 12:50:56,768 - INFO -   1986-12-31-henry-j-kaiser-convention-center-oakland-ca-usa: tickets=2 (found), photos=0 (empty)
2026-02-15 12:50:57,967 - INFO -   1987-01-28-san-francisco-civic-auditorium-san-francisco-ca-usa: tickets=1 (found), photos=0 (empty)
2026-02-15 12:50:58,817 - INFO -   1987-01-29-san-francisco-civic-auditorium-san-francisco-ca-usa: tickets=1 (found), photos=0 (empty)
2026-02-15 12:50:59,812 - INFO -   1987-01-30-san-francisco-civic-auditorium-san-francisco-ca-usa: tickets=2 (found), photos=0 (empty)
2026-02-15 12:51:00,754 - INFO -   1987-03-01-henry-j-kaiser-convention-center-oakland-ca-usa: tickets=1 (found), photos=0 (empty)
2026-02-15 12:51:01,815 - INFO -   1987-03-02-henry-j-kaiser-convention-center-oakland-ca-usa: tickets=2 (found), photos=0 (empty)
2026-02-15 12:51:02,815 - INFO -   1987-03-03-henry-j-kaiser-convention-center-oakland-ca-usa: tickets=2 (found), photos=0 (empty)
2026-02-15 12:51:03,809 - INFO -   1987-03-22-hampton-coliseum-hampton-va-usa: tickets=1 (found), photos=0 (empty)
2026-02-15 12:51:04,813 - INFO -   1987-03-23-hampton-coliseum-hampton-va-usa: tickets=1 (found), photos=0 (empty)
2026-02-15 12:51:07,980 - INFO -   1987-03-24-hampton-coliseum-hampton-va-usa: tickets=1 (found), photos=2 (found)
2026-02-15 12:51:08,821 - INFO -   1987-03-26-hartford-civic-center-hartford-ct-usa: tickets=2 (found), photos=0 (empty)
2026-02-15 12:51:09,811 - INFO -   1987-03-27-hartford-civic-center-hartford-ct-usa: tickets=2 (found), photos=0 (empty)
2026-02-15 12:51:10,810 - INFO -   1987-03-29-the-spectrum-philadelphia-pa-usa: tickets=2 (found), photos=0 (empty)
2026-02-15 12:51:11,826 - INFO -   1987-03-30-the-spectrum-philadelphia-pa-usa: tickets=2 (found), photos=0 (empty)
2026-02-15 12:51:12,807 - INFO -   1987-03-31-the-spectrum-philadelphia-pa-usa: tickets=2 (found), photos=0 (empty)
2026-02-15 12:51:13,797 - INFO -   1987-04-02-the-centrum-worcester-ma-usa: tickets=3 (found), photos=0 (empty)
2026-02-15 12:51:14,832 - INFO -   1987-04-03-the-centrum-worcester-ma-usa: tickets=2 (found), photos=0 (empty)
2026-02-15 12:51:15,828 - INFO -   1987-04-04-the-centrum-worcester-ma-usa: tickets=2 (found), photos=0 (empty)
2026-02-15 12:51:16,819 - INFO -   1987-04-06-meadowlands-arena-east-rutherford-nj-usa: tickets=2 (found), photos=0 (empty)
2026-02-15 12:51:17,824 - INFO -   1987-04-07-meadowlands-arena-east-rutherford-nj-usa: tickets=2 (found), photos=0 (empty)
2026-02-15 12:51:18,764 - INFO -   1987-04-09-uic-pavilion-chicago-il-usa: tickets=1 (found), photos=0 (empty)
2026-02-15 12:51:19,811 - INFO -   1987-04-10-uic-pavilion-chicago-il-usa: tickets=2 (found), photos=0 (empty)
2026-02-15 12:51:20,995 - INFO -   1987-04-11-uic-pavilion-chicago-il-usa: tickets=1 (found), photos=0 (empty)
2026-02-15 12:51:21,831 - INFO -   1987-04-17-irvine-meadows-irvine-ca-usa: tickets=2 (found), photos=0 (empty)
2026-02-15 12:51:22,809 - INFO -   1987-04-18-irvine-meadows-irvine-ca-usa: tickets=2 (found), photos=0 (empty)
2026-02-15 12:51:23,824 - INFO -   1987-04-19-irvine-meadows-irvine-ca-usa: tickets=2 (found), photos=0 (empty)
2026-02-15 12:51:24,885 - INFO -   1987-05-02-frost-amphitheatre-palo-alto-ca-usa: tickets=3 (found), photos=0 (empty)
2026-02-15 12:51:25,817 - INFO -   1987-05-03-frost-amphitheatre-palo-alto-ca-usa: tickets=1 (found), photos=0 (empty)
2026-02-15 12:51:26,764 - INFO -   1987-05-09-laguna-seca-recreation-area-monterey-ca-usa: tickets=1 (found), photos=0 (empty)
2026-02-15 12:51:27,819 - INFO -   1987-05-10-laguna-seca-recreation-area-monterey-ca-usa: tickets=1 (found), photos=0 (empty)
2026-02-15 12:51:28,822 - INFO -   1987-06-12-ventura-county-fairgrounds-ventura-ca-usa: tickets=1 (found), photos=0 (empty)
2026-02-15 12:51:30,037 - INFO -   1987-06-13-ventura-county-fairgrounds-ventura-ca-usa: tickets=2 (found), photos=0 (empty)
2026-02-15 12:51:30,817 - INFO -   1987-06-14-ventura-county-fairgrounds-ventura-ca-usa: tickets=2 (found), photos=0 (empty)
2026-02-15 12:51:31,828 - INFO -   1987-06-19-greek-theatre-berkeley-ca: tickets=2 (found), photos=0 (empty)
2026-02-15 12:51:32,821 - INFO -   1987-06-20-greek-theatre-berkeley-ca: tickets=2 (found), photos=0 (empty)
2026-02-15 12:51:33,812 - INFO -   1987-06-21-greek-theatre-berkeley-ca: tickets=1 (found), photos=0 (empty)
2026-02-15 12:51:34,821 - INFO -   1987-06-26-alpine-valley-music-theatre-east-troy-wi-usa: tickets=2 (found), photos=0 (empty)
2026-02-15 12:51:37,071 - INFO -   1987-06-27-alpine-valley-music-theatre-east-troy-wi-usa: tickets=1 (found), photos=1 (found)
2026-02-15 12:51:37,837 - INFO -   1987-06-28-alpine-valley-music-theatre-east-troy-wi-usa: tickets=1 (found), photos=0 (empty)
2026-02-15 12:51:38,814 - INFO -   1987-06-30-kingswood-music-theater-maple-ontario-canada: tickets=2 (found), photos=0 (empty)
2026-02-15 12:51:39,833 - INFO -   1987-07-02-silver-stadium-rochester-ny-usa: tickets=2 (found), photos=0 (empty)
2026-02-15 12:51:40,832 - INFO -   1987-07-04-sullivan-stadium-foxboro-ma-usa: tickets=4 (found), photos=0 (empty)
2026-02-15 12:51:41,852 - INFO -   1987-07-06-civic-arena-pittsburgh-pa-usa: tickets=2 (found), photos=0 (empty)
2026-02-15 12:51:42,806 - INFO -   1987-07-07-roanoke-civic-center-roanoke-va-usa: tickets=2 (found), photos=0 (empty)
2026-02-15 12:51:43,812 - INFO -   1987-07-08-roanoke-civic-center-roanoke-va-usa: tickets=2 (found), photos=0 (empty)
2026-02-15 12:51:44,826 - INFO -   1987-07-10-john-f-kennedy-stadium-philadelphia-pa-usa: tickets=2 (found), photos=0 (empty)
2026-02-15 12:51:44,826 - INFO - Progress: 1700/2313 shows (1700 processed, 0 skipped, 0 errors) — 2725 shows/hour
2026-02-15 12:51:45,839 - INFO -   1987-07-12-giants-stadium-east-rutherford-nj-usa: tickets=2 (found), photos=0 (empty)
2026-02-15 12:51:46,826 - INFO -   1987-07-19-autzen-stadium-u-of-oregon-eugene-or-usa: tickets=3 (found), photos=0 (empty)
2026-02-15 12:51:47,819 - INFO -   1987-07-24-oakland-alameda-county-stadium-oakland-ca-usa: tickets=1 (found), photos=0 (empty)
2026-02-15 12:51:48,796 - INFO -   1987-07-26-anaheim-stadium-anaheim-ca-usa: tickets=2 (found), photos=0 (empty)
2026-02-15 12:51:52,146 - INFO -   1987-08-11-red-rocks-amphitheatre-morrison-co-usa: tickets=2 (found), photos=2 (found)
2026-02-15 12:51:52,805 - INFO -   1987-08-12-red-rocks-amphitheatre-morrison-co-usa: tickets=2 (found), photos=0 (empty)
2026-02-15 12:51:53,809 - INFO -   1987-08-13-red-rocks-amphitheatre-morrison-co-usa: tickets=2 (found), photos=0 (empty)
2026-02-15 12:51:55,614 - INFO -   1987-08-15-town-park-telluride-co-usa: tickets=3 (found), photos=1 (found)
2026-02-15 12:51:56,779 - INFO -   1987-08-16-town-park-telluride-co-usa: tickets=2 (found), photos=0 (empty)
2026-02-15 12:51:57,778 - INFO -   1987-08-18-compton-terrace-amphitheatre-tempe-az-usa: tickets=2 (found), photos=0 (empty)
2026-02-15 12:51:58,763 - INFO -   1987-08-20-park-west-ski-resort-park-city-ut-usa: tickets=2 (found), photos=0 (empty)
2026-02-15 12:52:00,832 - INFO -   1987-08-22-calaveras-county-fairgrounds-angels-camp-ca-usa: tickets=2 (found), photos=1 (found)
2026-02-15 12:52:01,761 - INFO -   1987-08-23-calaveras-county-fairgrounds-angels-camp-ca-usa: tickets=2 (found), photos=0 (empty)
2026-02-15 12:52:02,800 - INFO -   1987-09-07-providence-civic-center-providence-ri-usa: tickets=1 (found), photos=0 (empty)
2026-02-15 12:52:03,801 - INFO -   1987-09-08-providence-civic-center-providence-ri-usa: tickets=2 (found), photos=0 (empty)
2026-02-15 12:52:04,763 - INFO -   1987-09-09-providence-civic-center-providence-ri-usa: tickets=1 (found), photos=0 (empty)
2026-02-15 12:52:05,816 - INFO -   1987-09-11-capitol-centre-landover-md-usa: tickets=2 (found), photos=0 (empty)
2026-02-15 12:52:06,795 - INFO -   1987-09-12-capitol-centre-landover-md-usa: tickets=2 (found), photos=0 (empty)
2026-02-15 12:52:07,775 - INFO -   1987-09-13-capitol-centre-landover-md-usa: tickets=2 (found), photos=0 (empty)
2026-02-15 12:52:08,813 - INFO -   1987-09-15-madison-square-garden-new-york-ny-usa: tickets=2 (found), photos=0 (empty)
2026-02-15 12:52:09,824 - INFO -   1987-09-16-madison-square-garden-new-york-ny-usa: tickets=1 (found), photos=0 (empty)
2026-02-15 12:52:11,619 - INFO -   1987-09-18-madison-square-garden-new-york-ny-usa: tickets=2 (found), photos=1 (found)
2026-02-15 12:52:12,815 - INFO -   1987-09-19-madison-square-garden-new-york-ny-usa: tickets=2 (found), photos=0 (empty)
2026-02-15 12:52:13,767 - INFO -   1987-09-20-madison-square-garden-new-york-ny-usa: tickets=1 (found), photos=0 (empty)
2026-02-15 12:52:14,805 - INFO -   1987-09-22-the-spectrum-philadelphia-pa-usa: tickets=2 (found), photos=0 (empty)
2026-02-15 12:52:15,803 - INFO -   1987-09-23-the-spectrum-philadelphia-pa-usa: tickets=2 (found), photos=0 (empty)
2026-02-15 12:52:17,821 - INFO -   1987-10-02-shoreline-amphitheatre-mountain-view-ca-usa: tickets=2 (found), photos=0 (empty)
2026-02-15 12:52:18,766 - INFO -   1987-10-03-shoreline-amphitheatre-mountain-view-ca-usa: tickets=2 (found), photos=0 (empty)
2026-02-15 12:52:19,823 - INFO -   1987-10-04-shoreline-amphitheatre-mountain-view-ca-usa: tickets=2 (found), photos=0 (empty)
2026-02-15 12:52:20,801 - INFO -   1987-11-06-henry-j-kaiser-convention-center-oakland-ca-usa: tickets=1 (found), photos=0 (empty)
2026-02-15 12:52:21,789 - INFO -   1987-11-07-henry-j-kaiser-convention-center-oakland-ca-usa: tickets=2 (found), photos=0 (empty)
2026-02-15 12:52:22,807 - INFO -   1987-11-08-henry-j-kaiser-convention-center-oakland-ca-usa: tickets=2 (found), photos=0 (empty)
2026-02-15 12:52:23,826 - INFO -   1987-11-13-long-beach-arena-long-beach-ca-usa: tickets=2 (found), photos=0 (empty)
2026-02-15 12:52:24,823 - INFO -   1987-11-14-long-beach-arena-long-beach-ca-usa: tickets=2 (found), photos=0 (empty)
2026-02-15 12:52:25,819 - INFO -   1987-11-15-long-beach-arena-long-beach-ca-usa: tickets=2 (found), photos=0 (empty)
2026-02-15 12:52:28,141 - INFO -   1987-12-27-oakland-alameda-county-coliseum-oakland-ca-usa: tickets=2 (found), photos=1 (found)
2026-02-15 12:52:28,814 - INFO -   1987-12-28-oakland-alameda-county-coliseum-oakland-ca-usa: tickets=2 (found), photos=0 (empty)
2026-02-15 12:52:29,826 - INFO -   1987-12-30-oakland-alameda-county-coliseum-oakland-ca-usa: tickets=2 (found), photos=0 (empty)
2026-02-15 12:52:35,621 - INFO -   1987-12-31-oakland-alameda-county-coliseum-oakland-ca-usa: tickets=2 (found), photos=5 (found)
2026-02-15 12:52:36,823 - INFO -   1988-02-13-henry-j-kaiser-convention-center-oakland-ca-usa: tickets=2 (found), photos=0 (empty)
2026-02-15 12:52:37,814 - INFO -   1988-02-14-henry-j-kaiser-convention-center-oakland-ca-usa: tickets=2 (found), photos=0 (empty)
2026-02-15 12:52:38,768 - INFO -   1988-02-16-henry-j-kaiser-convention-center-oakland-ca-usa: tickets=2 (found), photos=0 (empty)
2026-02-15 12:52:39,804 - INFO -   1988-02-17-henry-j-kaiser-convention-center-oakland-ca-usa: tickets=2 (found), photos=0 (empty)
2026-02-15 12:52:40,815 - INFO -   1988-03-12-san-francisco-civic-auditorium-san-francisco-ca-usa: tickets=1 (found), photos=0 (empty)
2026-02-15 12:52:41,822 - INFO -   1988-03-16-henry-j-kaiser-convention-center-oakland-ca-usa: tickets=2 (found), photos=0 (empty)
2026-02-15 12:52:42,777 - INFO -   1988-03-17-henry-j-kaiser-convention-center-oakland-ca-usa: tickets=2 (found), photos=0 (empty)
2026-02-15 12:52:43,806 - INFO -   1988-03-18-henry-j-kaiser-convention-center-oakland-ca-usa: tickets=1 (found), photos=0 (empty)
2026-02-15 12:52:44,795 - INFO -   1988-03-24-the-omni-atlanta-ga-usa: tickets=1 (found), photos=0 (empty)
2026-02-15 12:52:45,786 - INFO -   1988-03-26-hampton-coliseum-hampton-va-usa: tickets=2 (found), photos=0 (empty)
2026-02-15 12:52:45,786 - INFO - Progress: 1750/2313 shows (1750 processed, 0 skipped, 0 errors) — 2731 shows/hour
2026-02-15 12:52:46,762 - INFO -   1988-03-27-hampton-coliseum-hampton-va-usa: tickets=2 (found), photos=0 (empty)
2026-02-15 12:52:47,778 - INFO -   1988-03-28-hampton-coliseum-hampton-va-usa: tickets=1 (found), photos=0 (empty)
2026-02-15 12:52:48,788 - INFO -   1988-03-30-meadowlands-arena-east-rutherford-nj-usa: tickets=2 (found), photos=0 (empty)
2026-02-15 12:52:49,810 - INFO -   1988-03-31-meadowlands-arena-east-rutherford-nj-usa: tickets=2 (found), photos=0 (empty)
2026-02-15 12:52:50,778 - INFO -   1988-04-01-meadowlands-arena-east-rutherford-nj-usa: tickets=2 (found), photos=0 (empty)
2026-02-15 12:52:51,800 - INFO -   1988-04-03-hartford-civic-center-hartford-ct-usa: tickets=2 (found), photos=0 (empty)
2026-02-15 12:52:52,805 - INFO -   1988-04-04-hartford-civic-center-hartford-ct-usa: tickets=2 (found), photos=0 (empty)
2026-02-15 12:52:53,835 - INFO -   1988-04-05-hartford-civic-center-hartford-ct-usa: tickets=2 (found), photos=0 (empty)
2026-02-15 12:52:54,983 - INFO -   1988-04-07-the-centrum-worcester-ma-usa: tickets=3 (found), photos=0 (empty)
2026-02-15 12:52:55,799 - INFO -   1988-04-08-the-centrum-worcester-ma-usa: tickets=2 (found), photos=0 (empty)
2026-02-15 12:52:56,816 - INFO -   1988-04-09-the-centrum-worcester-ma-usa: tickets=2 (found), photos=0 (empty)
2026-02-15 12:52:57,804 - INFO -   1988-04-11-joe-louis-arena-detroit-mi-usa: tickets=1 (found), photos=0 (empty)
2026-02-15 12:52:58,779 - INFO -   1988-04-13-rosemont-horizon-rosemont-il-usa: tickets=2 (found), photos=0 (empty)
2026-02-15 12:52:59,759 - INFO -   1988-04-14-rosemont-horizon-rosemont-il-usa: tickets=1 (found), photos=0 (empty)
2026-02-15 12:53:00,815 - INFO -   1988-04-15-rosemont-horizon-rosemont-il-usa: tickets=1 (found), photos=0 (empty)
2026-02-15 12:53:01,905 - INFO -   1988-04-22-irvine-meadows-irvine-ca-usa: tickets=2 (found), photos=0 (empty)
2026-02-15 12:53:02,798 - INFO -   1988-04-23-irvine-meadows-irvine-ca-usa: tickets=1 (found), photos=0 (empty)
2026-02-15 12:53:03,809 - INFO -   1988-04-24-irvine-meadows-irvine-ca-usa: tickets=2 (found), photos=0 (empty)
2026-02-15 12:53:06,007 - INFO -   1988-04-30-frost-amphitheatre-palo-alto-ca-usa: tickets=2 (found), photos=1 (found)
2026-02-15 12:53:08,061 - INFO -   1988-05-01-frost-amphitheatre-palo-alto-ca-usa: tickets=1 (found), photos=1 (found)
2026-02-15 12:53:09,076 - INFO -   1988-06-17-metropolitan-sports-center-bloomington-mn-usa: tickets=2 (found), photos=0 (empty)
2026-02-15 12:53:09,773 - INFO -   1988-06-19-alpine-valley-music-theatre-east-troy-wi-usa: tickets=2 (found), photos=0 (empty)
2026-02-15 12:53:10,781 - INFO -   1988-06-20-alpine-valley-music-theatre-east-troy-wi-usa: tickets=2 (found), photos=0 (empty)
2026-02-15 12:53:11,796 - INFO -   1988-06-22-alpine-valley-music-theatre-east-troy-wi-usa: tickets=2 (found), photos=0 (empty)
2026-02-15 12:53:12,817 - INFO -   1988-06-23-alpine-valley-music-theatre-east-troy-wi-usa: tickets=3 (found), photos=0 (empty)
2026-02-15 12:53:13,809 - INFO -   1988-06-25-buckeye-lake-music-center-hebron-oh-usa: tickets=2 (found), photos=0 (empty)
2026-02-15 12:53:14,789 - INFO -   1988-06-26-civic-arena-pittsburgh-pa-usa: tickets=2 (found), photos=0 (empty)
2026-02-15 12:53:15,821 - INFO -   1988-06-28-saratoga-performing-arts-center-saratoga-springs-ny-usa: tickets=2 (found), photos=0 (empty)
2026-02-15 12:53:16,808 - INFO -   1988-06-30-silver-stadium-rochester-ny-usa: tickets=2 (found), photos=0 (empty)
2026-02-15 12:53:17,826 - INFO -   1988-07-02-oxford-plains-speedway-oxford-me-usa: tickets=2 (found), photos=0 (empty)
2026-02-15 12:53:18,775 - INFO -   1988-07-03-oxford-plains-speedway-oxford-me-usa: tickets=2 (found), photos=0 (empty)
2026-02-15 12:53:19,784 - INFO -   1988-07-15-greek-theatre-berkeley-ca: tickets=2 (found), photos=0 (empty)
2026-02-15 12:53:20,788 - INFO -   1988-07-16-greek-theatre-berkeley-ca: tickets=2 (found), photos=0 (empty)
2026-02-15 12:53:21,781 - INFO -   1988-07-17-greek-theatre-berkeley-ca: tickets=2 (found), photos=0 (empty)
2026-02-15 12:53:22,790 - INFO -   1988-07-29-laguna-seca-recreation-area-monterey-ca-usa: tickets=2 (found), photos=0 (empty)
2026-02-15 12:53:23,795 - INFO -   1988-07-30-laguna-seca-recreation-area-monterey-ca-usa: tickets=1 (found), photos=0 (empty)
2026-02-15 12:53:24,875 - INFO -   1988-07-31-laguna-seca-recreation-area-monterey-ca-usa: tickets=2 (found), photos=0 (empty)
2026-02-15 12:53:25,787 - INFO -   1988-08-26-tacoma-dome-tacoma-wa-usa: tickets=2 (found), photos=0 (empty)
2026-02-15 12:53:26,811 - INFO -   1988-08-28-autzen-stadium-u-of-oregon-eugene-or-usa: tickets=1 (found), photos=0 (empty)
2026-02-15 12:53:27,809 - INFO -   1988-09-02-capitol-centre-landover-md-usa: tickets=2 (found), photos=0 (empty)
2026-02-15 12:53:28,790 - INFO -   1988-09-03-capitol-centre-landover-md-usa: tickets=2 (found), photos=0 (empty)
2026-02-15 12:53:29,805 - INFO -   1988-09-05-capitol-centre-landover-md-usa: tickets=1 (found), photos=0 (empty)
2026-02-15 12:53:30,790 - INFO -   1988-09-06-capitol-centre-landover-md-usa: tickets=2 (found), photos=0 (empty)
2026-02-15 12:53:31,798 - INFO -   1988-09-08-the-spectrum-philadelphia-pa-usa: tickets=2 (found), photos=0 (empty)
2026-02-15 12:53:32,804 - INFO -   1988-09-09-the-spectrum-philadelphia-pa-usa: tickets=2 (found), photos=0 (empty)
2026-02-15 12:53:33,819 - INFO -   1988-09-11-the-spectrum-philadelphia-pa-usa: tickets=1 (found), photos=0 (empty)
2026-02-15 12:53:34,800 - INFO -   1988-09-12-the-spectrum-philadelphia-pa-usa: tickets=1 (found), photos=0 (empty)
2026-02-15 12:53:35,822 - INFO -   1988-09-14-madison-square-garden-new-york-ny-usa: tickets=2 (found), photos=0 (empty)
2026-02-15 12:53:36,830 - INFO -   1988-09-15-madison-square-garden-new-york-ny-usa: tickets=2 (found), photos=0 (empty)
2026-02-15 12:53:37,820 - INFO -   1988-09-16-madison-square-garden-new-york-ny-usa: tickets=2 (found), photos=0 (empty)
2026-02-15 12:53:37,820 - INFO - Progress: 1800/2313 shows (1800 processed, 0 skipped, 0 errors) — 2747 shows/hour
2026-02-15 12:53:38,807 - INFO -   1988-09-18-madison-square-garden-new-york-ny-usa: tickets=2 (found), photos=0 (empty)
2026-02-15 12:53:39,803 - INFO -   1988-09-19-madison-square-garden-new-york-ny-usa: tickets=2 (found), photos=0 (empty)
2026-02-15 12:53:40,806 - INFO -   1988-09-20-madison-square-garden-new-york-ny-usa: tickets=2 (found), photos=0 (empty)
2026-02-15 12:53:41,811 - INFO -   1988-09-22-madison-square-garden-new-york-ny-usa: tickets=2 (found), photos=0 (empty)
2026-02-15 12:53:42,803 - INFO -   1988-09-23-madison-square-garden-new-york-ny-usa: tickets=2 (found), photos=0 (empty)
2026-02-15 12:53:43,804 - INFO -   1988-09-24-madison-square-garden-new-york-ny-usa: tickets=2 (found), photos=0 (empty)
2026-02-15 12:53:44,821 - INFO -   1988-09-30-shoreline-amphitheatre-mountain-view-ca-usa: tickets=1 (found), photos=0 (empty)
2026-02-15 12:53:45,820 - INFO -   1988-10-01-shoreline-amphitheatre-mountain-view-ca-usa: tickets=1 (found), photos=0 (empty)
2026-02-15 12:53:46,780 - INFO -   1988-10-02-shoreline-amphitheatre-mountain-view-ca-usa: tickets=2 (found), photos=0 (empty)
2026-02-15 12:53:47,797 - INFO -   1988-10-14-miami-arena-miami-fl-usa: tickets=1 (found), photos=0 (empty)
2026-02-15 12:53:48,842 - INFO -   1988-10-15-bayfront-center-arena-st-petersburg-fl-usa-2: tickets=2 (found), photos=0 (empty)
2026-02-15 12:53:50,634 - INFO -   1988-10-15-bayfront-center-arena-st-petersburg-fl-usa: tickets=2 (found), photos=1 (found)
2026-02-15 12:53:51,836 - INFO -   1988-10-18-keifer-lakefront-arena-new-orleans-la-usa: tickets=2 (found), photos=0 (empty)
2026-02-15 12:53:52,817 - INFO -   1988-10-20-the-summit-houston-tx-usa: tickets=2 (found), photos=0 (empty)
2026-02-15 12:53:53,824 - INFO -   1988-10-21-reunion-arena-dallas-tx-usa: tickets=1 (found), photos=0 (empty)
2026-02-15 12:53:54,822 - INFO -   1988-12-09-long-beach-arena-long-beach-ca-usa: tickets=2 (found), photos=0 (empty)
2026-02-15 12:53:55,816 - INFO -   1988-12-10-long-beach-arena-long-beach-ca-usa: tickets=2 (found), photos=0 (empty)
2026-02-15 12:53:56,812 - INFO -   1988-12-11-long-beach-arena-long-beach-ca-usa: tickets=2 (found), photos=0 (empty)
2026-02-15 12:53:58,954 - INFO -   1988-12-28-oakland-alameda-county-coliseum-oakland-ca-usa: tickets=2 (found), photos=1 (found)
2026-02-15 12:53:59,837 - INFO -   1988-12-29-oakland-alameda-county-coliseum-oakland-ca-usa: tickets=1 (found), photos=0 (empty)
2026-02-15 12:54:00,818 - INFO -   1988-12-31-oakland-alameda-county-coliseum-oakland-ca-usa: tickets=2 (found), photos=0 (empty)
2026-02-15 12:54:01,821 - INFO -   1989-02-05-henry-j-kaiser-convention-center-oakland-ca-usa: tickets=2 (found), photos=0 (empty)
2026-02-15 12:54:02,816 - INFO -   1989-02-06-henry-j-kaiser-convention-center-oakland-ca-usa: tickets=2 (found), photos=0 (empty)
2026-02-15 12:54:03,821 - INFO -   1989-02-07-henry-j-kaiser-convention-center-oakland-ca-usa: tickets=2 (found), photos=0 (empty)
2026-02-15 12:54:04,822 - INFO -   1989-02-10-great-western-la-forum-inglewood-ca-usa: tickets=2 (found), photos=0 (empty)
2026-02-15 12:54:05,824 - INFO -   1989-02-11-great-western-la-forum-inglewood-ca-usa: tickets=2 (found), photos=0 (empty)
2026-02-15 12:54:06,833 - INFO -   1989-02-12-great-western-la-forum-inglewood-ca-usa: tickets=1 (found), photos=0 (empty)
2026-02-15 12:54:07,842 - INFO -   1989-03-27-the-omni-atlanta-ga-usa: tickets=2 (found), photos=0 (empty)
2026-02-15 12:54:09,197 - INFO -   1989-03-28-the-omni-atlanta-ga-usa: tickets=2 (found), photos=0 (empty)
2026-02-15 12:54:10,128 - INFO -   1989-03-30-greensboro-coliseum-greensboro-nc-usa: tickets=1 (found), photos=0 (empty)
2026-02-15 12:54:11,283 - INFO -   1989-03-31-greensboro-coliseum-greensboro-nc-usa: tickets=2 (found), photos=0 (empty)
2026-02-15 12:54:12,024 - INFO -   1989-04-02-civic-arena-pittsburgh-pa-usa: tickets=2 (found), photos=0 (empty)
2026-02-15 12:54:12,922 - INFO -   1989-04-03-civic-arena-pittsburgh-pa-usa: tickets=2 (found), photos=0 (empty)
2026-02-15 12:54:14,221 - INFO -   1989-04-05-chrysler-arena-ann-arbor-mi-usa: tickets=2 (found), photos=0 (empty)
2026-02-15 12:54:15,180 - INFO -   1989-04-06-chrysler-arena-ann-arbor-mi-usa: tickets=2 (found), photos=0 (empty)
2026-02-15 12:54:16,119 - INFO -   1989-04-08-riverfront-arena-cincinnati-oh-usa: tickets=2 (found), photos=0 (empty)
2026-02-15 12:54:16,829 - INFO -   1989-04-09-freedom-hall-louisville-ky-usa: tickets=2 (found), photos=0 (empty)
2026-02-15 12:54:17,837 - INFO -   1989-04-11-rosemont-horizon-rosemont-il-usa: tickets=2 (found), photos=0 (empty)
2026-02-15 12:54:18,791 - INFO -   1989-04-12-rosemont-horizon-rosemont-il-usa: tickets=2 (found), photos=0 (empty)
2026-02-15 12:54:19,842 - INFO -   1989-04-13-rosemont-horizon-rosemont-il-usa: tickets=2 (found), photos=0 (empty)
2026-02-15 12:54:20,825 - INFO -   1989-04-15-the-mecca-milwaukee-wi-usa: tickets=2 (found), photos=0 (empty)
2026-02-15 12:54:21,835 - INFO -   1989-04-16-the-mecca-milwaukee-wi-usa: tickets=2 (found), photos=0 (empty)
2026-02-15 12:54:22,839 - INFO -   1989-04-17-metropolitan-sports-center-minneapolis-mn-usa: tickets=2 (found), photos=0 (empty)
2026-02-15 12:54:23,825 - INFO -   1989-04-28-irvine-meadows-irvine-ca-usa: tickets=1 (found), photos=0 (empty)
2026-02-15 12:54:24,840 - INFO -   1989-04-29-irvine-meadows-irvine-ca-usa: tickets=2 (found), photos=0 (empty)
2026-02-15 12:54:25,844 - INFO -   1989-04-30-irvine-meadows-irvine-ca-usa: tickets=2 (found), photos=0 (empty)
2026-02-15 12:54:28,030 - INFO -   1989-05-06-frost-amphitheatre-palo-alto-ca-usa: tickets=2 (found), photos=1 (found)
2026-02-15 12:54:32,024 - INFO -   1989-05-07-frost-amphitheatre-palo-alto-ca-usa: tickets=2 (found), photos=3 (found)
2026-02-15 12:54:32,835 - INFO -   1989-05-27-oakland-alameda-county-stadium-oakland-ca-usa: tickets=1 (found), photos=0 (empty)
2026-02-15 12:54:33,840 - INFO -   1989-06-18-shoreline-amphitheatre-mountain-view-ca-usa: tickets=1 (found), photos=0 (empty)
2026-02-15 12:54:33,840 - INFO - Progress: 1850/2313 shows (1850 processed, 0 skipped, 0 errors) — 2758 shows/hour
2026-02-15 12:54:34,837 - INFO -   1989-06-19-shoreline-amphitheatre-mountain-view-ca-usa: tickets=1 (found), photos=0 (empty)
2026-02-15 12:54:35,837 - INFO -   1989-06-21-shoreline-amphitheatre-mountain-view-ca-usa: tickets=2 (found), photos=0 (empty)
2026-02-15 12:54:36,839 - INFO -   1989-07-02-sullivan-stadium-foxboro-ma-usa: tickets=2 (found), photos=0 (empty)
2026-02-15 12:54:38,158 - WARNING - Got 500 but response contains HTML, attempting to parse: https://jerrygarcia.com/show/1989-07-04-rich-stadium-buffalo-ny-usa/
2026-02-15 12:54:38,205 - INFO - ✅ Successfully parsed show data despite 500 error: https://jerrygarcia.com/show/1989-07-04-rich-stadium-buffalo-ny-usa/
2026-02-15 12:54:38,772 - INFO -   1989-07-07-john-f-kennedy-stadium-philadelphia-pa-usa: tickets=2 (found), photos=0 (empty)
2026-02-15 12:54:39,827 - INFO -   1989-07-09-giants-stadium-east-rutherford-nj-usa: tickets=2 (found), photos=0 (empty)
2026-02-15 12:54:40,841 - INFO -   1989-07-10-giants-stadium-east-rutherford-nj-usa: tickets=2 (found), photos=0 (empty)
2026-02-15 12:54:41,858 - INFO -   1989-07-12-robert-f-kennedy-stadium-washington-dc-usa: tickets=3 (found), photos=0 (empty)
2026-02-15 12:54:42,838 - INFO -   1989-07-13-robert-f-kennedy-stadium-washington-dc-usa: tickets=3 (found), photos=0 (empty)
2026-02-15 12:54:43,832 - INFO -   1989-07-15-deer-creek-music-center-noblesville-in-usa: tickets=1 (found), photos=0 (empty)
2026-02-15 12:54:44,827 - INFO -   1989-07-17-alpine-valley-music-theatre-east-troy-wi-usa: tickets=1 (found), photos=0 (empty)
2026-02-15 12:54:45,837 - INFO -   1989-07-18-alpine-valley-music-theatre-east-troy-wi-usa: tickets=2 (found), photos=0 (empty)
2026-02-15 12:54:46,841 - INFO -   1989-07-19-alpine-valley-music-theatre-east-troy-wi-usa: tickets=2 (found), photos=0 (empty)
2026-02-15 12:54:47,831 - INFO -   1989-08-04-cal-expo-sacramento-ca-usa: tickets=2 (found), photos=0 (empty)
2026-02-15 12:54:48,831 - INFO -   1989-08-05-cal-expo-sacramento-ca-usa: tickets=2 (found), photos=0 (empty)
2026-02-15 12:54:49,796 - INFO -   1989-08-06-cal-expo-sacramento-ca-usa: tickets=1 (found), photos=0 (empty)
2026-02-15 12:54:51,841 - INFO -   1989-08-18-greek-theatre-berkeley-ca: tickets=2 (found), photos=0 (empty)
2026-02-15 12:54:52,841 - INFO -   1989-08-19-greek-theatre-berkeley-ca: tickets=2 (found), photos=0 (empty)
2026-02-15 12:54:53,850 - INFO -   1989-09-29-shoreline-amphitheatre-mountain-view-ca-usa: tickets=2 (found), photos=0 (empty)
2026-02-15 12:54:54,845 - INFO -   1989-09-30-shoreline-amphitheatre-mountain-view-ca-usa: tickets=2 (found), photos=0 (empty)
2026-02-15 12:54:55,846 - INFO -   1989-10-01-shoreline-amphitheatre-mountain-view-ca-usa: tickets=2 (found), photos=0 (empty)
2026-02-15 12:54:56,841 - INFO -   1989-10-08-hampton-coliseum-hampton-va-usa: tickets=2 (found), photos=0 (empty)
2026-02-15 12:54:57,858 - INFO -   1989-10-09-hampton-coliseum-hampton-va-usa: tickets=2 (found), photos=0 (empty)
2026-02-15 12:54:58,830 - INFO -   1989-10-11-meadowlands-arena-east-rutherford-nj-usa: tickets=2 (found), photos=0 (empty)
2026-02-15 12:55:00,825 - INFO -   1989-10-12-meadowlands-arena-east-rutherford-nj-usa: tickets=2 (found), photos=1 (found)
2026-02-15 12:55:01,853 - INFO -   1989-10-14-meadowlands-arena-east-rutherford-nj-usa: tickets=1 (found), photos=0 (empty)
2026-02-15 12:55:02,871 - INFO -   1989-10-15-meadowlands-arena-east-rutherford-nj-usa: tickets=2 (found), photos=0 (empty)
2026-02-15 12:55:03,825 - INFO -   1989-10-16-meadowlands-arena-east-rutherford-nj-usa: tickets=2 (found), photos=0 (empty)
2026-02-15 12:55:04,810 - INFO -   1989-10-18-the-spectrum-philadelphia-pa-usa: tickets=2 (found), photos=0 (empty)
2026-02-15 12:55:05,818 - INFO -   1989-10-19-the-spectrum-philadelphia-pa-usa: tickets=2 (found), photos=0 (empty)
2026-02-15 12:55:06,844 - INFO -   1989-10-20-the-spectrum-philadelphia-pa-usa: tickets=2 (found), photos=0 (empty)
2026-02-15 12:55:07,825 - INFO -   1989-10-22-charlotte-coliseum-charlotte-nc-usa: tickets=2 (found), photos=0 (empty)
2026-02-15 12:55:08,831 - INFO -   1989-10-23-charlotte-coliseum-charlotte-nc-usa: tickets=2 (found), photos=0 (empty)
2026-02-15 12:55:09,853 - INFO -   1989-10-25-miami-arena-miami-fl-usa: tickets=2 (found), photos=0 (empty)
2026-02-15 12:55:10,851 - INFO -   1989-10-26-miami-arena-miami-fl-usa: tickets=2 (found), photos=0 (empty)
2026-02-15 12:55:11,832 - INFO -   1989-12-06-oakland-alameda-county-coliseum-oakland-ca-usa: tickets=2 (found), photos=0 (empty)
2026-02-15 12:55:12,840 - INFO -   1989-12-08-great-western-la-forum-inglewood-ca-usa: tickets=2 (found), photos=0 (empty)
2026-02-15 12:55:13,843 - INFO -   1989-12-09-great-western-la-forum-inglewood-ca-usa: tickets=2 (found), photos=0 (empty)
2026-02-15 12:55:14,840 - INFO -   1989-12-10-great-western-la-forum-inglewood-ca-usa: tickets=2 (found), photos=0 (empty)
2026-02-15 12:55:15,840 - INFO -   1989-12-27-oakland-alameda-county-coliseum-oakland-ca-usa: tickets=2 (found), photos=0 (empty)
2026-02-15 12:55:16,838 - INFO -   1989-12-28-oakland-alameda-county-coliseum-oakland-ca-usa: tickets=2 (found), photos=0 (empty)
2026-02-15 12:55:17,845 - INFO -   1989-12-30-oakland-alameda-county-coliseum-oakland-ca-usa: tickets=1 (found), photos=0 (empty)
2026-02-15 12:55:20,123 - INFO -   1989-12-31-oakland-alameda-county-coliseum-oakland-ca-usa: tickets=1 (found), photos=1 (found)
2026-02-15 12:55:20,823 - INFO -   1990-02-25-oakland-alameda-county-coliseum-oakland-ca-usa: tickets=2 (found), photos=0 (empty)
2026-02-15 12:55:22,015 - INFO -   1990-02-26-oakland-alameda-county-coliseum-oakland-ca-usa: tickets=2 (found), photos=0 (empty)
2026-02-15 12:55:22,841 - INFO -   1990-02-27-oakland-alameda-county-coliseum-oakland-ca-usa: tickets=2 (found), photos=0 (empty)
2026-02-15 12:55:23,848 - INFO -   1990-03-14-capitol-centre-landover-md-usa: tickets=2 (found), photos=0 (empty)
2026-02-15 12:55:24,836 - INFO -   1990-03-15-capitol-centre-landover-md-usa: tickets=2 (found), photos=0 (empty)
2026-02-15 12:55:25,844 - INFO -   1990-03-16-capitol-centre-landover-md-usa: tickets=2 (found), photos=0 (empty)
2026-02-15 12:55:25,844 - INFO - Progress: 1900/2313 shows (1900 processed, 0 skipped, 0 errors) — 2773 shows/hour
2026-02-15 12:55:26,846 - INFO -   1990-03-18-hartford-civic-center-hartford-ct-usa: tickets=2 (found), photos=0 (empty)
2026-02-15 12:55:27,847 - INFO -   1990-03-19-hartford-civic-center-hartford-ct-usa: tickets=2 (found), photos=0 (empty)
2026-02-15 12:55:28,853 - INFO -   1990-03-21-copps-coliseum-hamilton-ontario-canada: tickets=2 (found), photos=0 (empty)
2026-02-15 12:55:29,834 - INFO -   1990-03-22-copps-coliseum-hamilton-ontario-canada: tickets=2 (found), photos=0 (empty)
2026-02-15 12:55:31,201 - WARNING - Got 500 but response contains HTML, attempting to parse: https://jerrygarcia.com/show/1990-03-24-knickerbocker-arena-albany-ny-usa/
2026-02-15 12:55:31,227 - INFO - ✅ Successfully parsed show data despite 500 error: https://jerrygarcia.com/show/1990-03-24-knickerbocker-arena-albany-ny-usa/
2026-02-15 12:55:32,925 - INFO -   1990-03-25-knickerbocker-arena-albany-ny-usa: tickets=2 (found), photos=1 (found)
2026-02-15 12:55:34,651 - INFO -   1990-03-26-knickerbocker-arena-albany-ny-usa: tickets=2 (found), photos=1 (found)
2026-02-15 12:55:36,645 - INFO -   1990-03-28-nassau-coliseum-uniondale-ny-usa: tickets=2 (found), photos=1 (found)
2026-02-15 12:55:38,652 - INFO -   1990-03-29-nassau-coliseum-uniondale-ny-usa: tickets=2 (found), photos=1 (found)
2026-02-15 12:55:40,643 - INFO -   1990-03-30-nassau-coliseum-uniondale-ny-usa: tickets=2 (found), photos=1 (found)
2026-02-15 12:55:41,858 - INFO -   1990-04-01-the-omni-atlanta-ga-usa: tickets=1 (found), photos=0 (empty)
2026-02-15 12:55:42,833 - INFO -   1990-04-02-the-omni-atlanta-ga-usa: tickets=2 (found), photos=0 (empty)
2026-02-15 12:55:43,835 - INFO -   1990-04-03-the-omni-atlanta-ga-usa: tickets=1 (found), photos=0 (empty)
2026-02-15 12:55:44,843 - INFO -   1990-05-05-cal-state-dominguez-hills-carson-ca-usa: tickets=2 (found), photos=0 (empty)
2026-02-15 12:55:45,857 - INFO -   1990-05-06-cal-state-dominguez-hills-carson-ca-usa: tickets=2 (found), photos=0 (empty)
2026-02-15 12:55:47,660 - INFO -   1990-06-08-cal-expo-sacramento-ca-usa: tickets=1 (found), photos=1 (found)
2026-02-15 12:55:48,848 - INFO -   1990-06-09-cal-expo-sacramento-ca-usa: tickets=1 (found), photos=0 (empty)
2026-02-15 12:55:49,838 - INFO -   1990-06-10-cal-expo-sacramento-ca-usa: tickets=1 (found), photos=0 (empty)
2026-02-15 12:55:52,033 - INFO -   1990-06-15-shoreline-amphitheatre-mountain-view-ca-usa: tickets=1 (found), photos=1 (found)
2026-02-15 12:55:52,845 - INFO -   1990-06-16-shoreline-amphitheatre-mountain-view-ca-usa: tickets=1 (found), photos=0 (empty)
2026-02-15 12:55:53,835 - INFO -   1990-06-17-shoreline-amphitheatre-mountain-view-ca-usa: tickets=2 (found), photos=0 (empty)
2026-02-15 12:55:54,800 - INFO -   1990-06-23-autzen-stadium-u-of-oregon-eugene-or-usa: tickets=2 (found), photos=0 (empty)
2026-02-15 12:55:58,051 - INFO -   1990-06-24-autzen-stadium-u-of-oregon-eugene-or-usa: tickets=2 (found), photos=2 (found)
2026-02-15 12:55:58,885 - INFO -   1990-07-04-sandstone-ampitheatre-bonner-springs-ks-usa: tickets=2 (found), photos=0 (empty)
2026-02-15 12:55:59,838 - INFO -   1990-07-06-cardinal-stadium-louisville-ky-usa: tickets=1 (found), photos=0 (empty)
2026-02-15 12:56:00,839 - INFO -   1990-07-08-three-rivers-stadium-pittsburgh-pa-usa: tickets=2 (found), photos=0 (empty)
2026-02-15 12:56:01,860 - INFO -   1990-07-10-carter-finley-stadium-raleigh-nc-usa: tickets=2 (found), photos=0 (empty)
2026-02-15 12:56:02,846 - INFO -   1990-07-12-robert-f-kennedy-stadium-washington-dc-usa: tickets=3 (found), photos=0 (empty)
2026-02-15 12:56:03,854 - INFO -   1990-07-14-foxboro-stadium-foxboro-ma-usa: tickets=2 (found), photos=0 (empty)
2026-02-15 12:56:04,844 - INFO -   1990-07-16-rich-stadium-buffalo-ny-usa: tickets=3 (found), photos=0 (empty)
2026-02-15 12:56:05,853 - INFO -   1990-07-18-deer-creek-music-center-noblesville-in-usa: tickets=2 (found), photos=0 (empty)
2026-02-15 12:56:06,834 - INFO -   1990-07-19-deer-creek-music-center-noblesville-in-usa: tickets=2 (found), photos=0 (empty)
2026-02-15 12:56:07,829 - INFO -   1990-07-21-world-music-theater-tinley-park-il-il-usa: tickets=2 (found), photos=0 (empty)
2026-02-15 12:56:08,838 - INFO -   1990-07-22-world-music-theater-tinley-park-il-il-usa: tickets=2 (found), photos=0 (empty)
2026-02-15 12:56:09,836 - INFO -   1990-07-23-world-music-theater-tinley-park-il-il-usa: tickets=2 (found), photos=0 (empty)
2026-02-15 12:56:10,854 - INFO -   1990-09-07-richfield-coliseum-richfield-oh-usa: tickets=2 (found), photos=0 (empty)
2026-02-15 12:56:12,064 - INFO -   1990-09-08-richfield-coliseum-richfield-oh-usa: tickets=2 (found), photos=0 (empty)
2026-02-15 12:56:12,834 - INFO -   1990-09-10-the-spectrum-philadelphia-pa-usa: tickets=1 (found), photos=0 (empty)
2026-02-15 12:56:13,851 - INFO -   1990-09-11-the-spectrum-philadelphia-pa-usa: tickets=2 (found), photos=0 (empty)
2026-02-15 12:56:14,843 - INFO -   1990-09-12-the-spectrum-philadelphia-pa-usa: tickets=2 (found), photos=0 (empty)
2026-02-15 12:56:16,936 - INFO -   1990-09-14-madison-square-garden-new-york-ny-usa: tickets=2 (found), photos=1 (found)
2026-02-15 12:56:18,657 - INFO -   1990-09-15-madison-square-garden-new-york-ny-usa: tickets=2 (found), photos=1 (found)
2026-02-15 12:56:20,664 - INFO -   1990-09-16-madison-square-garden-new-york-ny-usa: tickets=2 (found), photos=1 (found)
2026-02-15 12:56:22,655 - INFO -   1990-09-18-madison-square-garden-new-york-ny-usa: tickets=1 (found), photos=1 (found)
2026-02-15 12:56:24,650 - INFO -   1990-09-19-madison-square-garden-new-york-ny-usa: tickets=2 (found), photos=1 (found)
2026-02-15 12:56:26,655 - INFO -   1990-09-20-madison-square-garden-new-york-ny-usa: tickets=2 (found), photos=1 (found)
2026-02-15 12:56:27,797 - INFO -   1990-10-13-ice-stadium-stockholm-sweden: tickets=2 (found), photos=0 (empty)
2026-02-15 12:56:28,843 - INFO -   1990-10-17-gruga-halle-essen-germany: tickets=2 (found), photos=0 (empty)
2026-02-15 12:56:31,181 - INFO -   1990-10-19-internationales-congress-centrum-berlin-germany: tickets=2 (found), photos=1 (found)
2026-02-15 12:56:31,853 - INFO -   1990-10-20-internationales-congress-centrum-berlin-germany: tickets=2 (found), photos=0 (empty)
2026-02-15 12:56:31,853 - INFO - Progress: 1950/2313 shows (1950 processed, 0 skipped, 0 errors) — 2772 shows/hour
2026-02-15 12:56:32,850 - INFO -   1990-10-22-festhalle-frankfurt-germany: tickets=2 (found), photos=0 (empty)
2026-02-15 12:56:33,833 - INFO -   1990-10-24-sportsahalle-hamburg-hamburg: tickets=2 (found), photos=0 (empty)
2026-02-15 12:56:34,845 - INFO -   1990-10-27-the-zenith-paris-france: tickets=2 (found), photos=0 (empty)
2026-02-15 12:56:35,812 - INFO -   1990-10-28-the-zenith-paris-france: tickets=2 (found), photos=0 (empty)
2026-02-15 12:56:36,815 - INFO -   1990-10-30-wembley-arena-london-england: tickets=2 (found), photos=0 (empty)
2026-02-15 12:56:37,822 - INFO -   1990-10-31-wembley-arena-london-england: tickets=2 (found), photos=0 (empty)
2026-02-15 12:56:38,846 - INFO -   1990-11-01-wembley-arena-london-england: tickets=2 (found), photos=0 (empty)
2026-02-15 12:56:39,829 - INFO -   1990-12-03-oakland-alameda-county-coliseum-oakland-ca-usa: tickets=2 (found), photos=0 (empty)
2026-02-15 12:56:40,803 - INFO -   1990-12-04-oakland-alameda-county-coliseum-oakland-ca-usa: tickets=2 (found), photos=0 (empty)
2026-02-15 12:56:41,839 - INFO -   1990-12-08-compton-terrace-amphitheatre-tempe-az-usa: tickets=2 (found), photos=0 (empty)
2026-02-15 12:56:42,834 - INFO -   1990-12-09-compton-terrace-amphitheatre-tempe-az-usa: tickets=1 (found), photos=0 (empty)
2026-02-15 12:56:43,836 - INFO -   1990-12-12-mcnichols-sports-arena-denver-co-usa: tickets=2 (found), photos=0 (empty)
2026-02-15 12:56:44,847 - INFO -   1990-12-13-mcnichols-sports-arena-denver-co-usa: tickets=1 (found), photos=0 (empty)
2026-02-15 12:56:45,872 - INFO -   1990-12-14-mcnichols-sports-arena-denver-co-usa: tickets=2 (found), photos=0 (empty)
2026-02-15 12:56:46,812 - INFO -   1990-12-27-oakland-alameda-county-coliseum-oakland-ca-usa: tickets=2 (found), photos=0 (empty)
2026-02-15 12:56:47,836 - INFO -   1990-12-28-oakland-alameda-county-coliseum-oakland-ca-usa: tickets=2 (found), photos=0 (empty)
2026-02-15 12:56:48,817 - INFO -   1990-12-30-oakland-alameda-county-coliseum-oakland-ca-usa: tickets=2 (found), photos=0 (empty)
2026-02-15 12:56:49,874 - INFO -   1990-12-31-oakland-alameda-county-coliseum-oakland-ca-usa: tickets=2 (found), photos=0 (empty)
2026-02-15 12:56:50,804 - INFO -   1991-02-19-oakland-alameda-county-coliseum-oakland-ca-usa: tickets=2 (found), photos=0 (empty)
2026-02-15 12:56:51,824 - INFO -   1991-02-20-oakland-alameda-county-coliseum-oakland-ca-usa: tickets=2 (found), photos=0 (empty)
2026-02-15 12:56:52,839 - INFO -   1991-02-21-oakland-alameda-county-coliseum-oakland-ca-usa: tickets=2 (found), photos=0 (empty)
2026-02-15 12:56:53,844 - INFO -   1991-03-17-capitol-centre-landover-md-usa: tickets=2 (found), photos=0 (empty)
2026-02-15 12:56:54,833 - INFO -   1991-03-18-capitol-centre-landover-md-usa: tickets=2 (found), photos=0 (empty)
2026-02-15 12:56:55,836 - INFO -   1991-03-20-capitol-centre-landover-md-usa: tickets=2 (found), photos=0 (empty)
2026-02-15 12:56:56,829 - INFO -   1991-03-21-capitol-centre-landover-md-usa: tickets=2 (found), photos=0 (empty)
2026-02-15 12:56:57,833 - INFO -   1991-03-23-knickerbocker-arena-albany-ny-usa: tickets=1 (found), photos=0 (empty)
2026-02-15 12:56:58,832 - INFO -   1991-03-24-knickerbocker-arena-albany-ny-usa: tickets=2 (found), photos=0 (empty)
2026-02-15 12:56:59,830 - INFO -   1991-03-25-knickerbocker-arena-albany-ny-usa: tickets=2 (found), photos=0 (empty)
2026-02-15 12:57:00,822 - INFO -   1991-03-27-nassau-coliseum-uniondale-ny-usa: tickets=2 (found), photos=0 (empty)
2026-02-15 12:57:01,855 - INFO -   1991-03-28-nassau-coliseum-uniondale-ny-usa: tickets=1 (found), photos=0 (empty)
2026-02-15 12:57:02,832 - INFO -   1991-03-29-nassau-coliseum-uniondale-ny-usa: tickets=2 (found), photos=0 (empty)
2026-02-15 12:57:03,828 - INFO -   1991-03-31-greensboro-coliseum-greensboro-nc-usa: tickets=2 (found), photos=0 (empty)
2026-02-15 12:57:04,810 - INFO -   1991-04-01-greensboro-coliseum-greensboro-nc-usa: tickets=2 (found), photos=0 (empty)
2026-02-15 12:57:05,832 - INFO -   1991-04-03-the-omni-atlanta-ga-usa: tickets=2 (found), photos=0 (empty)
2026-02-15 12:57:06,822 - INFO -   1991-04-04-the-omni-atlanta-ga-usa: tickets=2 (found), photos=0 (empty)
2026-02-15 12:57:07,848 - INFO -   1991-04-05-the-omni-atlanta-ga-usa: tickets=2 (found), photos=0 (empty)
2026-02-15 12:57:08,855 - INFO -   1991-04-07-orlando-arena-orlando-fl-usa: tickets=2 (found), photos=0 (empty)
2026-02-15 12:57:09,834 - INFO -   1991-04-08-orlando-arena-orlando-fl-usa: tickets=2 (found), photos=0 (empty)
2026-02-15 12:57:10,841 - INFO -   1991-04-09-orlando-arena-orlando-fl-usa: tickets=1 (found), photos=0 (empty)
2026-02-15 12:57:11,852 - INFO -   1991-04-27-sam-boyd-silver-bowl-u-n-l-v-las-vegas-nv-usa: tickets=2 (found), photos=0 (empty)
2026-02-15 12:57:12,838 - INFO -   1991-04-28-sam-boyd-silver-bowl-u-n-l-v-las-vegas-nv-usa: tickets=2 (found), photos=0 (empty)
2026-02-15 12:57:13,850 - INFO -   1991-05-03-cal-expo-sacramento-ca-usa: tickets=2 (found), photos=0 (empty)
2026-02-15 12:57:14,845 - INFO -   1991-05-04-cal-expo-sacramento-ca-usa: tickets=2 (found), photos=0 (empty)
2026-02-15 12:57:15,831 - INFO -   1991-05-05-cal-expo-sacramento-ca-usa: tickets=2 (found), photos=0 (empty)
2026-02-15 12:57:16,828 - INFO -   1991-05-10-shoreline-amphitheatre-mountain-view-ca-usa: tickets=2 (found), photos=0 (empty)
2026-02-15 12:57:19,046 - INFO -   1991-05-11-shoreline-amphitheatre-mountain-view-ca-usa: tickets=2 (found), photos=1 (found)
2026-02-15 12:57:19,871 - INFO -   1991-05-12-shoreline-amphitheatre-mountain-view-ca-usa: tickets=2 (found), photos=0 (empty)
2026-02-15 12:57:21,185 - INFO -   1991-06-01-los-angeles-coliseum-los-angeles-ca-usa: tickets=2 (found), photos=0 (empty)
2026-02-15 12:57:21,834 - INFO -   1991-06-06-deer-creek-music-center-noblesville-in-usa: tickets=2 (found), photos=0 (empty)
2026-02-15 12:57:22,862 - INFO -   1991-06-07-deer-creek-music-center-noblesville-in-usa: tickets=2 (found), photos=0 (empty)
2026-02-15 12:57:22,862 - INFO - Progress: 2000/2313 shows (2000 processed, 0 skipped, 0 errors) — 2787 shows/hour
2026-02-15 12:57:23,838 - INFO -   1991-06-09-buckeye-lake-music-center-hebron-oh-usa: tickets=2 (found), photos=0 (empty)
2026-02-15 12:57:24,851 - INFO -   1991-06-11-charlotte-coliseum-charlotte-nc-usa: tickets=1 (found), photos=0 (empty)
2026-02-15 12:57:25,839 - INFO -   1991-06-12-charlotte-coliseum-charlotte-nc-usa: tickets=1 (found), photos=0 (empty)
2026-02-15 12:57:28,046 - INFO -   1991-06-14-robert-f-kennedy-stadium-washington-dc-usa: tickets=2 (found), photos=1 (found)
2026-02-15 12:57:28,861 - INFO -   1991-06-16-giants-stadium-east-rutherford-nj-usa: tickets=2 (found), photos=0 (empty)
2026-02-15 12:57:29,851 - INFO -   1991-06-17-giants-stadium-east-rutherford-nj-usa: tickets=2 (found), photos=0 (empty)
2026-02-15 12:57:30,830 - INFO -   1991-06-19-pine-knob-music-theater-clarkston-mi-usa: tickets=2 (found), photos=0 (empty)
2026-02-15 12:57:31,845 - INFO -   1991-06-20-pine-knob-music-theater-clarkston-mi-usa: tickets=2 (found), photos=0 (empty)
2026-02-15 12:57:32,857 - INFO -   1991-06-22-soldier-field-chicago-il-usa: tickets=2 (found), photos=0 (empty)
2026-02-15 12:57:34,850 - INFO -   1991-06-25-sandstone-ampitheatre-bonner-springs-ks-usa: tickets=1 (found), photos=0 (empty)
2026-02-15 12:57:35,860 - INFO -   1991-06-28-mile-high-stadium-denver-co-usa: tickets=2 (found), photos=0 (empty)
2026-02-15 12:57:36,879 - INFO -   1991-08-12-cal-expo-sacramento-ca-usa: tickets=2 (found), photos=0 (empty)
2026-02-15 12:57:37,853 - INFO -   1991-08-13-cal-expo-sacramento-ca-usa: tickets=2 (found), photos=0 (empty)
2026-02-15 12:57:38,854 - INFO -   1991-08-14-cal-expo-sacramento-ca-usa: tickets=2 (found), photos=0 (empty)
2026-02-15 12:57:40,689 - INFO -   1991-08-16-shoreline-amphitheatre-mountain-view-ca-usa: tickets=1 (found), photos=1 (found)
2026-02-15 12:57:41,855 - INFO -   1991-08-17-shoreline-amphitheatre-mountain-view-ca-usa: tickets=1 (found), photos=0 (empty)
2026-02-15 12:57:42,864 - INFO -   1991-08-18-shoreline-amphitheatre-mountain-view-ca-usa: tickets=1 (found), photos=0 (empty)
2026-02-15 12:57:43,838 - INFO -   1991-09-04-richfield-coliseum-richfield-oh-usa: tickets=2 (found), photos=0 (empty)
2026-02-15 12:57:44,854 - INFO -   1991-09-05-richfield-coliseum-richfield-oh-usa: tickets=2 (found), photos=0 (empty)
2026-02-15 12:57:45,865 - INFO -   1991-09-06-richfield-coliseum-richfield-oh-usa: tickets=2 (found), photos=0 (empty)
2026-02-15 12:57:46,847 - INFO -   1991-09-08-madison-square-garden-new-york-ny-usa: tickets=2 (found), photos=0 (empty)
2026-02-15 12:57:47,847 - INFO -   1991-09-09-madison-square-garden-new-york-ny-usa: tickets=2 (found), photos=0 (empty)
2026-02-15 12:57:48,851 - INFO -   1991-09-10-madison-square-garden-new-york-ny-usa: tickets=2 (found), photos=0 (empty)
2026-02-15 12:57:49,861 - INFO -   1991-09-12-madison-square-garden-new-york-ny-usa: tickets=2 (found), photos=0 (empty)
2026-02-15 12:57:50,833 - INFO -   1991-09-13-madison-square-garden-new-york-ny-usa: tickets=2 (found), photos=0 (empty)
2026-02-15 12:57:51,854 - INFO -   1991-09-14-madison-square-garden-new-york-ny-usa: tickets=2 (found), photos=0 (empty)
2026-02-15 12:57:52,843 - INFO -   1991-09-16-madison-square-garden-new-york-ny-usa: tickets=2 (found), photos=0 (empty)
2026-02-15 12:57:53,852 - INFO -   1991-09-17-madison-square-garden-new-york-ny-usa: tickets=2 (found), photos=0 (empty)
2026-02-15 12:57:54,842 - INFO -   1991-09-18-madison-square-garden-new-york-ny-usa: tickets=2 (found), photos=0 (empty)
2026-02-15 12:57:55,841 - INFO -   1991-09-20-boston-garden-boston-ma-usa: tickets=2 (found), photos=0 (empty)
2026-02-15 12:57:56,872 - INFO -   1991-09-21-boston-garden-boston-ma-usa: tickets=2 (found), photos=0 (empty)
2026-02-15 12:57:57,865 - INFO -   1991-09-22-boston-garden-boston-ma-usa: tickets=2 (found), photos=0 (empty)
2026-02-15 12:57:58,850 - INFO -   1991-09-24-boston-garden-boston-ma-usa: tickets=2 (found), photos=0 (empty)
2026-02-15 12:57:59,851 - INFO -   1991-09-25-boston-garden-boston-ma-usa: tickets=2 (found), photos=0 (empty)
2026-02-15 12:58:00,836 - INFO -   1991-09-26-boston-garden-boston-ma-usa: tickets=2 (found), photos=0 (empty)
2026-02-15 12:58:01,866 - INFO -   1991-10-27-oakland-alameda-county-coliseum-oakland-ca-usa: tickets=2 (found), photos=0 (empty)
2026-02-15 12:58:02,846 - INFO -   1991-10-28-oakland-alameda-county-coliseum-oakland-ca-usa: tickets=2 (found), photos=0 (empty)
2026-02-15 12:58:03,862 - INFO -   1991-10-30-oakland-alameda-county-coliseum-oakland-ca-usa: tickets=2 (found), photos=0 (empty)
2026-02-15 12:58:04,873 - INFO -   1991-10-31-oakland-alameda-county-coliseum-oakland-ca-usa: tickets=2 (found), photos=0 (empty)
2026-02-15 12:58:06,842 - INFO -   1991-12-27-oakland-alameda-county-coliseum-oakland-ca-usa: tickets=2 (found), photos=0 (empty)
2026-02-15 12:58:07,861 - INFO -   1991-12-28-oakland-alameda-county-coliseum-oakland-ca-usa: tickets=2 (found), photos=0 (empty)
2026-02-15 12:58:08,847 - INFO -   1991-12-30-oakland-alameda-county-coliseum-oakland-ca-usa: tickets=2 (found), photos=0 (empty)
2026-02-15 12:58:09,829 - INFO -   1991-12-31-oakland-alameda-county-coliseum-oakland-ca-usa: tickets=2 (found), photos=0 (empty)
2026-02-15 12:58:10,818 - INFO -   1992-02-22-oakland-alameda-county-coliseum-oakland-ca-usa: tickets=1 (found), photos=0 (empty)
2026-02-15 12:58:11,837 - INFO -   1992-02-23-oakland-alameda-county-coliseum-oakland-ca-usa: tickets=1 (found), photos=0 (empty)
2026-02-15 12:58:12,843 - INFO -   1992-02-24-oakland-alameda-county-coliseum-oakland-ca-usa: tickets=2 (found), photos=0 (empty)
2026-02-15 12:58:13,868 - INFO -   1992-03-01-the-omni-atlanta-ga-usa: tickets=2 (found), photos=0 (empty)
2026-02-15 12:58:14,872 - INFO -   1992-03-02-the-omni-atlanta-ga-usa: tickets=2 (found), photos=0 (empty)
2026-02-15 12:58:14,872 - INFO - Progress: 2050/2313 shows (2050 processed, 0 skipped, 0 errors) — 2800 shows/hour
2026-02-15 12:58:15,863 - INFO -   1992-03-03-the-omni-atlanta-ga-usa: tickets=2 (found), photos=0 (empty)
2026-02-15 12:58:16,863 - INFO -   1992-03-05-hampton-coliseum-hampton-va-usa: tickets=2 (found), photos=0 (empty)
2026-02-15 12:58:17,870 - INFO -   1992-03-06-hampton-coliseum-hampton-va-usa: tickets=2 (found), photos=0 (empty)
2026-02-15 12:58:18,843 - INFO -   1992-03-08-capitol-centre-landover-md-usa: tickets=2 (found), photos=0 (empty)
2026-02-15 12:58:19,865 - INFO -   1992-03-09-capitol-centre-landover-md-usa: tickets=2 (found), photos=0 (empty)
2026-02-15 12:58:20,821 - INFO -   1992-03-11-nassau-coliseum-uniondale-ny-usa: tickets=2 (found), photos=0 (empty)
2026-02-15 12:58:21,848 - INFO -   1992-03-12-nassau-coliseum-uniondale-ny-usa: tickets=2 (found), photos=0 (empty)
2026-02-15 12:58:22,896 - INFO -   1992-03-13-nassau-coliseum-uniondale-ny-usa: tickets=1 (found), photos=0 (empty)
2026-02-15 12:58:23,874 - INFO -   1992-03-16-the-spectrum-philadelphia-pa-usa: tickets=2 (found), photos=0 (empty)
2026-02-15 12:58:24,844 - INFO -   1992-03-17-the-spectrum-philadelphia-pa-usa: tickets=2 (found), photos=0 (empty)
2026-02-15 12:58:25,849 - INFO -   1992-03-18-the-spectrum-philadelphia-pa-usa: tickets=2 (found), photos=0 (empty)
2026-02-15 12:58:26,885 - INFO -   1992-03-20-copps-coliseum-hamilton-ontario-canada: tickets=2 (found), photos=0 (empty)
2026-02-15 12:58:27,848 - INFO -   1992-03-21-copps-coliseum-hamilton-ontario-canada: tickets=2 (found), photos=0 (empty)
2026-02-15 12:58:28,849 - INFO -   1992-03-23-the-palace-auburn-hills-mi-usa: tickets=2 (found), photos=0 (empty)
2026-02-15 12:58:29,851 - INFO -   1992-03-24-the-palace-auburn-hills-mi-usa: tickets=2 (found), photos=0 (empty)
2026-02-15 12:58:32,095 - INFO -   1992-05-19-cal-expo-sacramento-ca-usa: tickets=2 (found), photos=1 (found)
2026-02-15 12:58:32,856 - INFO -   1992-05-20-cal-expo-sacramento-ca-usa: tickets=2 (found), photos=0 (empty)
2026-02-15 12:58:33,851 - INFO -   1992-05-21-cal-expo-sacramento-ca-usa: tickets=2 (found), photos=0 (empty)
2026-02-15 12:58:34,849 - INFO -   1992-05-23-shoreline-amphitheatre-mountain-view-ca-usa: tickets=2 (found), photos=0 (empty)
2026-02-15 12:58:35,852 - INFO -   1992-05-24-shoreline-amphitheatre-mountain-view-ca-usa: tickets=1 (found), photos=0 (empty)
2026-02-15 12:58:36,843 - INFO -   1992-05-25-shoreline-amphitheatre-mountain-view-ca-usa: tickets=1 (found), photos=0 (empty)
2026-02-15 12:58:37,850 - INFO -   1992-05-29-sam-boyd-silver-bowl-u-n-l-v-las-vegas-nv-usa: tickets=2 (found), photos=0 (empty)
2026-02-15 12:58:38,852 - INFO -   1992-05-30-sam-boyd-silver-bowl-u-n-l-v-las-vegas-nv-usa: tickets=2 (found), photos=0 (empty)
2026-02-15 12:58:39,855 - INFO -   1992-05-31-sam-boyd-silver-bowl-u-n-l-v-las-vegas-nv-usa: tickets=2 (found), photos=0 (empty)
2026-02-15 12:58:44,971 - INFO -   1992-06-06-rich-stadium-buffalo-ny-usa: tickets=2 (found), photos=4 (found)
2026-02-15 12:58:45,848 - INFO -   1992-06-08-richfield-coliseum-richfield-oh-usa: tickets=2 (found), photos=0 (empty)
2026-02-15 12:58:46,851 - INFO -   1992-06-09-richfield-coliseum-richfield-oh-usa: tickets=2 (found), photos=0 (empty)
2026-02-15 12:58:47,857 - INFO -   1992-06-11-knickerbocker-arena-albany-ny-usa: tickets=2 (found), photos=0 (empty)
2026-02-15 12:58:48,844 - INFO -   1992-06-12-knickerbocker-arena-albany-ny-usa: tickets=2 (found), photos=0 (empty)
2026-02-15 12:58:49,840 - INFO -   1992-06-14-giants-stadium-east-rutherford-nj-usa: tickets=2 (found), photos=0 (empty)
2026-02-15 12:58:50,820 - INFO -   1992-06-15-giants-stadium-east-rutherford-nj-usa: tickets=2 (found), photos=0 (empty)
2026-02-15 12:58:51,841 - INFO -   1992-06-17-charlotte-coliseum-charlotte-nc-usa: tickets=2 (found), photos=0 (empty)
2026-02-15 12:58:52,867 - INFO -   1992-06-18-charlotte-coliseum-charlotte-nc-usa: tickets=2 (found), photos=0 (empty)
2026-02-15 12:58:53,860 - INFO -   1992-06-20-robert-f-kennedy-stadium-washington-dc-usa: tickets=2 (found), photos=0 (empty)
2026-02-15 12:58:54,864 - INFO -   1992-06-22-star-lake-ampitheater-burgettstown-pa-usa: tickets=2 (found), photos=0 (empty)
2026-02-15 12:58:55,903 - INFO -   1992-06-23-star-lake-ampitheater-burgettstown-pa-usa: tickets=2 (found), photos=0 (empty)
2026-02-15 12:58:57,042 - INFO -   1992-06-25-soldier-field-chicago-il-usa: tickets=2 (found), photos=0 (empty)
2026-02-15 12:58:57,856 - INFO -   1992-06-26-soldier-field-chicago-il-usa: tickets=2 (found), photos=0 (empty)
2026-02-15 12:58:58,851 - INFO -   1992-06-28-deer-creek-music-center-noblesville-in-usa: tickets=2 (found), photos=0 (empty)
2026-02-15 12:58:59,849 - INFO -   1992-06-29-deer-creek-music-center-noblesville-in-usa: tickets=2 (found), photos=0 (empty)
2026-02-15 12:59:00,854 - INFO -   1992-07-01-buckeye-lake-music-center-hebron-oh-usa: tickets=2 (found), photos=0 (empty)
2026-02-15 12:59:01,850 - INFO -   1992-12-02-mcnichols-sports-arena-denver-co-usa: tickets=1 (found), photos=0 (empty)
2026-02-15 12:59:02,921 - INFO -   1992-12-03-mcnichols-sports-arena-denver-co-usa: tickets=2 (found), photos=0 (empty)
2026-02-15 12:59:03,851 - INFO -   1992-12-05-compton-terrace-amphitheatre-tempe-az-usa: tickets=1 (found), photos=0 (empty)
2026-02-15 12:59:04,854 - INFO -   1992-12-06-compton-terrace-amphitheatre-tempe-az-usa: tickets=2 (found), photos=0 (empty)
2026-02-15 12:59:06,686 - INFO -   1992-12-11-oakland-alameda-county-coliseum-oakland-ca-usa: tickets=2 (found), photos=1 (found)
2026-02-15 12:59:08,685 - INFO -   1992-12-12-oakland-alameda-county-coliseum-oakland-ca-usa: tickets=1 (found), photos=1 (found)
2026-02-15 12:59:10,684 - INFO -   1992-12-13-oakland-alameda-county-coliseum-oakland-ca-usa: tickets=1 (found), photos=1 (found)
2026-02-15 12:59:12,687 - INFO -   1992-12-16-oakland-alameda-county-coliseum-oakland-ca-usa: tickets=2 (found), photos=1 (found)
2026-02-15 12:59:14,678 - INFO -   1992-12-17-oakland-alameda-county-coliseum-oakland-ca-usa: tickets=2 (found), photos=1 (found)
2026-02-15 12:59:14,678 - INFO - Progress: 2100/2313 shows (2100 processed, 0 skipped, 0 errors) — 2805 shows/hour
2026-02-15 12:59:15,846 - INFO -   1993-01-24-oakland-alameda-county-coliseum-oakland-ca-usa: tickets=2 (found), photos=0 (empty)
2026-02-15 12:59:17,154 - INFO -   1993-01-25-oakland-alameda-county-coliseum-oakland-ca-usa: tickets=1 (found), photos=0 (empty)
2026-02-15 12:59:18,350 - INFO -   1993-01-26-oakland-alameda-county-coliseum-oakland-ca-usa: tickets=2 (found), photos=0 (empty)
2026-02-15 12:59:19,243 - INFO -   1993-02-21-oakland-alameda-county-coliseum-oakland-ca-usa: tickets=2 (found), photos=0 (empty)
2026-02-15 12:59:20,041 - INFO -   1993-02-22-oakland-alameda-county-coliseum-oakland-ca-usa: tickets=2 (found), photos=0 (empty)
2026-02-15 12:59:21,052 - INFO -   1993-02-23-oakland-alameda-county-coliseum-oakland-ca-usa: tickets=2 (found), photos=0 (empty)
2026-02-15 12:59:22,244 - INFO -   1993-03-09-rosemont-horizon-rosemont-il-usa: tickets=2 (found), photos=0 (empty)
2026-02-15 12:59:23,156 - INFO -   1993-03-10-rosemont-horizon-rosemont-il-usa: tickets=2 (found), photos=0 (empty)
2026-02-15 12:59:24,159 - INFO -   1993-03-11-rosemont-horizon-rosemont-il-usa: tickets=2 (found), photos=0 (empty)
2026-02-15 12:59:24,847 - INFO -   1993-03-14-richfield-coliseum-richfield-oh-usa: tickets=2 (found), photos=0 (empty)
2026-02-15 12:59:25,864 - INFO -   1993-03-16-capitol-centre-landover-md-usa: tickets=2 (found), photos=0 (empty)
2026-02-15 12:59:26,871 - INFO -   1993-03-17-capitol-centre-landover-md-usa: tickets=2 (found), photos=0 (empty)
2026-02-15 12:59:27,859 - INFO -   1993-03-18-capitol-centre-landover-md-usa: tickets=2 (found), photos=0 (empty)
2026-02-15 12:59:28,861 - INFO -   1993-03-20-the-omni-atlanta-ga-usa: tickets=2 (found), photos=0 (empty)
2026-02-15 12:59:29,860 - INFO -   1993-03-21-the-omni-atlanta-ga-usa: tickets=2 (found), photos=0 (empty)
2026-02-15 12:59:30,849 - INFO -   1993-03-22-the-omni-atlanta-ga-usa: tickets=2 (found), photos=0 (empty)
2026-02-15 12:59:31,847 - INFO -   1993-03-24-dean-smith-center-chapel-hill-nc-usa: tickets=2 (found), photos=0 (empty)
2026-02-15 12:59:34,146 - INFO -   1993-03-25-dean-smith-center-chapel-hill-nc-usa: tickets=2 (found), photos=1 (found)
2026-02-15 12:59:34,857 - INFO -   1993-03-27-knickerbocker-arena-albany-ny-usa: tickets=2 (found), photos=0 (empty)
2026-02-15 12:59:35,872 - INFO -   1993-03-28-knickerbocker-arena-albany-ny-usa: tickets=2 (found), photos=0 (empty)
2026-02-15 12:59:36,887 - INFO -   1993-03-29-knickerbocker-arena-albany-ny-usa: tickets=2 (found), photos=0 (empty)
2026-02-15 12:59:37,888 - INFO -   1993-03-31-nassau-coliseum-uniondale-ny-usa: tickets=2 (found), photos=0 (empty)
2026-02-15 12:59:38,867 - INFO -   1993-04-01-nassau-coliseum-uniondale-ny-usa: tickets=2 (found), photos=0 (empty)
2026-02-15 12:59:39,890 - INFO -   1993-04-02-nassau-coliseum-uniondale-ny-usa: tickets=2 (found), photos=0 (empty)
2026-02-15 12:59:40,879 - INFO -   1993-04-04-nassau-coliseum-uniondale-ny-usa: tickets=2 (found), photos=0 (empty)
2026-02-15 12:59:41,881 - INFO -   1993-04-05-nassau-coliseum-uniondale-ny-usa: tickets=2 (found), photos=0 (empty)
2026-02-15 12:59:42,884 - INFO -   1993-05-14-sam-boyd-silver-bowl-u-n-l-v-las-vegas-nv-usa: tickets=2 (found), photos=0 (empty)
2026-02-15 12:59:43,861 - INFO -   1993-05-15-sam-boyd-silver-bowl-u-n-l-v-las-vegas-nv-usa: tickets=2 (found), photos=0 (empty)
2026-02-15 12:59:44,852 - INFO -   1993-05-16-sam-boyd-silver-bowl-u-n-l-v-las-vegas-nv-usa: tickets=2 (found), photos=0 (empty)
2026-02-15 12:59:45,855 - INFO -   1993-05-21-shoreline-amphitheatre-mountain-view-ca-usa: tickets=2 (found), photos=0 (empty)
2026-02-15 12:59:46,852 - INFO -   1993-05-22-shoreline-amphitheatre-mountain-view-ca-usa: tickets=2 (found), photos=0 (empty)
2026-02-15 12:59:47,885 - INFO -   1993-05-23-shoreline-amphitheatre-mountain-view-ca-usa: tickets=2 (found), photos=0 (empty)
2026-02-15 12:59:48,863 - INFO -   1993-05-25-cal-expo-sacramento-ca-usa: tickets=2 (found), photos=0 (empty)
2026-02-15 12:59:49,926 - INFO -   1993-05-26-cal-expo-sacramento-ca-usa: tickets=2 (found), photos=0 (empty)
2026-02-15 12:59:51,876 - INFO -   1993-06-05-giants-stadium-east-rutherford-nj-usa: tickets=2 (found), photos=0 (empty)
2026-02-15 12:59:54,172 - INFO -   1993-06-06-giants-stadium-east-rutherford-nj-usa: tickets=2 (found), photos=1 (found)
2026-02-15 12:59:54,853 - INFO -   1993-06-08-the-palace-auburn-hills-mi-usa: tickets=2 (found), photos=0 (empty)
2026-02-15 12:59:55,886 - INFO -   1993-06-09-the-palace-auburn-hills-mi-usa: tickets=2 (found), photos=0 (empty)
2026-02-15 12:59:56,880 - INFO -   1993-06-11-buckeye-lake-music-center-hebron-oh-usa: tickets=2 (found), photos=0 (empty)
2026-02-15 12:59:57,905 - INFO -   1993-06-13-rich-stadium-buffalo-ny-usa: tickets=2 (found), photos=0 (empty)
2026-02-15 12:59:58,852 - INFO -   1993-06-15-freedom-hall-louisville-ky-usa: tickets=2 (found), photos=0 (empty)
2026-02-15 12:59:59,848 - INFO -   1993-06-16-freedom-hall-louisville-ky-usa: tickets=2 (found), photos=0 (empty)
2026-02-15 13:00:00,857 - INFO -   1993-06-18-soldier-field-chicago-il-usa: tickets=2 (found), photos=0 (empty)
2026-02-15 13:00:02,691 - INFO -   1993-06-19-soldier-field-chicago-il-usa: tickets=2 (found), photos=1 (found)
2026-02-15 13:00:03,894 - INFO -   1993-06-21-deer-creek-music-center-noblesville-in-usa: tickets=2 (found), photos=0 (empty)
2026-02-15 13:00:04,926 - INFO -   1993-06-22-deer-creek-music-center-noblesville-in-usa: tickets=2 (found), photos=0 (empty)
2026-02-15 13:00:05,891 - INFO -   1993-06-23-deer-creek-music-center-noblesville-in-usa: tickets=2 (found), photos=0 (empty)
2026-02-15 13:00:06,923 - INFO -   1993-06-25-robert-f-kennedy-stadium-washington-dc-usa: tickets=2 (found), photos=0 (empty)
2026-02-15 13:00:09,084 - INFO -   1993-06-26-robert-f-kennedy-stadium-washington-dc-usa: tickets=3 (found), photos=1 (found)
2026-02-15 13:00:09,084 - INFO - Progress: 2150/2313 shows (2150 processed, 0 skipped, 0 errors) — 2815 shows/hour
2026-02-15 13:00:09,869 - INFO -   1993-08-21-autzen-stadium-u-of-oregon-eugene-or-usa: tickets=3 (found), photos=0 (empty)
2026-02-15 13:00:10,881 - INFO -   1993-08-22-autzen-stadium-u-of-oregon-eugene-or-usa: tickets=2 (found), photos=0 (empty)
2026-02-15 13:00:11,866 - INFO -   1993-08-25-shoreline-amphitheatre-mountain-view-ca-usa: tickets=2 (found), photos=0 (empty)
2026-02-15 13:00:12,892 - INFO -   1993-08-26-shoreline-amphitheatre-mountain-view-ca-usa: tickets=2 (found), photos=0 (empty)
2026-02-15 13:00:13,870 - INFO -   1993-08-27-shoreline-amphitheatre-mountain-view-ca-usa: tickets=2 (found), photos=0 (empty)
2026-02-15 13:00:14,882 - INFO -   1993-09-08-richfield-coliseum-richfield-oh-usa: tickets=2 (found), photos=0 (empty)
2026-02-15 13:00:15,880 - INFO -   1993-09-09-richfield-coliseum-richfield-oh-usa: tickets=2 (found), photos=0 (empty)
2026-02-15 13:00:16,880 - INFO -   1993-09-10-richfield-coliseum-richfield-oh-usa: tickets=2 (found), photos=0 (empty)
2026-02-15 13:00:17,865 - INFO -   1993-09-12-the-spectrum-philadelphia-pa-usa: tickets=2 (found), photos=0 (empty)
2026-02-15 13:00:18,874 - INFO -   1993-09-13-the-spectrum-philadelphia-pa-usa: tickets=2 (found), photos=0 (empty)
2026-02-15 13:00:19,854 - INFO -   1993-09-14-the-spectrum-philadelphia-pa-usa: tickets=2 (found), photos=0 (empty)
2026-02-15 13:00:20,852 - INFO -   1993-09-16-madison-square-garden-new-york-ny-usa: tickets=2 (found), photos=0 (empty)
2026-02-15 13:00:21,853 - INFO -   1993-09-17-madison-square-garden-new-york-ny-usa: tickets=2 (found), photos=0 (empty)
2026-02-15 13:00:22,878 - INFO -   1993-09-18-madison-square-garden-new-york-ny-usa: tickets=2 (found), photos=0 (empty)
2026-02-15 13:00:23,866 - INFO -   1993-09-20-madison-square-garden-new-york-ny-usa: tickets=2 (found), photos=0 (empty)
2026-02-15 13:00:24,845 - INFO -   1993-09-21-madison-square-garden-new-york-ny-usa: tickets=2 (found), photos=0 (empty)
2026-02-15 13:00:25,855 - INFO -   1993-09-22-madison-square-garden-new-york-ny-usa: tickets=2 (found), photos=0 (empty)
2026-02-15 13:00:26,865 - INFO -   1993-09-24-boston-garden-boston-ma-usa: tickets=2 (found), photos=0 (empty)
2026-02-15 13:00:27,867 - INFO -   1993-09-25-boston-garden-boston-ma-usa: tickets=2 (found), photos=0 (empty)
2026-02-15 13:00:28,859 - INFO -   1993-09-26-boston-garden-boston-ma-usa: tickets=2 (found), photos=0 (empty)
2026-02-15 13:00:29,868 - INFO -   1993-09-28-boston-garden-boston-ma-usa: tickets=2 (found), photos=0 (empty)
2026-02-15 13:00:30,873 - INFO -   1993-09-29-boston-garden-boston-ma-usa: tickets=2 (found), photos=0 (empty)
2026-02-15 13:00:31,857 - INFO -   1993-09-30-boston-garden-boston-ma-usa: tickets=2 (found), photos=0 (empty)
2026-02-15 13:00:32,867 - INFO -   1993-12-08-sports-arena-los-angeles-ca-usa: tickets=3 (found), photos=0 (empty)
2026-02-15 13:00:33,863 - INFO -   1993-12-09-sports-arena-los-angeles-ca-usa: tickets=1 (found), photos=0 (empty)
2026-02-15 13:00:34,869 - INFO -   1993-12-10-sports-arena-los-angeles-ca-usa: tickets=2 (found), photos=0 (empty)
2026-02-15 13:00:35,867 - INFO -   1993-12-12-san-diego-sports-arena-san-diego-ca-usa: tickets=2 (found), photos=0 (empty)
2026-02-15 13:00:36,861 - INFO -   1993-12-13-san-diego-sports-arena-san-diego-ca-usa: tickets=2 (found), photos=0 (empty)
2026-02-15 13:00:37,875 - INFO -   1993-12-17-oakland-alameda-county-coliseum-oakland-ca-usa: tickets=2 (found), photos=0 (empty)
2026-02-15 13:00:38,867 - INFO -   1993-12-18-oakland-alameda-county-coliseum-oakland-ca-usa: tickets=2 (found), photos=0 (empty)
2026-02-15 13:00:39,859 - INFO -   1993-12-19-oakland-alameda-county-coliseum-oakland-ca-usa: tickets=2 (found), photos=0 (empty)
2026-02-15 13:00:40,870 - INFO -   1994-02-25-oakland-alameda-county-coliseum-oakland-ca-usa: tickets=2 (found), photos=0 (empty)
2026-02-15 13:00:41,856 - INFO -   1994-02-26-oakland-alameda-county-coliseum-oakland-ca-usa: tickets=2 (found), photos=0 (empty)
2026-02-15 13:00:42,850 - INFO -   1994-02-27-oakland-alameda-county-coliseum-oakland-ca-usa: tickets=2 (found), photos=0 (empty)
2026-02-15 13:00:43,857 - INFO -   1994-03-04-desert-sky-pavilion-phoenix-az-usa: tickets=2 (found), photos=0 (empty)
2026-02-15 13:00:44,857 - INFO -   1994-03-05-desert-sky-pavilion-phoenix-az-usa: tickets=2 (found), photos=0 (empty)
2026-02-15 13:00:45,900 - INFO -   1994-03-06-desert-sky-pavilion-phoenix-az-usa: tickets=2 (found), photos=0 (empty)
2026-02-15 13:00:46,851 - INFO -   1994-03-16-rosemont-horizon-rosemont-il-usa: tickets=2 (found), photos=0 (empty)
2026-02-15 13:00:47,856 - INFO -   1994-03-17-rosemont-horizon-rosemont-il-usa: tickets=2 (found), photos=0 (empty)
2026-02-15 13:00:48,851 - INFO -   1994-03-18-rosemont-horizon-rosemont-il-usa: tickets=2 (found), photos=0 (empty)
2026-02-15 13:00:49,859 - INFO -   1994-03-20-richfield-coliseum-richfield-oh-usa: tickets=2 (found), photos=0 (empty)
2026-02-15 13:00:50,846 - INFO -   1994-03-21-richfield-coliseum-richfield-oh-usa: tickets=2 (found), photos=0 (empty)
2026-02-15 13:00:51,852 - INFO -   1994-03-23-nassau-coliseum-uniondale-ny-usa: tickets=2 (found), photos=0 (empty)
2026-02-15 13:00:52,879 - INFO -   1994-03-24-nassau-coliseum-uniondale-ny-usa: tickets=2 (found), photos=0 (empty)
2026-02-15 13:00:53,876 - INFO -   1994-03-25-nassau-coliseum-uniondale-ny-usa: tickets=2 (found), photos=0 (empty)
2026-02-15 13:00:54,849 - INFO -   1994-03-27-nassau-coliseum-uniondale-ny-usa: tickets=2 (found), photos=0 (empty)
2026-02-15 13:00:55,860 - INFO -   1994-03-28-nassau-coliseum-uniondale-ny-usa: tickets=2 (found), photos=0 (empty)
2026-02-15 13:00:56,867 - INFO -   1994-03-30-the-omni-atlanta-ga-usa: tickets=2 (found), photos=0 (empty)
2026-02-15 13:00:57,861 - INFO -   1994-03-31-the-omni-atlanta-ga-usa: tickets=2 (found), photos=0 (empty)
2026-02-15 13:00:58,871 - INFO -   1994-04-01-the-omni-atlanta-ga-usa: tickets=2 (found), photos=0 (empty)
2026-02-15 13:00:58,871 - INFO - Progress: 2200/2313 shows (2200 processed, 0 skipped, 0 errors) — 2829 shows/hour
2026-02-15 13:00:59,868 - INFO -   1994-04-04-sports-arena-orlando-fl-usa: tickets=2 (found), photos=0 (empty)
2026-02-15 13:01:00,868 - INFO -   1994-04-06-miami-arena-miami-fl-usa: tickets=2 (found), photos=0 (empty)
2026-02-15 13:01:01,901 - INFO -   1994-04-07-miami-arena-miami-fl-usa: tickets=2 (found), photos=0 (empty)
2026-02-15 13:01:02,857 - INFO -   1994-04-08-miami-arena-miami-fl-usa: tickets=1 (found), photos=0 (empty)
2026-02-15 13:01:04,698 - INFO -   1994-06-08-cal-expo-sacramento-ca-usa: tickets=2 (found), photos=1 (found)
2026-02-15 13:01:05,859 - INFO -   1994-06-09-cal-expo-sacramento-ca-usa: tickets=2 (found), photos=0 (empty)
2026-02-15 13:01:06,882 - INFO -   1994-06-10-cal-expo-sacramento-ca-usa: tickets=3 (found), photos=0 (empty)
2026-02-15 13:01:07,848 - INFO -   1994-06-13-memorial-stadium-seattle-wa-usa: tickets=2 (found), photos=0 (empty)
2026-02-15 13:01:08,844 - INFO -   1994-06-14-memorial-stadium-seattle-wa-usa: tickets=2 (found), photos=0 (empty)
2026-02-15 13:01:09,865 - INFO -   1994-06-17-autzen-stadium-u-of-oregon-eugene-or-usa: tickets=2 (found), photos=0 (empty)
2026-02-15 13:01:10,853 - INFO -   1994-06-18-autzen-stadium-u-of-oregon-eugene-or-usa: tickets=2 (found), photos=0 (empty)
2026-02-15 13:01:11,863 - INFO -   1994-06-19-autzen-stadium-u-of-oregon-eugene-or-usa: tickets=2 (found), photos=0 (empty)
2026-02-15 13:01:12,859 - INFO -   1994-06-24-sam-boyd-silver-bowl-u-n-l-v-las-vegas-nv-usa: tickets=2 (found), photos=0 (empty)
2026-02-15 13:01:13,863 - INFO -   1994-06-25-sam-boyd-silver-bowl-u-n-l-v-las-vegas-nv-usa: tickets=2 (found), photos=0 (empty)
2026-02-15 13:01:14,856 - INFO -   1994-06-26-sam-boyd-silver-bowl-u-n-l-v-las-vegas-nv-usa: tickets=2 (found), photos=0 (empty)
2026-02-15 13:01:15,865 - INFO -   1994-07-01-shoreline-amphitheatre-mountain-view-ca-usa: tickets=2 (found), photos=0 (empty)
2026-02-15 13:01:16,862 - INFO -   1994-07-02-shoreline-amphitheatre-mountain-view-ca-usa: tickets=2 (found), photos=0 (empty)
2026-02-15 13:01:17,852 - INFO -   1994-07-03-shoreline-amphitheatre-mountain-view-ca-usa: tickets=2 (found), photos=0 (empty)
2026-02-15 13:01:20,137 - INFO -   1994-07-13-franklin-county-airport-highgate-vt-usa: tickets=2 (found), photos=1 (found)
2026-02-15 13:01:20,857 - INFO -   1994-07-16-robert-f-kennedy-stadium-washington-dc-usa: tickets=2 (found), photos=0 (empty)
2026-02-15 13:01:21,855 - INFO -   1994-07-17-robert-f-kennedy-stadium-washington-dc-usa: tickets=2 (found), photos=0 (empty)
2026-02-15 13:01:22,863 - INFO -   1994-07-19-deer-creek-music-center-noblesville-in-usa: tickets=2 (found), photos=0 (empty)
2026-02-15 13:01:23,867 - INFO -   1994-07-20-deer-creek-music-center-noblesville-in-usa: tickets=2 (found), photos=0 (empty)
2026-02-15 13:01:24,845 - INFO -   1994-07-21-deer-creek-music-center-noblesville-in-usa: tickets=2 (found), photos=0 (empty)
2026-02-15 13:01:25,858 - INFO -   1994-07-23-soldier-field-chicago-il-usa: tickets=2 (found), photos=0 (empty)
2026-02-15 13:01:26,855 - INFO -   1994-07-24-soldier-field-chicago-il-usa: tickets=2 (found), photos=0 (empty)
2026-02-15 13:01:27,867 - INFO -   1994-07-26-riverport-amphitheatre-maryland-heights-mo-usa: tickets=2 (found), photos=0 (empty)
2026-02-15 13:01:28,854 - INFO -   1994-07-27-riverport-amphitheatre-maryland-heights-mo-usa: tickets=2 (found), photos=0 (empty)
2026-02-15 13:01:29,846 - INFO -   1994-07-29-buckeye-lake-music-center-hebron-oh-usa: tickets=2 (found), photos=0 (empty)
2026-02-15 13:01:30,852 - INFO -   1994-07-31-the-palace-auburn-hills-mi-usa: tickets=2 (found), photos=0 (empty)
2026-02-15 13:01:31,883 - INFO -   1994-08-01-the-palace-auburn-hills-mi-usa: tickets=2 (found), photos=0 (empty)
2026-02-15 13:01:32,866 - INFO -   1994-08-03-giants-stadium-east-rutherford-nj-usa: tickets=2 (found), photos=0 (empty)
2026-02-15 13:01:33,872 - INFO -   1994-08-04-giants-stadium-east-rutherford-nj-usa: tickets=2 (found), photos=0 (empty)
2026-02-15 13:01:34,857 - INFO -   1994-09-16-shoreline-amphitheatre-mountain-view-ca-usa: tickets=3 (found), photos=0 (empty)
2026-02-15 13:01:35,891 - INFO -   1994-09-17-shoreline-amphitheatre-mountain-view-ca-usa: tickets=1 (found), photos=0 (empty)
2026-02-15 13:01:36,854 - INFO -   1994-09-18-shoreline-amphitheatre-mountain-view-ca-usa: tickets=2 (found), photos=0 (empty)
2026-02-15 13:01:38,853 - INFO -   1994-09-27-boston-garden-boston-ma-usa: tickets=2 (found), photos=0 (empty)
2026-02-15 13:01:39,866 - INFO -   1994-09-28-boston-garden-boston-ma-usa: tickets=2 (found), photos=0 (empty)
2026-02-15 13:01:40,893 - INFO -   1994-09-29-boston-garden-boston-ma-usa: tickets=2 (found), photos=0 (empty)
2026-02-15 13:01:43,169 - INFO -   1994-10-01-boston-garden-boston-ma-usa: tickets=2 (found), photos=1 (found)
2026-02-15 13:01:43,860 - INFO -   1994-10-02-boston-garden-boston-ma-usa: tickets=2 (found), photos=0 (empty)
2026-02-15 13:01:44,862 - INFO -   1994-10-03-boston-garden-boston-ma-usa: tickets=2 (found), photos=0 (empty)
2026-02-15 13:01:45,861 - INFO -   1994-10-05-the-spectrum-philadelphia-pa-usa: tickets=2 (found), photos=0 (empty)
2026-02-15 13:01:46,867 - INFO -   1994-10-06-the-spectrum-philadelphia-pa-usa: tickets=2 (found), photos=0 (empty)
2026-02-15 13:01:47,853 - INFO -   1994-10-07-the-spectrum-philadelphia-pa-usa: tickets=2 (found), photos=0 (empty)
2026-02-15 13:01:48,864 - INFO -   1994-10-09-usair-arena-landover-md-usa: tickets=2 (found), photos=0 (empty)
2026-02-15 13:01:51,212 - INFO -   1994-10-10-usair-arena-landover-md-usa: tickets=2 (found), photos=1 (found)
2026-02-15 13:01:51,868 - INFO -   1994-10-11-usair-arena-landover-md-usa: tickets=2 (found), photos=0 (empty)
2026-02-15 13:01:52,870 - INFO -   1994-10-13-madison-square-garden-new-york-ny-usa: tickets=2 (found), photos=0 (empty)
2026-02-15 13:01:52,870 - INFO - Progress: 2250/2313 shows (2250 processed, 0 skipped, 0 errors) — 2838 shows/hour
2026-02-15 13:01:53,891 - INFO -   1994-10-14-madison-square-garden-new-york-ny-usa: tickets=2 (found), photos=0 (empty)
2026-02-15 13:01:54,866 - INFO -   1994-10-15-madison-square-garden-new-york-ny-usa: tickets=2 (found), photos=0 (empty)
2026-02-15 13:01:55,887 - INFO -   1994-10-17-madison-square-garden-new-york-ny-usa: tickets=2 (found), photos=0 (empty)
2026-02-15 13:01:56,872 - INFO -   1994-10-18-madison-square-garden-new-york-ny-usa: tickets=3 (found), photos=0 (empty)
2026-02-15 13:01:57,888 - INFO -   1994-10-19-madison-square-garden-new-york-ny-usa: tickets=2 (found), photos=0 (empty)
2026-02-15 13:01:58,884 - INFO -   1994-11-29-mcnichols-sports-arena-denver-co-usa: tickets=2 (found), photos=0 (empty)
2026-02-15 13:01:59,882 - INFO -   1994-11-30-mcnichols-sports-arena-denver-co-usa: tickets=2 (found), photos=0 (empty)
2026-02-15 13:02:00,881 - INFO -   1994-12-01-mcnichols-sports-arena-denver-co-usa: tickets=2 (found), photos=0 (empty)
2026-02-15 13:02:01,888 - INFO -   1994-12-08-oakland-alameda-county-coliseum-oakland-ca-usa: tickets=2 (found), photos=0 (empty)
2026-02-15 13:02:02,895 - INFO -   1994-12-09-oakland-alameda-county-coliseum-oakland-ca-usa: tickets=2 (found), photos=0 (empty)
2026-02-15 13:02:04,064 - INFO -   1994-12-11-oakland-alameda-county-coliseum-oakland-ca-usa: tickets=2 (found), photos=0 (empty)
2026-02-15 13:02:04,877 - INFO -   1994-12-12-oakland-alameda-county-coliseum-oakland-ca-usa: tickets=2 (found), photos=0 (empty)
2026-02-15 13:02:07,209 - INFO -   1994-12-15-sports-arena-los-angeles-ca-usa: tickets=2 (found), photos=1 (found)
2026-02-15 13:02:08,753 - INFO -   1994-12-16-sports-arena-los-angeles-ca-usa: tickets=2 (found), photos=1 (found)
2026-02-15 13:02:09,880 - INFO -   1994-12-18-sports-arena-los-angeles-ca-usa: tickets=2 (found), photos=0 (empty)
2026-02-15 13:02:10,884 - INFO -   1994-12-19-sports-arena-los-angeles-ca-usa: tickets=2 (found), photos=0 (empty)
2026-02-15 13:02:11,872 - INFO -   1995-02-19-delta-center-salt-lake-city-ut-usa: tickets=2 (found), photos=0 (empty)
2026-02-15 13:02:12,902 - INFO -   1995-02-20-delta-center-salt-lake-city-ut-usa: tickets=2 (found), photos=0 (empty)
2026-02-15 13:02:13,878 - INFO -   1995-02-21-delta-center-salt-lake-city-ut-usa: tickets=2 (found), photos=0 (empty)
2026-02-15 13:02:14,865 - INFO -   1995-02-24-oakland-alameda-county-coliseum-oakland-ca-usa: tickets=2 (found), photos=0 (empty)
2026-02-15 13:02:15,880 - INFO -   1995-02-25-oakland-alameda-county-coliseum-oakland-ca-usa: tickets=2 (found), photos=0 (empty)
2026-02-15 13:02:16,873 - INFO -   1995-02-26-oakland-alameda-county-coliseum-oakland-ca-usa: tickets=2 (found), photos=0 (empty)
2026-02-15 13:02:17,865 - INFO -   1995-03-17-the-spectrum-philadelphia-pa-usa: tickets=2 (found), photos=0 (empty)
2026-02-15 13:02:18,854 - INFO -   1995-03-18-the-spectrum-philadelphia-pa-usa: tickets=2 (found), photos=0 (empty)
2026-02-15 13:02:19,867 - INFO -   1995-03-19-the-spectrum-philadelphia-pa-usa: tickets=2 (found), photos=0 (empty)
2026-02-15 13:02:20,896 - INFO -   1995-03-22-charlotte-coliseum-charlotte-nc-usa: tickets=2 (found), photos=0 (empty)
2026-02-15 13:02:21,876 - INFO -   1995-03-23-charlotte-coliseum-charlotte-nc-usa: tickets=2 (found), photos=0 (empty)
2026-02-15 13:02:22,870 - INFO -   1995-03-24-charlotte-coliseum-charlotte-nc-usa: tickets=2 (found), photos=0 (empty)
2026-02-15 13:02:23,868 - INFO -   1995-03-26-the-omni-atlanta-ga-usa: tickets=2 (found), photos=0 (empty)
2026-02-15 13:02:24,852 - INFO -   1995-03-27-the-omni-atlanta-ga-usa: tickets=2 (found), photos=0 (empty)
2026-02-15 13:02:25,857 - INFO -   1995-03-29-the-omni-atlanta-ga-usa: tickets=2 (found), photos=0 (empty)
2026-02-15 13:02:26,877 - INFO -   1995-03-30-the-omni-atlanta-ga-usa: tickets=2 (found), photos=0 (empty)
2026-02-15 13:02:27,895 - INFO -   1995-04-01-pyramid-arena-memphis-tn-usa: tickets=2 (found), photos=0 (empty)
2026-02-15 13:02:28,880 - INFO -   1995-04-02-pyramid-arena-memphis-tn-usa: tickets=2 (found), photos=0 (empty)
2026-02-15 13:02:29,894 - INFO -   1995-04-04-jefferson-civic-center-coliseum-birmingham-al-usa: tickets=2 (found), photos=0 (empty)
2026-02-15 13:02:32,265 - INFO -   1995-04-05-jefferson-civic-center-coliseum-birmingham-al-usa: tickets=2 (found), photos=1 (found)
2026-02-15 13:02:32,889 - INFO -   1995-04-07-tampa-stadium-tampa-fl-usa: tickets=2 (found), photos=0 (empty)
2026-02-15 13:02:33,857 - INFO -   1995-05-19-sam-boyd-silver-bowl-u-n-l-v-las-vegas-nv-usa: tickets=2 (found), photos=0 (empty)
2026-02-15 13:02:34,884 - INFO -   1995-05-20-sam-boyd-silver-bowl-u-n-l-v-las-vegas-nv-usa: tickets=2 (found), photos=0 (empty)
2026-02-15 13:02:35,889 - INFO -   1995-05-21-sam-boyd-silver-bowl-u-n-l-v-las-vegas-nv-usa: tickets=2 (found), photos=0 (empty)
2026-02-15 13:02:39,149 - INFO -   1995-05-24-memorial-stadium-seattle-wa-usa: tickets=2 (found), photos=2 (found)
2026-02-15 13:02:41,276 - INFO -   1995-05-25-memorial-stadium-seattle-wa-usa: tickets=2 (found), photos=1 (found)
2026-02-15 13:02:41,877 - INFO -   1995-05-26-memorial-stadium-seattle-wa-usa: tickets=3 (found), photos=0 (empty)
2026-02-15 13:02:42,867 - INFO -   1995-05-28-portland-meadows-portland-or-usa: tickets=2 (found), photos=0 (empty)
2026-02-15 13:02:43,889 - INFO -   1995-05-29-portland-meadows-portland-or-usa: tickets=2 (found), photos=0 (empty)
2026-02-15 13:02:46,742 - INFO -   1995-06-02-shoreline-amphitheatre-mountain-view-ca-usa: tickets=2 (found), photos=2 (found)
2026-02-15 13:02:47,889 - INFO -   1995-06-03-shoreline-amphitheatre-mountain-view-ca-usa: tickets=2 (found), photos=0 (empty)
2026-02-15 13:02:48,910 - INFO -   1995-06-04-shoreline-amphitheatre-mountain-view-ca-usa: tickets=2 (found), photos=0 (empty)
2026-02-15 13:02:49,886 - INFO -   1995-06-15-franklin-county-airport-highgate-vt-usa: tickets=2 (found), photos=0 (empty)
2026-02-15 13:02:50,882 - INFO -   1995-06-18-giants-stadium-east-rutherford-nj-usa: tickets=2 (found), photos=0 (empty)
2026-02-15 13:02:50,882 - INFO - Progress: 2300/2313 shows (2300 processed, 0 skipped, 0 errors) — 2844 shows/hour
2026-02-15 13:02:51,909 - INFO -   1995-06-19-giants-stadium-east-rutherford-nj-usa: tickets=2 (found), photos=0 (empty)
2026-02-15 13:02:52,879 - INFO -   1995-06-21-knickerbocker-arena-albany-ny-usa: tickets=2 (found), photos=0 (empty)
2026-02-15 13:02:53,906 - INFO -   1995-06-22-knickerbocker-arena-albany-ny-usa: tickets=2 (found), photos=0 (empty)
2026-02-15 13:02:54,902 - INFO -   1995-06-24-robert-f-kennedy-stadium-washington-dc-usa: tickets=2 (found), photos=0 (empty)
2026-02-15 13:02:55,902 - INFO -   1995-06-25-robert-f-kennedy-stadium-washington-dc-usa: tickets=2 (found), photos=0 (empty)
2026-02-15 13:02:56,898 - INFO -   1995-06-27-the-palace-auburn-hills-mi-usa: tickets=2 (found), photos=0 (empty)
2026-02-15 13:02:57,882 - INFO -   1995-06-28-the-palace-auburn-hills-mi-usa: tickets=2 (found), photos=0 (empty)
2026-02-15 13:03:00,246 - INFO -   1995-06-30-three-rivers-stadium-pittsburgh-pa-usa: tickets=2 (found), photos=1 (found)
2026-02-15 13:03:02,179 - INFO -   1995-07-02-deer-creek-music-center-noblesville-in-usa: tickets=2 (found), photos=1 (found)
2026-02-15 13:03:02,896 - INFO -   1995-07-05-riverport-amphitheatre-maryland-heights-mo-usa: tickets=2 (found), photos=0 (empty)
2026-02-15 13:03:03,901 - INFO -   1995-07-06-riverport-amphitheatre-maryland-heights-mo-usa: tickets=2 (found), photos=0 (empty)
2026-02-15 13:03:04,910 - INFO -   1995-07-08-soldier-field-chicago-il-usa: tickets=2 (found), photos=0 (empty)
2026-02-15 13:03:07,037 - INFO -   1995-07-09-soldier-field-chicago-il-usa: tickets=2 (found), photos=1 (found)
2026-02-15 13:03:07,038 - INFO - Progress: 2313/2313 shows (2313 processed, 0 skipped, 0 errors) — 2844 shows/hour
2026-02-15 13:03:07,038 - INFO - 
Image collection complete in 48.8 minutes
2026-02-15 13:03:07,038 - INFO -   Shows: 2313 processed, 0 skipped, 0 errors
2026-02-15 13:03:07,038 - INFO -   Tickets: 1429 found, 877 empty, 7 missing
2026-02-15 13:03:07,038 - INFO -   Photos: 491 found, 1815 empty, 7 missing
2026-02-15 13:03:07,038 - INFO -   Total images: 2370 tickets + 615 photos
2026-02-15 13:03:07,038 - INFO -   Downloaded: 2985 files
